schreibweise,beleg
Kath. Kirchengem.,Kirchengemeinde ohne Zusatz — nur über den Stadtteil der Adresse trennbar
Kath. Kirchengemde,Kirchengemeinde ohne Zusatz
Kath. Kirchengemeinde,Kirchengemeinde ohne Zusatz
Kath. Kirchengemein.,Kirchengemeinde ohne Zusatz
Kathol. Kirchengemeinde,Kirchengemeinde ohne Zusatz
Ev. Kirchengemeinde,Kirchengemeinde ohne Zusatz
Ev. Kirchengem.,Kirchengemeinde ohne Zusatz
Evang. Kirchengem.,Kirchengemeinde ohne Zusatz
Evang. Kirchengemeinde,Kirchengemeinde ohne Zusatz
Evgl. Kirchengem.,Kirchengemeinde ohne Zusatz
Evgl. Kirchengemeinde,Kirchengemeinde ohne Zusatz
Evangel. Kirchengemeinde,Kirchengemeinde ohne Zusatz
Evangel. Gemeinde,Gemeinde ohne Zusatz
Evang. Gemeinde,Gemeinde ohne Zusatz
Evangl. Gemeinde,Gemeinde ohne Zusatz
Kath. Pfarrgem.,Pfarrgemeinde ohne Zusatz
Kath. Pfarrgemeinde,Pfarrgemeinde ohne Zusatz
Herz-Jesu-Gemeinde,mehrere Herz-Jesu-Gemeinden in Essen
Herz-Jesu-Pfarre,mehrere Herz-Jesu-Gemeinden in Essen
