seite,bild,etikett
I-001,21,I. Teil:  1
I-002,22,I. Teil:  2
I-003,23,I. Teil:  3
I-004,24,I. Teil:  4
I-005,25,I. Teil:  5
I-006,26,I. Teil:  6
I-007,27,I. Teil:  7
I-008,28,I. Teil:  8
I-009,29,I. Teil:  9
I-010,30,I. Teil:  10
I-011,31,I. Teil:  11
I-012,32,I. Teil:  12
I-013,33,I. Teil:  13
I-014,34,I. Teil:  14
I-015,35,I. Teil:  15
I-016,36,I. Teil:  16
I-017,37,I. Teil:  17
I-018,38,I. Teil:  18
I-019,39,I. Teil:  19
I-020,40,I. Teil:  20
I-021,41,I. Teil:  21
I-022,42,I. Teil:  22
I-023,43,I. Teil:  23
I-024,44,I. Teil:  24
I-025,45,I. Teil:  25
I-026,46,I. Teil:  26
I-027,47,I. Teil:  27
I-028,48,I. Teil:  28
I-029,49,I. Teil:  29
I-030,50,I. Teil:  30
I-031,51,I. Teil:  31
I-032,52,I. Teil:  32
I-033,53,I. Teil:  33
I-034,54,I. Teil:  34
I-035,55,I. Teil:  35
I-036,56,I. Teil:  36
I-037,57,I. Teil:  37
I-038,58,I. Teil:  38
I-039,59,I. Teil:  39
I-040,60,I. Teil:  40
I-041,61,I. Teil:  41
I-042,62,I. Teil:  42
I-043,63,I. Teil:  43
I-044,64,I. Teil:  44
I-045,65,I. Teil:  45
I-046,66,I. Teil:  46
I-047,67,I. Teil:  47
I-048,68,I. Teil:  48
I-049,69,I. Teil:  49
I-050,70,I. Teil:  50
I-051,71,I. Teil:  51
I-052,72,I. Teil:  52
I-053,73,I. Teil:  53
I-054,74,I. Teil:  54
I-055,75,I. Teil:  55
I-056,76,I. Teil:  56
I-057,77,I. Teil:  57
I-058,78,I. Teil:  58
I-059,79,I. Teil:  59
I-060,80,I. Teil:  60
I-061,81,I. Teil:  61
I-062,82,I. Teil:  62
I-063,83,I. Teil:  63
I-064,84,I. Teil:  64
I-065,85,I. Teil:  65
I-066,86,I. Teil:  66
I-067,87,I. Teil:  67
I-068,88,I. Teil:  68
I-069,89,I. Teil:  69
I-070,90,I. Teil:  70
I-071,91,I. Teil:  71
I-072,92,I. Teil:  72
I-073,93,I. Teil:  73
I-074,94,I. Teil:  74
I-075,95,I. Teil:  75
I-076,96,I. Teil:  76
I-077,97,I. Teil:  77
I-078,98,I. Teil:  78
I-079,99,I. Teil:  79
I-080,100,I. Teil:  80
I-081,101,I. Teil:  81
I-082,102,I. Teil:  82
I-083,103,I. Teil:  83
I-084,104,I. Teil:  84
I-085,105,I. Teil:  85
I-086,106,I. Teil:  86
I-087,107,I. Teil:  87
I-088,108,I. Teil:  88
I-089,109,I. Teil:  89
I-090,110,I. Teil:  90
I-091,111,I. Teil:  91
I-092,112,I. Teil:  92
I-093,113,I. Teil:  93
I-094,114,I. Teil:  94
I-095,115,I. Teil:  95
I-096,116,I. Teil:  96
I-097,117,I. Teil:  97
I-098,118,I. Teil:  98
I-099,119,I. Teil:  99
I-100,120,I. Teil:  100
I-101,121,I. Teil:  101
I-102,122,I. Teil:  102
I-103,123,I. Teil:  103
I-104,124,I. Teil:  104
I-105,125,I. Teil:  105
I-106,126,I. Teil:  106
I-107,127,I. Teil:  107
I-108,128,I. Teil:  108
I-109,129,I. Teil:  109
I-110,130,I. Teil:  110
I-111,131,I. Teil:  111
I-112,132,I. Teil:  112
I-113,133,I. Teil:  113
I-114,134,I. Teil:  114
I-115,135,I. Teil:  115
I-116,136,I. Teil:  116
I-117,137,I. Teil:  117
I-118,138,I. Teil:  118
I-119,139,I. Teil:  119
I-120,140,I. Teil:  120
I-121,141,I. Teil:  121
I-122,142,I. Teil:  122
I-123,143,I. Teil:  123
I-124,144,I. Teil:  124
I-125,145,I. Teil:  125
I-126,146,I. Teil:  126
I-127,147,I. Teil:  127
I-128,148,I. Teil:  128
I-129,149,I. Teil:  129
I-130,150,I. Teil:  130
I-131,151,I. Teil:  131
I-132,152,I. Teil:  132
I-133,153,I. Teil:  133
I-134,154,I. Teil:  134
I-135,155,I. Teil:  135
I-136,156,I. Teil:  136
I-137,157,I. Teil:  137
I-138,158,I. Teil:  138
I-139,159,I. Teil:  139
I-140,160,I. Teil:  140
I-141,161,I. Teil:  141
I-142,162,I. Teil:  142
I-143,163,I. Teil:  143
I-144,164,I. Teil:  144
I-145,167,I. Teil:  145
I-146,168,I. Teil:  146
I-147,169,I. Teil:  147
I-148,170,I. Teil:  148
I-149,171,I. Teil:  149
I-150,172,I. Teil:  150
I-151,173,I. Teil:  151
I-152,174,I. Teil:  152
I-153,175,I. Teil:  153
I-154,176,I. Teil:  154
I-155,177,I. Teil:  155
I-156,178,I. Teil:  156
I-157,179,I. Teil:  157
I-158,180,I. Teil:  158
I-159,181,I. Teil:  159
I-160,182,I. Teil:  160
I-161,183,I. Teil:  161
I-162,184,I. Teil:  162
I-163,185,I. Teil:  163
I-164,186,I. Teil:  164
I-165,187,I. Teil:  165
I-166,188,I. Teil:  166
I-167,189,I. Teil:  167
I-168,190,I. Teil:  168
I-169,191,I. Teil:  169
I-170,192,I. Teil:  170
I-171,193,I. Teil:  171
I-172,194,I. Teil:  172
I-173,195,I. Teil:  173
I-174,196,I. Teil:  174
I-175,197,I. Teil:  175
I-176,198,I. Teil:  176
I-177,199,I. Teil:  177
I-178,200,I. Teil:  178
I-179,201,I. Teil:  179
I-180,202,I. Teil:  180
I-181,203,I. Teil:  181
I-182,204,I. Teil:  182
I-183,205,I. Teil:  183
I-184,206,I. Teil:  184
I-185,207,I. Teil:  185
I-186,208,I. Teil:  186
I-187,209,I. Teil:  187
I-188,210,I. Teil:  188
I-189,211,I. Teil:  189
I-190,212,I. Teil:  190
I-191,213,I. Teil:  191
I-192,214,I. Teil:  192
I-193,215,I. Teil:  193
I-194,216,I. Teil:  194
I-195,217,I. Teil:  195
I-196,218,I. Teil:  196
I-197,219,I. Teil:  197
I-198,220,I. Teil:  198
I-199,221,I. Teil:  199
I-200,222,I. Teil:  200
I-201,223,I. Teil:  201
I-202,224,I. Teil:  202
I-203,225,I. Teil:  203
I-204,226,I. Teil:  204
I-205,227,I. Teil:  205
I-206,228,I. Teil:  206
I-207,229,I. Teil:  207
I-208,230,I. Teil:  208
I-209,231,I. Teil:  209
I-210,232,I. Teil:  210
I-211,233,I. Teil:  211
I-212,234,I. Teil:  212
I-213,235,I. Teil:  213
I-214,236,I. Teil:  214
I-215,237,I. Teil:  215
I-216,238,I. Teil:  216
I-217,239,I. Teil:  217
I-218,240,I. Teil:  218
I-219,241,I. Teil:  219
I-220,242,I. Teil:  220
I-221,243,I. Teil:  221
I-222,244,I. Teil:  222
I-223,245,I. Teil:  223
I-224,246,I. Teil:  224
I-225,247,I. Teil:  225
I-226,248,I. Teil:  226
I-227,249,I. Teil:  227
I-228,250,I. Teil:  228
I-229,251,I. Teil:  229
I-230,252,I. Teil:  230
I-231,253,I. Teil:  231
I-232,254,I. Teil:  232
I-233,255,I. Teil:  233
I-234,256,I. Teil:  234
I-235,257,I. Teil:  235
I-236,258,I. Teil:  236
I-237,259,I. Teil:  237
I-238,260,I. Teil:  238
I-239,261,I. Teil:  239
I-240,262,I. Teil:  240
I-241,263,I. Teil:  241
I-242,264,I. Teil:  242
I-243,265,I. Teil:  243
I-244,266,I. Teil:  244
I-245,267,I. Teil:  245
I-246,268,I. Teil:  246
I-247,269,I. Teil:  247
I-248,270,I. Teil:  248
I-249,271,I. Teil:  249
I-250,272,I. Teil:  250
I-251,273,I. Teil:  251
I-252,274,I. Teil:  252
I-253,275,I. Teil:  253
I-254,276,I. Teil:  254
I-255,277,I. Teil:  255
I-256,278,I. Teil:  256
I-257,279,I. Teil:  257
I-258,280,I. Teil:  258
I-259,281,I. Teil:  259
I-260,282,I. Teil:  260
I-261,283,I. Teil:  261
I-262,284,I. Teil:  262
I-263,285,I. Teil:  263
I-264,286,I. Teil:  264
I-265,287,I. Teil:  265
I-266,288,I. Teil:  266
I-267,289,I. Teil:  267
I-268,290,I. Teil:  268
I-269,291,I. Teil:  269
I-270,292,I. Teil:  270
I-271,293,I. Teil:  271
I-272,294,I. Teil:  272
I-273,295,I. Teil:  273
I-274,296,I. Teil:  274
I-275,297,I. Teil:  275
I-276,298,I. Teil:  276
I-277,299,I. Teil:  277
I-278,300,I. Teil:  278
I-279,301,I. Teil:  279
I-280,302,I. Teil:  280
I-281,303,I. Teil:  281
I-282,304,I. Teil:  282
I-283,305,I. Teil:  283
I-284,306,I. Teil:  284
I-285,307,I. Teil:  285
I-286,308,I. Teil:  286
I-287,309,I. Teil:  287
I-288,310,I. Teil:  288
I-289,311,I. Teil:  289
I-290,312,I. Teil:  290
I-291,313,I. Teil:  291
I-292,314,I. Teil:  292
I-293,315,I. Teil:  293
I-294,316,I. Teil:  294
I-295,317,I. Teil:  295
I-296,318,I. Teil:  296
I-297,319,I. Teil:  297
I-298,320,I. Teil:  298
I-299,321,I. Teil:  299
I-300,322,I. Teil:  300
I-301,323,I. Teil:  301
I-302,324,I. Teil:  302
I-303,325,I. Teil:  303
I-304,326,I. Teil:  304
I-305,327,I. Teil:  305
I-306,328,I. Teil:  306
I-307,329,I. Teil:  307
I-308,330,I. Teil:  308
I-309,331,I. Teil:  309
I-310,332,I. Teil:  310
I-311,333,I. Teil:  311
I-312,334,I. Teil:  312
I-313,335,I. Teil:  313
I-314,336,I. Teil:  314
I-315,337,I. Teil:  315
I-316,338,I. Teil:  316
I-317,339,I. Teil:  317
I-318,340,I. Teil:  318
I-319,341,I. Teil:  319
I-320,342,I. Teil:  320
I-321,343,I. Teil:  321
I-322,344,I. Teil:  322
I-323,345,I. Teil:  323
I-324,346,I. Teil:  324
I-325,347,I. Teil:  325
I-326,348,I. Teil:  326
I-327,349,I. Teil:  327
I-328,350,I. Teil:  328
I-329,351,I. Teil:  329
I-330,352,I. Teil:  330
I-331,353,I. Teil:  331
I-332,354,I. Teil:  332
I-333,355,I. Teil:  333
I-334,356,I. Teil:  334
I-335,357,I. Teil:  335
I-336,358,I. Teil:  336
I-337,359,I. Teil:  337
I-338,360,I. Teil:  338
I-339,361,I. Teil:  339
I-340,362,I. Teil:  340
I-341,363,I. Teil:  341
I-342,364,I. Teil:  342
I-343,365,I. Teil:  343
I-344,366,I. Teil:  344
I-345,367,I. Teil:  345
I-346,368,I. Teil:  346
I-347,369,I. Teil:  347
I-348,370,I. Teil:  348
I-349,371,I. Teil:  349
I-350,372,I. Teil:  350
I-351,373,I. Teil:  351
I-352,374,I. Teil:  352
I-353,375,I. Teil:  353
I-354,376,I. Teil:  354
I-355,377,I. Teil:  355
I-356,378,I. Teil:  356
I-357,379,I. Teil:  357
I-358,380,I. Teil:  358
I-359,381,I. Teil:  359
I-360,382,I. Teil:  360
I-361,383,I. Teil:  361
I-362,384,I. Teil:  362
I-363,385,I. Teil:  363
I-364,386,I. Teil:  364
I-365,387,I. Teil:  365
I-366,388,I. Teil:  366
I-367,389,I. Teil:  367
I-368,390,I. Teil:  368
I-369,391,I. Teil:  369
I-370,392,I. Teil:  370
I-371,393,I. Teil:  371
I-372,394,I. Teil:  372
I-373,395,I. Teil:  373
I-374,396,I. Teil:  374
I-375,397,I. Teil:  375
I-376,398,I. Teil:  376
I-377,399,I. Teil:  377
I-378,400,I. Teil:  378
I-379,401,I. Teil:  379
I-380,402,I. Teil:  380
I-381,403,I. Teil:  381
I-382,404,I. Teil:  382
I-383,405,I. Teil:  383
I-384,406,I. Teil:  384
I-385,407,I. Teil:  385
I-386,408,I. Teil:  386
I-387,409,I. Teil:  387
I-388,410,I. Teil:  388
I-389,411,I. Teil:  389
I-390,412,I. Teil:  390
I-391,413,I. Teil:  391
I-392,414,I. Teil:  392
I-393,415,I. Teil:  393
I-394,416,I. Teil:  394
I-395,417,I. Teil:  395
I-396,418,I. Teil:  396
I-397,419,I. Teil:  397
I-398,420,I. Teil:  398
I-399,421,I. Teil:  399
I-400,422,I. Teil:  400
I-401,423,I. Teil:  401
I-402,424,I. Teil:  402
I-403,425,I. Teil:  403
I-404,426,I. Teil:  404
I-405,427,I. Teil:  405
I-406,428,I. Teil:  406
I-407,429,I. Teil:  407
I-408,430,I. Teil:  408
I-409,431,I. Teil:  409
I-410,432,I. Teil:  410
I-411,433,I. Teil:  411
I-412,434,I. Teil:  412
I-413,435,I. Teil:  413
I-414,436,I. Teil:  414
I-415,437,I. Teil:  415
I-416,438,I. Teil:  416
I-417,439,I. Teil:  417
I-418,440,I. Teil:  418
I-419,441,I. Teil:  419
I-420,442,I. Teil:  420
I-421,443,I. Teil:  421
I-422,444,I. Teil:  422
I-423,445,I. Teil:  423
I-424,446,I. Teil:  424
I-425,447,I. Teil:  425
I-426,448,I. Teil:  426
I-427,449,I. Teil:  427
I-428,450,I. Teil:  428
I-429,451,I. Teil:  429
I-430,452,I. Teil:  430
I-431,453,I. Teil:  431
I-432,454,I. Teil:  432
I-433,455,I. Teil:  433
I-434,456,I. Teil:  434
I-435,457,I. Teil:  435
I-436,458,I. Teil:  436
I-437,459,I. Teil:  437
I-438,460,I. Teil:  438
I-439,461,I. Teil:  439
I-440,462,I. Teil:  440
I-441,463,I. Teil:  441
I-442,464,I. Teil:  442
I-443,465,I. Teil:  443
I-444,466,I. Teil:  444
I-445,467,I. Teil:  445
I-446,468,I. Teil:  446
I-447,469,I. Teil:  447
I-448,470,I. Teil:  448
I-449,471,I. Teil:  449
I-450,472,I. Teil:  450
I-451,473,I. Teil:  451
I-452,474,I. Teil:  452
I-453,475,I. Teil:  453
I-454,476,I. Teil:  454
I-455,477,I. Teil:  455
I-456,478,I. Teil:  456
I-457,479,I. Teil:  457
I-458,480,I. Teil:  458
I-459,481,I. Teil:  459
I-460,482,I. Teil:  460
I-461,483,I. Teil:  461
I-462,484,I. Teil:  462
I-463,485,I. Teil:  463
I-464,486,I. Teil:  464
I-465,487,I. Teil:  465
I-466,488,I. Teil:  466
I-467,489,I. Teil:  467
I-468,490,I. Teil:  468
I-469,491,I. Teil:  469
I-470,492,I. Teil:  470
I-471,493,I. Teil:  471
I-472,494,I. Teil:  472
I-473,495,I. Teil:  473
I-474,496,I. Teil:  474
I-475,497,I. Teil:  475
I-476,498,I. Teil:  476
I-477,499,I. Teil:  477
I-478,500,I. Teil:  478
I-479,501,I. Teil:  479
I-480,502,I. Teil:  480
I-481,503,I. Teil:  481
I-482,504,I. Teil:  482
I-483,505,I. Teil:  483
I-484,506,I. Teil:  484
I-485,507,I. Teil:  485
I-486,508,I. Teil:  486
I-487,509,I. Teil:  487
I-488,510,I. Teil:  488
I-489,511,I. Teil:  489
I-490,512,I. Teil:  490
I-491,513,I. Teil:  491
I-492,514,I. Teil:  492
I-493,515,I. Teil:  493
I-494,516,I. Teil:  494
I-495,517,I. Teil:  495
I-496,518,I. Teil:  496
I-497,519,I. Teil:  497
I-498,520,I. Teil:  498
I-499,521,I. Teil:  499
I-500,522,I. Teil:  500
I-501,523,I. Teil:  501
I-502,524,I. Teil:  502
I-503,525,I. Teil:  503
I-504,526,I. Teil:  504
I-505,527,I. Teil:  505
I-506,528,I. Teil:  506
I-507,529,I. Teil:  507
I-508,530,I. Teil:  508
I-509,531,I. Teil:  509
I-510,532,I. Teil:  510
I-511,533,I. Teil:  511
I-512,534,I. Teil:  512
I-513,535,I. Teil:  513
I-514,536,I. Teil:  514
I-515,537,I. Teil:  515
I-516,538,I. Teil:  516
I-517,539,I. Teil:  517
I-518,540,I. Teil:  518
I-519,541,I. Teil:  519
I-520,542,I. Teil:  520
I-521,543,I. Teil:  521
I-522,544,I. Teil:  522
I-523,545,I. Teil:  523
I-524,546,I. Teil:  524
I-525,547,I. Teil:  525
I-526,548,I. Teil:  526
I-527,549,I. Teil:  527
I-528,550,I. Teil:  528
I-529,551,I. Teil:  529
I-530,552,I. Teil:  530
I-531,553,I. Teil:  531
I-532,554,I. Teil:  532
I-533,555,I. Teil:  533
I-534,556,I. Teil:  534
I-535,557,I. Teil:  535
I-536,558,I. Teil:  536
I-537,559,I. Teil:  537
I-538,560,I. Teil:  538
I-539,561,I. Teil:  539
I-540,562,I. Teil:  540
I-541,563,I. Teil:  541
I-542,564,I. Teil:  542
I-543,565,I. Teil:  543
I-544,566,I. Teil:  544
I-545,567,I. Teil:  545
I-546,568,I. Teil:  546
I-547,569,I. Teil:  547
I-548,570,I. Teil:  548
I-549,571,I. Teil:  549
I-550,572,I. Teil:  550
I-551,573,I. Teil:  551
I-552,574,I. Teil:  552
I-553,575,I. Teil:  553
I-554,576,I. Teil:  554
I-555,577,I. Teil:  555
I-556,578,I. Teil:  556
I-557,579,I. Teil:  557
I-558,580,I. Teil:  558
I-559,581,I. Teil:  559
I-560,582,I. Teil:  560
I-561,583,I. Teil:  561
I-562,584,I. Teil:  562
I-563,585,I. Teil:  563
I-564,586,I. Teil:  564
I-565,587,I. Teil:  565
I-566,588,I. Teil:  566
I-567,589,I. Teil:  567
I-568,590,I. Teil:  568
I-569,591,I. Teil:  569
I-570,592,I. Teil:  570
I-571,593,I. Teil:  571
I-572,594,I. Teil:  572
I-573,595,I. Teil:  573
I-574,596,I. Teil:  574
I-575,597,I. Teil:  575
I-576,598,I. Teil:  576
I-577,599,I. Teil:  577
I-578,600,I. Teil:  578
I-579,601,I. Teil:  579
I-580,602,I. Teil:  580
I-581,603,I. Teil:  581
I-582,604,I. Teil:  582
I-583,605,I. Teil:  583
I-584,606,I. Teil:  584
I-585,607,I. Teil:  585
I-586,608,I. Teil:  586
I-587,609,I. Teil:  587
I-588,610,I. Teil:  588
I-589,611,I. Teil:  589
I-590,612,I. Teil:  590
I-591,613,I. Teil:  591
I-592,614,I. Teil:  592
I-593,615,I. Teil:  593
I-594,616,I. Teil:  594
I-595,617,I. Teil:  595
I-596,618,I. Teil:  596
I-597,619,I. Teil:  597
I-598,620,I. Teil:  598
I-599,621,I. Teil:  599
I-600,622,I. Teil:  600
I-601,623,I. Teil:  601
I-602,624,I. Teil:  602
I-603,625,I. Teil:  603
I-604,626,I. Teil:  604
I-605,627,I. Teil:  605
I-606,628,I. Teil:  606
I-607,629,I. Teil:  607
I-608,630,I. Teil:  608
I-609,631,I. Teil:  609
I-610,632,I. Teil:  610
I-611,633,I. Teil:  611
I-612,634,I. Teil:  612
I-613,635,I. Teil:  613
I-614,636,I. Teil:  614
I-615,637,I. Teil:  615
I-616,638,I. Teil:  616
I-617,639,I. Teil:  617
I-618,640,I. Teil:  618
I-619,641,I. Teil:  619
I-620,642,I. Teil:  620
I-621,643,I. Teil:  621
I-622,644,I. Teil:  622
I-623,645,I. Teil:  623
I-624,646,I. Teil:  624
I-625,647,I. Teil:  625
I-626,648,I. Teil:  626
I-627,649,I. Teil:  627
I-628,650,I. Teil:  628
I-629,651,I. Teil:  629
I-630,652,I. Teil:  630
I-631,653,I. Teil:  631
I-632,654,I. Teil:  632
I-633,655,I. Teil:  633
I-634,656,I. Teil:  634
I-635,657,I. Teil:  635
I-636,658,I. Teil:  636
I-637,659,I. Teil:  637
I-638,660,I. Teil:  638
I-639,661,I. Teil:  639
I-640,662,I. Teil:  640
I-641,663,I. Teil:  641
I-642,664,I. Teil:  642
I-643,665,I. Teil:  643
I-644,666,I. Teil:  644
I-645,667,I. Teil:  645
I-646,668,I. Teil:  646
I-647,669,I. Teil:  647
I-648,670,I. Teil:  648
I-649,671,I. Teil:  649
I-650,672,I. Teil:  650
I-651,673,I. Teil:  651
I-652,674,I. Teil:  652
I-653,675,I. Teil:  653
I-654,676,I. Teil:  654
I-655,677,I. Teil:  655
I-656,678,I. Teil:  656
I-657,679,I. Teil:  657
I-658,680,I. Teil:  658
I-659,681,I. Teil:  659
I-660,682,I. Teil:  660
I-661,683,I. Teil:  661
I-662,684,I. Teil:  662
I-663,685,I. Teil:  663
I-664,686,I. Teil:  664
I-665,687,I. Teil:  665
I-666,688,I. Teil:  666
I-667,689,I. Teil:  667
I-668,690,I. Teil:  668
II-001,693,II. Teil:  1
II-002,694,II. Teil:  2
II-003,695,II. Teil:  3
II-004,696,II. Teil:  4
II-005,697,II. Teil:  5
II-006,698,II. Teil:  6
II-007,699,II. Teil:  7
II-008,700,II. Teil:  8
II-009,701,II. Teil:  9
II-010,702,II. Teil:  10
II-011,703,II. Teil:  11
II-012,704,II. Teil:  12
II-013,705,II. Teil:  13
II-014,706,II. Teil:  14
II-015,707,II. Teil:  15
II-016,708,II. Teil:  16
II-017,709,II. Teil:  17
II-018,710,II. Teil:  18
II-019,711,II. Teil:  19
II-020,712,II. Teil:  20
II-021,713,II. Teil:  21
II-022,714,II. Teil:  22
II-023,715,II. Teil:  23
II-024,716,II. Teil:  24
II-025,717,II. Teil:  25
II-026,718,II. Teil:  26
II-027,719,II. Teil:  27
II-028,720,II. Teil:  28
II-029,721,II. Teil:  29
II-030,722,II. Teil:  30
II-031,723,II. Teil:  31
II-032,724,II. Teil:  32
II-033,725,II. Teil:  33
II-034,726,II. Teil:  34
II-035,727,II. Teil:  35
II-036,728,II. Teil:  36
II-037,729,II. Teil:  37
II-038,730,II. Teil:  38
II-039,731,II. Teil:  39
II-040,732,II. Teil:  40
II-041,733,II. Teil:  41
II-042,734,II. Teil:  42
II-043,735,II. Teil:  43
II-044,736,II. Teil:  44
II-045,737,II. Teil:  45
II-046,738,II. Teil:  46
II-047,739,II. Teil:  47
II-048,740,II. Teil:  48
II-049,741,II. Teil:  49
II-050,742,II. Teil:  50
II-051,743,II. Teil:  51
II-052,744,II. Teil:  52
II-053,745,II. Teil:  53
II-054,746,II. Teil:  54
II-055,747,II. Teil:  55
II-056,748,II. Teil:  56
II-057,749,II. Teil:  57
II-058,750,II. Teil:  58
II-059,751,II. Teil:  59
II-060,752,II. Teil:  60
II-061,753,II. Teil:  61
II-062,754,II. Teil:  62
II-063,755,II. Teil:  63
II-064,756,II. Teil:  64
II-065,757,II. Teil:  65
II-066,758,II. Teil:  66
II-067,759,II. Teil:  67
II-068,760,II. Teil:  68
II-069,761,II. Teil:  69
II-070,762,II. Teil:  70
II-071,763,II. Teil:  71
II-072,764,II. Teil:  72
II-073,765,II. Teil:  73
II-074,766,II. Teil:  74
II-075,767,II. Teil:  75
II-076,768,II. Teil:  76
II-077,769,II. Teil:  77
II-078,770,II. Teil:  78
II-079,771,II. Teil:  79
II-080,772,II. Teil:  80
II-081,773,II. Teil:  81
II-082,774,II. Teil:  82
II-083,775,II. Teil:  83
II-084,776,II. Teil:  84
II-085,777,II. Teil:  85
II-086,778,II. Teil:  86
II-087,779,II. Teil:  87
II-088,780,II. Teil:  88
II-089,781,II. Teil:  89
II-090,782,II. Teil:  90
II-091,783,II. Teil:  91
II-092,784,II. Teil:  92
II-093,785,II. Teil:  93
II-094,786,II. Teil:  94
II-095,787,II. Teil:  95
II-096,788,II. Teil:  96
II-097,789,II. Teil:  97
II-098,790,II. Teil:  98
II-099,791,II. Teil:  99
II-100,792,II. Teil:  100
II-101,793,II. Teil:  101
II-102,794,II. Teil:  102
II-103,795,II. Teil:  103
II-104,796,II. Teil:  104
II-105,797,II. Teil:  105
II-106,798,II. Teil:  106
II-107,799,II. Teil:  107
II-108,800,II. Teil:  108
II-109,801,II. Teil:  109
II-110,802,II. Teil:  110
II-111,803,II. Teil:  111
II-112,804,II. Teil:  112
II-113,805,II. Teil:  113
II-114,806,II. Teil:  114
II-115,807,II. Teil:  115
II-116,808,II. Teil:  116
II-117,809,II. Teil:  117
II-118,810,II. Teil:  118
II-119,811,II. Teil:  119
II-120,812,II. Teil:  120
II-121,813,II. Teil:  121
II-122,814,II. Teil:  122
II-123,815,II. Teil:  123
II-124,816,II. Teil:  124
II-125,817,II. Teil:  125
II-126,818,II. Teil:  126
II-127,819,II. Teil:  127
II-128,820,II. Teil:  128
II-129,821,II. Teil:  129
II-130,822,II. Teil:  130
II-131,823,II. Teil:  131
II-132,824,II. Teil:  132
II-133,825,II. Teil:  133
II-134,826,II. Teil:  134
II-135,827,II. Teil:  135
II-136,828,II. Teil:  136
II-137,829,II. Teil:  137
II-138,830,II. Teil:  138
II-139,831,II. Teil:  139
II-140,832,II. Teil:  140
II-141,833,II. Teil:  141
II-142,834,II. Teil:  142
II-143,835,II. Teil:  143
II-144,836,II. Teil:  144
II-145,837,II. Teil:  145
II-146,838,II. Teil:  146
II-147,839,II. Teil:  147
II-148,840,II. Teil:  148
II-149,841,II. Teil:  149
II-150,842,II. Teil:  150
II-151,843,II. Teil:  151
II-152,844,II. Teil:  152
II-153,845,II. Teil:  153
II-154,846,II. Teil:  154
II-155,847,II. Teil:  155
II-156,848,II. Teil:  156
II-157,849,II. Teil:  157
II-158,850,II. Teil:  158
II-159,851,II. Teil:  159
II-160,852,II. Teil:  160
II-161,853,II. Teil:  161
II-162,854,II. Teil:  162
II-163,855,II. Teil:  163
II-164,856,II. Teil:  164
II-165,857,II. Teil:  165
II-166,858,II. Teil:  166
II-167,859,II. Teil:  167
II-168,860,II. Teil:  168
II-169,861,II. Teil:  169
II-172,862,II. Teil:  172
II-173,863,II. Teil:  173
II-174,864,II. Teil:  174
II-175,865,II. Teil:  175
II-176,866,II. Teil:  176
II-177,867,II. Teil:  177
II-178,868,II. Teil:  178
II-179,869,II. Teil:  179
II-180,870,II. Teil:  180
II-181,871,II. Teil:  181
II-182,872,II. Teil:  182
II-183,873,II. Teil:  183
II-184,874,II. Teil:  184
II-185,875,II. Teil:  185
II-186,876,II. Teil:  186
II-187,877,II. Teil:  187
II-188,878,II. Teil:  188
II-189,879,II. Teil:  189
II-190,880,II. Teil:  190
II-191,881,II. Teil:  191
II-192,882,II. Teil:  192
II-193,883,II. Teil:  193
II-194,884,II. Teil:  194
II-195,885,II. Teil:  195
II-196,886,II. Teil:  196
II-197,887,II. Teil:  197
II-198,888,II. Teil:  198
II-199,889,II. Teil:  199
II-200,890,II. Teil:  200
II-201,891,II. Teil:  201
II-202,892,II. Teil:  202
II-203,893,II. Teil:  203
II-204,894,II. Teil:  204
II-205,895,II. Teil:  205
II-206,896,II. Teil:  206
II-207,897,II. Teil:  207
II-208,898,II. Teil:  208
II-209,899,II. Teil:  209
II-210,900,II. Teil:  210
II-211,901,II. Teil:  211
II-212,902,II. Teil:  212
II-213,903,II. Teil:  213
II-214,904,II. Teil:  214
II-215,905,II. Teil:  215
II-216,906,II. Teil:  216
II-217,907,II. Teil:  217
II-218,908,II. Teil:  218
II-219,909,II. Teil:  219
II-220,910,II. Teil:  220
II-221,911,II. Teil:  221
II-222,912,II. Teil:  222
II-223,913,II. Teil:  223
II-224,914,II. Teil:  224
II-225,915,II. Teil:  225
II-226,916,II. Teil:  226
II-227,917,II. Teil:  227
II-228,918,II. Teil:  228
II-229,919,II. Teil:  229
II-230,920,II. Teil:  230
II-231,921,II. Teil:  231
II-232,922,II. Teil:  232
II-233,923,II. Teil:  233
II-234,924,II. Teil:  234
II-235,925,II. Teil:  235
II-236,926,II. Teil:  236
II-237,927,II. Teil:  237
II-238,928,II. Teil:  238
II-239,929,II. Teil:  239
II-240,930,II. Teil:  240
II-241,931,II. Teil:  241
II-242,932,II. Teil:  242
II-243,933,II. Teil:  243
II-244,934,II. Teil:  244
II-245,935,II. Teil:  245
II-246,936,II. Teil:  246
II-247,937,II. Teil:  247
II-248,938,II. Teil:  248
II-249,939,II. Teil:  249
II-250,940,II. Teil:  250
II-251,941,II. Teil:  251
II-252,942,II. Teil:  252
II-253,943,II. Teil:  253
II-254,944,II. Teil:  254
II-255,945,II. Teil:  255
II-256,946,II. Teil:  256
II-257,947,II. Teil:  257
II-258,948,II. Teil:  258
II-259,949,II. Teil:  259
II-260,950,II. Teil:  260
II-261,951,II. Teil:  261
II-262,952,II. Teil:  262
II-263,953,II. Teil:  263
II-264,954,II. Teil:  264
II-265,955,II. Teil:  265
II-266,956,II. Teil:  266
II-267,957,II. Teil:  267
II-268,958,II. Teil:  268
II-269,959,II. Teil:  269
II-270,960,II. Teil:  270
II-271,961,II. Teil:  271
II-272,962,II. Teil:  272
II-273,963,II. Teil:  273
II-274,964,II. Teil:  274
II-275,965,II. Teil:  275
II-276,966,II. Teil:  276
II-277,967,II. Teil:  277
II-278,968,II. Teil:  278
II-279,969,II. Teil:  279
II-280,970,II. Teil:  280
II-281,971,II. Teil:  281
II-282,972,II. Teil:  282
II-283,973,II. Teil:  283
II-284,974,II. Teil:  284
II-285,975,II. Teil:  285
II-286,976,II. Teil:  286
II-287,977,II. Teil:  287
II-288,978,II. Teil:  288
II-289,979,II. Teil:  289
II-290,980,II. Teil:  290
II-291,981,II. Teil:  291
II-292,982,II. Teil:  292
II-293,983,II. Teil:  293
II-294,984,II. Teil:  294
II-295,985,II. Teil:  295
II-296,986,II. Teil:  296
II-297,987,II. Teil:  297
II-298,988,II. Teil:  298
II-299,989,II. Teil:  299
II-300,990,II. Teil:  300
II-301,991,II. Teil:  301
II-302,992,II. Teil:  302
II-303,993,II. Teil:  303
II-304,994,II. Teil:  304
II-305,995,II. Teil:  305
II-306,996,II. Teil:  306
II-307,997,II. Teil:  307
II-308,998,II. Teil:  308
II-309,999,II. Teil:  309
II-310,1000,II. Teil:  310
II-311,1001,II. Teil:  311
II-312,1002,II. Teil:  312
II-313,1003,II. Teil:  313
II-314,1004,II. Teil:  314
II-315,1005,II. Teil:  315
II-316,1006,II. Teil:  316
II-317,1007,II. Teil:  317
II-318,1008,II. Teil:  318
II-319,1009,II. Teil:  319
II-320,1010,II. Teil:  320
II-321,1011,II. Teil:  321
II-322,1012,II. Teil:  322
II-323,1013,II. Teil:  323
II-324,1014,II. Teil:  324
II-325,1015,II. Teil:  325
II-326,1016,II. Teil:  326
II-327,1017,II. Teil:  327
II-328,1018,II. Teil:  328
II-329,1019,II. Teil:  329
II-330,1020,II. Teil:  330
II-331,1021,II. Teil:  331
II-332,1022,II. Teil:  332
II-333,1023,II. Teil:  333
II-334,1024,II. Teil:  334
II-335,1025,II. Teil:  335
II-336,1026,II. Teil:  336
II-337,1027,II. Teil:  337
II-338,1028,II. Teil:  338
II-339,1029,II. Teil:  339
II-340,1030,II. Teil:  340
II-341,1031,II. Teil:  341
II-342,1032,II. Teil:  342
II-343,1033,II. Teil:  343
II-344,1034,II. Teil:  344
II-345,1035,II. Teil:  345
II-346,1036,II. Teil:  346
II-347,1037,II. Teil:  347
II-348,1038,II. Teil:  348
II-349,1039,II. Teil:  349
II-350,1040,II. Teil:  350
II-351,1041,II. Teil:  351
II-352,1042,II. Teil:  352
II-353,1043,II. Teil:  353
II-354,1044,II. Teil:  354
II-355,1045,II. Teil:  355
II-356,1046,II. Teil:  356
II-357,1047,II. Teil:  357
II-358,1048,II. Teil:  358
II-359,1049,II. Teil:  359
II-360,1050,II. Teil:  360
II-361,1051,II. Teil:  361
II-362,1052,II. Teil:  362
II-363,1053,II. Teil:  363
II-364,1054,II. Teil:  364
II-365,1055,II. Teil:  365
II-366,1056,II. Teil:  366
II-367,1057,II. Teil:  367
II-368,1058,II. Teil:  368
II-369,1059,II. Teil:  369
II-370,1060,II. Teil:  370
II-371,1061,II. Teil:  371
II-372,1062,II. Teil:  372
II-373,1063,II. Teil:  373
II-374,1064,II. Teil:  374
II-375,1065,II. Teil:  375
II-376,1066,II. Teil:  376
II-377,1067,II. Teil:  377
II-378,1068,II. Teil:  378
II-379,1069,II. Teil:  379
II-380,1070,II. Teil:  380
II-381,1071,II. Teil:  381
II-382,1072,II. Teil:  382
II-383,1073,II. Teil:  383
II-384,1074,II. Teil:  384
II-385,1075,II. Teil:  385
II-386,1076,II. Teil:  386
II-387,1077,II. Teil:  387
II-388,1078,II. Teil:  388
II-389,1079,II. Teil:  389
II-390,1080,II. Teil:  390
II-391,1081,II. Teil:  391
II-392,1082,II. Teil:  392
II-393,1083,II. Teil:  393
III-005,1091,III. Teil:  5
III-006,1092,III. Teil:  6
III-007,1093,III. Teil:  7
III-008,1094,III. Teil:  8
III-009,1095,III. Teil:  9
III-010,1096,III. Teil:  10
III-011,1097,III. Teil:  11
III-012,1098,III. Teil:  12
III-013,1099,III. Teil:  13
III-014,1100,III. Teil:  14
III-015,1101,III. Teil:  15
III-016,1102,III. Teil:  16
III-017,1103,III. Teil:  17
III-018,1104,III. Teil:  18
III-019,1105,III. Teil:  19
III-020,1106,III. Teil:  20
III-021,1107,III. Teil:  21
III-022,1108,III. Teil:  22
III-023,1109,III. Teil:  23
III-024,1110,III. Teil:  24
III-025,1111,III. Teil:  25
III-026,1112,III. Teil:  26
III-027,1113,III. Teil:  27
III-028,1114,III. Teil:  28
III-029,1115,III. Teil:  29
III-030,1116,III. Teil:  30
III-031,1117,III. Teil:  31
III-032,1118,III. Teil:  32
III-033,1119,III. Teil:  33
III-034,1120,III. Teil:  34
III-035,1121,III. Teil:  35
III-036,1122,III. Teil:  36
III-037,1123,III. Teil:  37
III-038,1124,III. Teil:  38
III-039,1125,III. Teil:  39
III-040,1126,III. Teil:  40
III-041,1127,III. Teil:  41
III-042,1128,III. Teil:  42
III-043,1129,III. Teil:  43
III-044,1130,III. Teil:  44
III-045,1131,III. Teil:  45
III-046,1132,III. Teil:  46
III-047,1133,III. Teil:  47
III-048,1134,III. Teil:  48
III-049,1135,III. Teil:  49
III-050,1136,III. Teil:  50
III-051,1137,III. Teil:  51
III-052,1138,III. Teil:  52
III-053,1139,III. Teil:  53
III-054,1140,III. Teil:  54
III-055,1141,III. Teil:  55
III-056,1142,III. Teil:  56
III-057,1143,III. Teil:  57
III-058,1144,III. Teil:  58
III-059,1145,III. Teil:  59
III-060,1146,III. Teil:  60
III-061,1147,III. Teil:  61
III-062,1148,III. Teil:  62
III-063,1149,III. Teil:  63
III-064,1150,III. Teil:  64
III-065,1151,III. Teil:  65
III-066,1152,III. Teil:  66
III-067,1153,III. Teil:  67
III-068,1154,III. Teil:  68
III-069,1155,III. Teil:  69
III-070,1156,III. Teil:  70
III-071,1157,III. Teil:  71
III-072,1158,III. Teil:  72
IV-001,1161,IV. Teil:  1
IV-002,1162,IV. Teil:  2
IV-003,1163,IV. Teil:  3
IV-004,1164,IV. Teil:  4
IV-005,1165,IV. Teil:  5
IV-006,1166,IV. Teil:  6
IV-007,1167,IV. Teil:  7
IV-008,1168,IV. Teil:  8
IV-009,1169,IV. Teil:  9
IV-010,1170,IV. Teil:  10
IV-011,1171,IV. Teil:  11
IV-012,1172,IV. Teil:  12
IV-013,1173,IV. Teil:  13
IV-014,1174,IV. Teil:  14
IV-015,1175,IV. Teil:  15
IV-016,1176,IV. Teil:  16
IV-017,1177,IV. Teil:  17
IV-018,1178,IV. Teil:  18
IV-019,1179,IV. Teil:  19
IV-020,1180,IV. Teil:  20
IV-021,1181,IV. Teil:  21
IV-022,1182,IV. Teil:  22
IV-023,1183,IV. Teil:  23
IV-024,1184,IV. Teil:  24
IV-025,1185,IV. Teil:  25
IV-026,1186,IV. Teil:  26
IV-027,1187,IV. Teil:  27
IV-028,1188,IV. Teil:  28
IV-029,1189,IV. Teil:  29
IV-030,1190,IV. Teil:  30
IV-031,1191,IV. Teil:  31
IV-032,1192,IV. Teil:  32
IV-033,1193,IV. Teil:  33
IV-034,1194,IV. Teil:  34
