rubrik,betriebe,gruppe,art,geprueft,bearbeiter,datum,hinweis
Schneider für Herren,937,textil_bekleidung,handwerk,,gewerbe_vorschlag,2026-09-24,
Schankwirt,904,gastgewerbe,gastgewerbe,,gewerbe_vorschlag,2026-09-24,
Maler,728,bau,handwerk,,gewerbe_vorschlag,2026-09-24,
Schuhmacher,693,textil_bekleidung,handwerk,,gewerbe_vorschlag,2026-09-24,
Lebensmittel,616,lebensmittel,handel,,gewerbe_vorschlag,2026-09-24,
Kolonialwaren,563,lebensmittel,handel,,gewerbe_vorschlag,2026-09-24,
Friseur,560,haus_reinigung,dienstleistung,,gewerbe_vorschlag,2026-09-24,
Bäcker,536,lebensmittel,handwerk,,gewerbe_vorschlag,2026-09-24,
Metzger,490,lebensmittel,handwerk,,gewerbe_vorschlag,2026-09-24,
Tischler,376,holz_moebel,handwerk,,gewerbe_vorschlag,2026-09-24,
Zigaretten- und Tabakgeschäft,339,lebensmittel,handel,,gewerbe_vorschlag,2026-09-24,
Fuhrgeschäft,338,verkehr_bahn_post,dienstleistung,,gewerbe_vorschlag,2026-09-24,
Ingenieur,278,bau,freier_beruf,,gewerbe_vorschlag,2026-09-24,
Gastwirt,273,gastgewerbe,gastgewerbe,,gewerbe_vorschlag,2026-09-24,
Architekt,271,bau,freier_beruf,,gewerbe_vorschlag,2026-09-24,
Baugeschäft,205,bau,handwerk,,gewerbe_vorschlag,2026-09-24,
Klempner,199,bau,handwerk,,gewerbe_vorschlag,2026-09-24,
Schneiderin,175,textil_bekleidung,handwerk,,gewerbe_vorschlag,2026-09-24,
Drogen und Parfümerie,168,gesundheit,handel,,gewerbe_vorschlag,2026-09-24,
Hebamme,167,gesundheit,freier_beruf,,gewerbe_vorschlag,2026-09-24,
Gemüse und Südfrüchte,164,lebensmittel,handel,,gewerbe_vorschlag,2026-09-24,
Konditorei,162,lebensmittel,handwerk,,gewerbe_vorschlag,2026-09-24,
Dekorateur u. Dekorationsgeschäft,143,textil_bekleidung,handwerk,,gewerbe_vorschlag,2026-09-24,
Bauunternehmer,134,bau,handwerk,,gewerbe_vorschlag,2026-09-24,
Uhrmacher und Uhrenhandlung,130,metall_maschinen,handwerk,,gewerbe_vorschlag,2026-09-24,
Gemüsehandlung,127,lebensmittel,handel,,gewerbe_vorschlag,2026-09-24,
Kohlen,126,handel,handel,,gewerbe_vorschlag,2026-09-24,
Schmied,122,metall_maschinen,handwerk,,gewerbe_vorschlag,2026-09-24,
Musiklehrer,113,bildung_kultur_kirche,freier_beruf,,gewerbe_vorschlag,2026-09-24,
Schreib- und Zeichenmaterialien,112,handel,handel,,gewerbe_vorschlag,2026-09-24,
Schlosser,111,metall_maschinen,handwerk,,gewerbe_vorschlag,2026-09-24,
Buchdruckerei,110,bildung_kultur_kirche,freier_beruf,,gewerbe_vorschlag,2026-09-24,
Möbel,110,holz_moebel,handel,,gewerbe_vorschlag,2026-09-24,
Feinkostwaren,105,lebensmittel,handel,,gewerbe_vorschlag,2026-09-24,
Bücherrevisor,103,verwaltung,freier_beruf,,gewerbe_vorschlag,2026-09-24,
Putzgeschäft,103,textil_bekleidung,handwerk,,gewerbe_vorschlag,2026-09-24,
Bier,98,lebensmittel,handel,,gewerbe_vorschlag,2026-09-24,
Automobilvermietung,97,verkehr_bahn_post,dienstleistung,,gewerbe_vorschlag,2026-09-24,
Friseur für Damen,97,haus_reinigung,dienstleistung,,gewerbe_vorschlag,2026-09-24,
Schneider für Damen,97,textil_bekleidung,handwerk,,gewerbe_vorschlag,2026-09-24,
Elektrische Licht- u. Kraftanlagen,91,metall_maschinen,handwerk,,gewerbe_vorschlag,2026-09-24,
Immobilien und Hypotheken,89,verwaltung,dienstleistung,,gewerbe_vorschlag,2026-09-24,
Kartoffeln,86,lebensmittel,handel,,gewerbe_vorschlag,2026-09-24,
Dachdeckermeister,85,bau,handwerk,,gewerbe_vorschlag,2026-09-24,
Tabakwaren,85,lebensmittel,handel,,gewerbe_vorschlag,2026-09-24,
Schuhwaren,84,textil_bekleidung,handel,,gewerbe_vorschlag,2026-09-24,
Gartenbaubetrieb,81,haus_reinigung,dienstleistung,,gewerbe_vorschlag,2026-09-24,
Steuerberatung,80,verwaltung,freier_beruf,,gewerbe_vorschlag,2026-09-24,
Dachdeckungsgeschäft,75,bau,handwerk,,gewerbe_vorschlag,2026-09-24,
Landesprodukte,71,lebensmittel,handel,,gewerbe_vorschlag,2026-09-24,
Textilwaren,71,textil_bekleidung,handel,,gewerbe_vorschlag,2026-09-24,
Automobiltransporte,70,verkehr_bahn_post,dienstleistung,,gewerbe_vorschlag,2026-09-24,
Sattler,70,textil_bekleidung,handwerk,,gewerbe_vorschlag,2026-09-24,
Automobilreparaturen,69,metall_maschinen,handwerk,,gewerbe_vorschlag,2026-09-24,
Installationsgeschäft,68,bau,handwerk,,gewerbe_vorschlag,2026-09-24,
Tiefbauunternehmer,65,bau,handwerk,,gewerbe_vorschlag,2026-09-24,
Blumen,64,haus_reinigung,dienstleistung,,gewerbe_vorschlag,2026-09-24,
Gärtner,63,haus_reinigung,dienstleistung,,gewerbe_vorschlag,2026-09-24,
Versicherungsgeschäft,63,verwaltung,dienstleistung,,gewerbe_vorschlag,2026-09-24,
Kaffeehaus,62,gastgewerbe,gastgewerbe,,gewerbe_vorschlag,2026-09-24,
Installateur,61,bau,handwerk,,gewerbe_vorschlag,2026-09-24,
Zuckerwaren,60,handel,handel,,gewerbe_vorschlag,2026-09-24,
Baustoffe,58,bau,handel,,gewerbe_vorschlag,2026-09-24,
Fahrräder,56,handel,handel,,gewerbe_vorschlag,2026-09-24,
Sachverständiger,55,verwaltung,freier_beruf,,gewerbe_vorschlag,2026-09-24,
Heilpraktiker,54,gesundheit,freier_beruf,,gewerbe_vorschlag,2026-09-24,
Bildhauer,53,bildung_kultur_kirche,freier_beruf,,gewerbe_vorschlag,2026-09-24,
Heißmangel,53,textil_bekleidung,handwerk,,gewerbe_vorschlag,2026-09-24,
Tapeten,52,sonstige,sonstige,,gewerbe_vorschlag,2026-09-24,
Kurzwaren (verschiedene),50,handel,handel,,gewerbe_vorschlag,2026-09-24,
Leder,50,handel,handel,,gewerbe_vorschlag,2026-09-24,
Kunstmaler,49,bau,handwerk,,gewerbe_vorschlag,2026-09-24,
Radioapparate und -Zubehör,49,handel,handel,,gewerbe_vorschlag,2026-09-24,
Photogr. Atelier,48,bildung_kultur_kirche,freier_beruf,,gewerbe_vorschlag,2026-09-24,
Bautischler,47,holz_moebel,handwerk,,gewerbe_vorschlag,2026-09-24,
Sortimentsbuchhandlung,47,handel,handel,,gewerbe_vorschlag,2026-09-24,
Haus- u. Küchengeräte,46,sonstige,sonstige,,gewerbe_vorschlag,2026-09-24,
Elektrotechn. Bedarf,45,metall_maschinen,handwerk,,gewerbe_vorschlag,2026-09-24,
Herren- u. Knaben-Kleidung,45,textil_bekleidung,handel,,gewerbe_vorschlag,2026-09-24,
Manufakturwaren,45,textil_bekleidung,handel,,gewerbe_vorschlag,2026-09-24,
Stukkateur,44,bau,handwerk,,gewerbe_vorschlag,2026-09-24,
Weißwaren,44,handel,handel,,gewerbe_vorschlag,2026-09-24,
Zimmermeister,44,bau,handwerk,,gewerbe_vorschlag,2026-09-24,
Automobilkutscherei,43,handel,handel,,gewerbe_vorschlag,2026-09-24,
Holz,43,holz_moebel,handel,,gewerbe_vorschlag,2026-09-24,
Ingenieurbüro,43,bau,freier_beruf,,gewerbe_vorschlag,2026-09-24,
Speditionsgeschäft,43,verkehr_bahn_post,dienstleistung,,gewerbe_vorschlag,2026-09-24,
Trinkhallenbetrieb,43,gastgewerbe,gastgewerbe,,gewerbe_vorschlag,2026-09-24,
Wasch- und Plättanstalt,43,textil_bekleidung,handwerk,,gewerbe_vorschlag,2026-09-24,
Viehhandlung,42,handel,handel,,gewerbe_vorschlag,2026-09-24,
Bergwerks- und Hüttenbedarf,41,bergbau,handel,,gewerbe_vorschlag,2026-09-24,
Farben,41,handel,handel,,gewerbe_vorschlag,2026-09-24,
Brot,38,lebensmittel,handwerk,,gewerbe_vorschlag,2026-09-24,
Fische,38,lebensmittel,handel,,gewerbe_vorschlag,2026-09-24,
Beerdigungsanstalt und Sargmagazin,36,haus_reinigung,dienstleistung,,gewerbe_vorschlag,2026-09-24,
Bürobedarf,36,handel,handel,,gewerbe_vorschlag,2026-09-24,
Futtermittel,36,lebensmittel,handel,,gewerbe_vorschlag,2026-09-24,
Industriebedarf,36,handel,handel,,gewerbe_vorschlag,2026-09-24,
Bankgeschäft,35,verwaltung,dienstleistung,,gewerbe_vorschlag,2026-09-24,
Gaststätte,35,gastgewerbe,gastgewerbe,,gewerbe_vorschlag,2026-09-24,
Schornsteinfegermeister,35,bau,handwerk,,gewerbe_vorschlag,2026-09-24,
Tuch,34,textil_bekleidung,handel,,gewerbe_vorschlag,2026-09-24,
Eisenwaren,33,handel,handel,,gewerbe_vorschlag,2026-09-24,
Haus- und Küchengeräte,33,sonstige,sonstige,,gewerbe_vorschlag,2026-09-24,
Rohprodukte,32,sonstige,sonstige,,gewerbe_vorschlag,2026-09-24,
Herrenausstattung,31,textil_bekleidung,handel,,gewerbe_vorschlag,2026-09-24,
Schilder- und Schriftenmaler,31,bau,handwerk,,gewerbe_vorschlag,2026-09-24,
Spirituosen und Liköre,31,lebensmittel,handel,,gewerbe_vorschlag,2026-09-24,
Treuhänder,31,verwaltung,freier_beruf,,gewerbe_vorschlag,2026-09-24,
Wäsche,31,textil_bekleidung,handel,,gewerbe_vorschlag,2026-09-24,
Hotel und verwandter Großbetrieb,30,gastgewerbe,gastgewerbe,,gewerbe_vorschlag,2026-09-24,
Lichtspielhaus,30,bildung_kultur_kirche,freier_beruf,,gewerbe_vorschlag,2026-09-24,
Mineralwasser,30,lebensmittel,handel,,gewerbe_vorschlag,2026-09-24,
Molkereierzeugnisse,30,lebensmittel,handwerk,,gewerbe_vorschlag,2026-09-24,
Automobile,29,handel,handel,,gewerbe_vorschlag,2026-09-24,
Papier,29,handel,handel,,gewerbe_vorschlag,2026-09-24,
Zigarren,29,lebensmittel,handel,,gewerbe_vorschlag,2026-09-24,
Dekorationsmaler,28,bau,handwerk,,gewerbe_vorschlag,2026-09-24,
Mechaniker und mech. Werkstätte,28,metall_maschinen,handwerk,,gewerbe_vorschlag,2026-09-24,
Damenkleidung,27,textil_bekleidung,handel,,gewerbe_vorschlag,2026-09-24,
Eier,27,lebensmittel,handel,,gewerbe_vorschlag,2026-09-24,
Lastkraftwagenbetrieb,27,verkehr_bahn_post,dienstleistung,,gewerbe_vorschlag,2026-09-24,
Baugenossenschaft,26,sonstige,sonstige,,gewerbe_vorschlag,2026-09-24,
Buchbinderei,26,bildung_kultur_kirche,freier_beruf,,gewerbe_vorschlag,2026-09-24,
Wein,26,lebensmittel,handel,,gewerbe_vorschlag,2026-09-24,
Stellmacher,25,holz_moebel,handwerk,,gewerbe_vorschlag,2026-09-24,
Automobilgaragen,24,handel,handel,,gewerbe_vorschlag,2026-09-24,
Glas- und Gebäudereinigung,24,haus_reinigung,dienstleistung,,gewerbe_vorschlag,2026-09-24,
Großhandlung Wein,24,lebensmittel,handel,,gewerbe_vorschlag,2026-09-24,
Heizungs- u. Lüftungsanlagen,24,handel,handel,,gewerbe_vorschlag,2026-09-24,
Lederwaren,24,handel,handel,,gewerbe_vorschlag,2026-09-24,
Maschinenfabrik,24,metall_maschinen,industrie,,gewerbe_vorschlag,2026-09-24,
Masseur und Masseuse,24,gesundheit,freier_beruf,,gewerbe_vorschlag,2026-09-24,
Automobil-Bestand- und Zubehörteile-Handlung,22,handel,handel,,gewerbe_vorschlag,2026-09-24,
Bäckerei- u. Konditoreibedarf,22,lebensmittel,handwerk,,gewerbe_vorschlag,2026-09-24,
Scholokade,22,sonstige,sonstige,,gewerbe_vorschlag,2026-09-24,
Silberwaren u. Juwelen,22,metall_maschinen,handwerk,,gewerbe_vorschlag,2026-09-24,
Wagen und Wagenbau,22,metall_maschinen,industrie,,gewerbe_vorschlag,2026-09-24,
Zeitungsbetrieb,22,bildung_kultur_kirche,freier_beruf,,gewerbe_vorschlag,2026-09-24,
Möbeltransport,21,holz_moebel,handel,,gewerbe_vorschlag,2026-09-24,
Althandlung,20,handel,handel,,gewerbe_vorschlag,2026-09-24,
Viehagentur,20,verwaltung,dienstleistung,,gewerbe_vorschlag,2026-09-24,
Wollwaren,20,handel,handel,,gewerbe_vorschlag,2026-09-24,
Butter,19,lebensmittel,handel,,gewerbe_vorschlag,2026-09-24,
Einrahmungen,19,holz_moebel,handwerk,,gewerbe_vorschlag,2026-09-24,
Furage,19,lebensmittel,handel,,gewerbe_vorschlag,2026-09-24,
Maurermeister,19,bau,handwerk,,gewerbe_vorschlag,2026-09-24,
Pflastergeschäft,19,handel,handel,,gewerbe_vorschlag,2026-09-24,
Gold- und Silberschmied,18,metall_maschinen,handwerk,,gewerbe_vorschlag,2026-09-24,
Hüte,18,sonstige,sonstige,,gewerbe_vorschlag,2026-09-24,
Kürschner,18,textil_bekleidung,handwerk,,gewerbe_vorschlag,2026-09-24,
Musikalienverlag und -handlung,18,bildung_kultur_kirche,freier_beruf,,gewerbe_vorschlag,2026-09-24,
Photogr. Apparate und Bedarfsartikel,18,bildung_kultur_kirche,freier_beruf,,gewerbe_vorschlag,2026-09-24,
Photographische Vergrößerungen,18,bildung_kultur_kirche,freier_beruf,,gewerbe_vorschlag,2026-09-24,
Tanzlehrer,18,bildung_kultur_kirche,freier_beruf,,gewerbe_vorschlag,2026-09-24,
Bau- u. Kunstschlosser,17,metall_maschinen,handwerk,,gewerbe_vorschlag,2026-09-24,
Eisenkonstruktionen,17,metall_maschinen,industrie,,gewerbe_vorschlag,2026-09-24,
Grabdenkmäler,17,bau,handel,,gewerbe_vorschlag,2026-09-24,
Landmesser (vereid. Vermessungsingenieur),17,bau,freier_beruf,,gewerbe_vorschlag,2026-09-24,
Seifen und Seifenpulver,17,lebensmittel,handel,,gewerbe_vorschlag,2026-09-24,
Speiseanstalt,17,gastgewerbe,gastgewerbe,,gewerbe_vorschlag,2026-09-24,
Zoologische Handlung,17,handel,handel,,gewerbe_vorschlag,2026-09-24,
Auto- u. Wagenlackierer,16,metall_maschinen,handwerk,,gewerbe_vorschlag,2026-09-24,
Bergwerksbetrieb,16,bergbau,handel,,gewerbe_vorschlag,2026-09-24,
Feinmechanik,16,metall_maschinen,handwerk,,gewerbe_vorschlag,2026-09-24,
Geflügelhandlung und Mästerei,16,lebensmittel,handel,,gewerbe_vorschlag,2026-09-24,
Getreide,16,lebensmittel,handel,,gewerbe_vorschlag,2026-09-24,
Kunstgewerbe,16,bildung_kultur_kirche,freier_beruf,,gewerbe_vorschlag,2026-09-24,
Leichenbestatter u. -bestatterinnen,16,haus_reinigung,dienstleistung,,gewerbe_vorschlag,2026-09-24,
Leihbibliothek,16,bildung_kultur_kirche,freier_beruf,,gewerbe_vorschlag,2026-09-24,
Metall,16,sonstige,sonstige,,gewerbe_vorschlag,2026-09-24,
Musikinstrumente,16,bildung_kultur_kirche,freier_beruf,,gewerbe_vorschlag,2026-09-24,
Mühlenbetrieb,16,lebensmittel,handwerk,,gewerbe_vorschlag,2026-09-24,
Tankstelle,16,verkehr_bahn_post,dienstleistung,,gewerbe_vorschlag,2026-09-24,
Wohnungs-Einrichtungen,16,handel,handel,,gewerbe_vorschlag,2026-09-24,
Auskunftsbüro (Auskunftei),15,verwaltung,freier_beruf,,gewerbe_vorschlag,2026-09-24,
Eisen,15,handel,handel,,gewerbe_vorschlag,2026-09-24,
Gartengestalter,15,sonstige,sonstige,,gewerbe_vorschlag,2026-09-24,
Klavierstimmer,15,bildung_kultur_kirche,freier_beruf,,gewerbe_vorschlag,2026-09-24,
Kunststopferei,15,textil_bekleidung,handwerk,,gewerbe_vorschlag,2026-09-24,
Pelze,15,textil_bekleidung,handel,,gewerbe_vorschlag,2026-09-24,
Schilderfabrik,15,metall_maschinen,industrie,,gewerbe_vorschlag,2026-09-24,
Schneiderbedarf,15,textil_bekleidung,handwerk,,gewerbe_vorschlag,2026-09-24,
Speiseeis,15,lebensmittel,handel,,gewerbe_vorschlag,2026-09-24,
Büroeinrichtungen,14,metall_maschinen,handel,,gewerbe_vorschlag,2026-09-24,
Büromaschinen,14,handel,handel,,gewerbe_vorschlag,2026-09-24,
Dem RB angehörende Gymnastiklehranstalt (Private),14,bildung_kultur_kirche,freier_beruf,,gewerbe_vorschlag,2026-09-24,
Fahrradreparatur,14,metall_maschinen,handwerk,,gewerbe_vorschlag,2026-09-24,
Handarbeiten,14,textil_bekleidung,handel,,gewerbe_vorschlag,2026-09-24,
Kaffeerösterei,14,gastgewerbe,gastgewerbe,,gewerbe_vorschlag,2026-09-24,
Kapellmeister,14,bildung_kultur_kirche,freier_beruf,,gewerbe_vorschlag,2026-09-24,
Schreibbüro,14,handel,handel,,gewerbe_vorschlag,2026-09-24,
Steinbruchbesitzer,14,bergbau,handel,,gewerbe_vorschlag,2026-09-24,
Straßenbau,14,bau,handwerk,,gewerbe_vorschlag,2026-09-24,
Bergwerksunternehmer,13,bergbau,handel,,gewerbe_vorschlag,2026-09-24,
Kammerjäger,13,haus_reinigung,dienstleistung,,gewerbe_vorschlag,2026-09-24,
Klavierbauer,13,bildung_kultur_kirche,freier_beruf,,gewerbe_vorschlag,2026-09-24,
Optiker und optische Waren,13,gesundheit,handel,,gewerbe_vorschlag,2026-09-24,
Plattierungsgeschäft,13,handel,handel,,gewerbe_vorschlag,2026-09-24,
Rechtsberater,13,verwaltung,freier_beruf,,gewerbe_vorschlag,2026-09-24,
Sprachlehrer,13,bildung_kultur_kirche,freier_beruf,,gewerbe_vorschlag,2026-09-24,
Stickerei,13,textil_bekleidung,handwerk,,gewerbe_vorschlag,2026-09-24,
Werkzeuge,13,sonstige,sonstige,,gewerbe_vorschlag,2026-09-24,
Wettannahmen,13,sonstige,sonstige,,gewerbe_vorschlag,2026-09-24,
Zentralheizungen,13,bau,handel,,gewerbe_vorschlag,2026-09-24,
Ziegelei,13,bau,handel,,gewerbe_vorschlag,2026-09-24,
Apparatebau,12,metall_maschinen,industrie,,gewerbe_vorschlag,2026-09-24,
Bauklempnerei,12,bau,handwerk,,gewerbe_vorschlag,2026-09-24,
Bürsten,12,sonstige,sonstige,,gewerbe_vorschlag,2026-09-24,
Hausverwaltung,12,verwaltung,dienstleistung,,gewerbe_vorschlag,2026-09-24,
Herde,12,sonstige,sonstige,,gewerbe_vorschlag,2026-09-24,
Kaffee,12,gastgewerbe,gastgewerbe,,gewerbe_vorschlag,2026-09-24,
Linoleum,12,sonstige,sonstige,,gewerbe_vorschlag,2026-09-24,
Maschinenstrickerei,12,textil_bekleidung,handwerk,,gewerbe_vorschlag,2026-09-24,
Mehl,12,lebensmittel,handel,,gewerbe_vorschlag,2026-09-24,
Metallwaren,12,handel,handel,,gewerbe_vorschlag,2026-09-24,
Modewaren,12,handel,handel,,gewerbe_vorschlag,2026-09-24,
Musikdirektor,12,bildung_kultur_kirche,freier_beruf,,gewerbe_vorschlag,2026-09-24,
Möbel und Polsterwaren,12,textil_bekleidung,handwerk,,gewerbe_vorschlag,2026-09-24,
Parfümerie,12,sonstige,sonstige,,gewerbe_vorschlag,2026-09-24,
Sämerei,12,sonstige,handwerk,,gewerbe_vorschlag,2026-09-24,
Technische Gegenstände,12,sonstige,sonstige,,gewerbe_vorschlag,2026-09-24,
Öle,12,handel,handel,,gewerbe_vorschlag,2026-09-24,
Beleuchtungskörper,11,sonstige,sonstige,,gewerbe_vorschlag,2026-09-24,
Betonbau,11,bau,handwerk,,gewerbe_vorschlag,2026-09-24,
Büro- u. Ladenvermietung,11,sonstige,sonstige,,gewerbe_vorschlag,2026-09-24,
Gesanglehrer,11,bildung_kultur_kirche,freier_beruf,,gewerbe_vorschlag,2026-09-24,
Gold- u. Silberschmied,11,metall_maschinen,handwerk,,gewerbe_vorschlag,2026-09-24,
Korsetts,11,textil_bekleidung,handel,,gewerbe_vorschlag,2026-09-24,
Käse,11,lebensmittel,handel,,gewerbe_vorschlag,2026-09-24,
Lack und Firnis,11,handel,handel,,gewerbe_vorschlag,2026-09-24,
Liköre,11,lebensmittel,handel,,gewerbe_vorschlag,2026-09-24,
Lotterieeinehmer,11,sonstige,sonstige,,gewerbe_vorschlag,2026-09-24,
Nähmaschinen,11,textil_bekleidung,handwerk,,gewerbe_vorschlag,2026-09-24,
Reformhaus,11,lebensmittel,handel,,gewerbe_vorschlag,2026-09-24,
Schreibmaschinen,11,handel,handel,,gewerbe_vorschlag,2026-09-24,
Vulkanisieranstalt,11,sonstige,sonstige,,gewerbe_vorschlag,2026-09-24,
Armaturen,10,metall_maschinen,handel,,gewerbe_vorschlag,2026-09-24,
Aufzüge und Fahrstühle,10,holz_moebel,handel,,gewerbe_vorschlag,2026-09-24,
Autobeleuchtung,10,sonstige,sonstige,,gewerbe_vorschlag,2026-09-24,
Automobilfahrschule,10,bildung_kultur_kirche,freier_beruf,,gewerbe_vorschlag,2026-09-24,
Beiz- und Polierwerkstätten,10,metall_maschinen,handwerk,,gewerbe_vorschlag,2026-09-24,
Blech- und Lackierwaren,10,metall_maschinen,handwerk,,gewerbe_vorschlag,2026-09-24,
Chem. Fabrik,10,metall_maschinen,industrie,,gewerbe_vorschlag,2026-09-24,
Drechsler (Holz- u. Horn-),10,holz_moebel,handwerk,,gewerbe_vorschlag,2026-09-24,
Elektrotechn. Institute u. Anlag.,10,metall_maschinen,handwerk,,gewerbe_vorschlag,2026-09-24,
Friseurbedarf,10,haus_reinigung,dienstleistung,,gewerbe_vorschlag,2026-09-24,
Graveur und Gravieranstalt,10,metall_maschinen,handwerk,,gewerbe_vorschlag,2026-09-24,
Kleiderfabrik,10,metall_maschinen,industrie,,gewerbe_vorschlag,2026-09-24,
Korbwaren,10,holz_moebel,handwerk,,gewerbe_vorschlag,2026-09-24,
Kühl- und Gefrieranlagen,10,metall_maschinen,industrie,,gewerbe_vorschlag,2026-09-24,
Schirme,10,textil_bekleidung,handel,,gewerbe_vorschlag,2026-09-24,
Stahlwaren,10,handel,handel,,gewerbe_vorschlag,2026-09-24,
Versandgeschäft,10,handel,handel,,gewerbe_vorschlag,2026-09-24,
Zahntechnisches Laboratorium,10,gesundheit,freier_beruf,,gewerbe_vorschlag,2026-09-24,
Aufbügelanstalt,9,textil_bekleidung,handwerk,,gewerbe_vorschlag,2026-09-24,
Bettfedern- und Betten,9,textil_bekleidung,handel,,gewerbe_vorschlag,2026-09-24,
Buchhandlung,9,handel,handel,,gewerbe_vorschlag,2026-09-24,
Gewürze,9,lebensmittel,handel,,gewerbe_vorschlag,2026-09-24,
Handelsvertreter,9,handel,handel,,gewerbe_vorschlag,2026-09-24,
Holzbearbeitungswerke,9,holz_moebel,handel,,gewerbe_vorschlag,2026-09-24,
Küfer,9,holz_moebel,handwerk,,gewerbe_vorschlag,2026-09-24,
Pianoforte,9,bildung_kultur_kirche,freier_beruf,,gewerbe_vorschlag,2026-09-24,
Polstermöbel,9,textil_bekleidung,handwerk,,gewerbe_vorschlag,2026-09-24,
Röhren,9,metall_maschinen,handel,,gewerbe_vorschlag,2026-09-24,
Sanitäre Anlagen,9,bau,handwerk,,gewerbe_vorschlag,2026-09-24,
Schornsteinbau,9,bau,handwerk,,gewerbe_vorschlag,2026-09-24,
Schreibmaschinenreparaturen,9,metall_maschinen,handwerk,,gewerbe_vorschlag,2026-09-24,
Weinstube,9,lebensmittel,handel,,gewerbe_vorschlag,2026-09-24,
Abbruchunternehmer,8,bau,handwerk,,gewerbe_vorschlag,2026-09-24,
Bau- und Möbelbeschläge,8,holz_moebel,handel,,gewerbe_vorschlag,2026-09-24,
Berufskleidung,8,textil_bekleidung,handel,,gewerbe_vorschlag,2026-09-24,
Kunsthandlung,8,handel,handel,,gewerbe_vorschlag,2026-09-24,
Ladeneinrichtungen,8,handel,handel,,gewerbe_vorschlag,2026-09-24,
Lebensversicherungsgesellschaft,8,verwaltung,dienstleistung,,gewerbe_vorschlag,2026-09-24,
Motorräder,8,metall_maschinen,industrie,,gewerbe_vorschlag,2026-09-24,
Parkettfußböden,8,bau,handwerk,,gewerbe_vorschlag,2026-09-24,
Polstermaterialien,8,textil_bekleidung,handwerk,,gewerbe_vorschlag,2026-09-24,
Porzellan,8,handel,handel,,gewerbe_vorschlag,2026-09-24,
Reklameatelier,8,bildung_kultur_kirche,freier_beruf,,gewerbe_vorschlag,2026-09-24,
Schleiferei,8,metall_maschinen,handwerk,,gewerbe_vorschlag,2026-09-24,
Sportartikel,8,handel,handel,,gewerbe_vorschlag,2026-09-24,
Strickwaren,8,handel,handel,,gewerbe_vorschlag,2026-09-24,
Strumpfwaren und Trikotagen,8,textil_bekleidung,handel,,gewerbe_vorschlag,2026-09-24,
Tierarzt,8,gesundheit,freier_beruf,,gewerbe_vorschlag,2026-09-24,
Verlagsanstalt,8,bildung_kultur_kirche,freier_beruf,,gewerbe_vorschlag,2026-09-24,
Autobusbetrieb,7,verkehr_bahn_post,dienstleistung,,gewerbe_vorschlag,2026-09-24,
Blitzableiter und Blitzschutzanlagen,7,textil_bekleidung,handwerk,,gewerbe_vorschlag,2026-09-24,
Chem. Produkte,7,metall_maschinen,handel,,gewerbe_vorschlag,2026-09-24,
Einkaufsgenossenschaft,7,sonstige,sonstige,,gewerbe_vorschlag,2026-09-24,
Elektrizitätsgesellschaft,7,metall_maschinen,handwerk,,gewerbe_vorschlag,2026-09-24,
Elektrotechn. Fabrik,7,metall_maschinen,industrie,,gewerbe_vorschlag,2026-09-24,
Fettwaren,7,handel,handel,,gewerbe_vorschlag,2026-09-24,
Färberei,7,sonstige,handwerk,,gewerbe_vorschlag,2026-09-24,
Gummiwaren,7,handel,handel,,gewerbe_vorschlag,2026-09-24,
Klempnerei- u. Installationsbedarf,7,bau,handwerk,,gewerbe_vorschlag,2026-09-24,
Markisen,7,bau,handel,,gewerbe_vorschlag,2026-09-24,
Metzgereibedarf,7,lebensmittel,handwerk,,gewerbe_vorschlag,2026-09-24,
Modelle,7,sonstige,sonstige,,gewerbe_vorschlag,2026-09-24,
Musiklehranstalt (Private),7,bildung_kultur_kirche,freier_beruf,,gewerbe_vorschlag,2026-09-24,
Orthopäd. Schuhmacherei,7,textil_bekleidung,handwerk,,gewerbe_vorschlag,2026-09-24,
Papierwaren,7,handel,handel,,gewerbe_vorschlag,2026-09-24,
Pension,7,gastgewerbe,gastgewerbe,,gewerbe_vorschlag,2026-09-24,
Pharmazeutische Bedarfsartikel,7,gesundheit,handel,,gewerbe_vorschlag,2026-09-24,
Reisebüro,7,verkehr_bahn_post,dienstleistung,,gewerbe_vorschlag,2026-09-24,
Sargmagazine,7,sonstige,sonstige,,gewerbe_vorschlag,2026-09-24,
Sonstige Gymnastiklehranstalt (Private),7,bildung_kultur_kirche,freier_beruf,,gewerbe_vorschlag,2026-09-24,
Sperrhölzer,7,holz_moebel,handel,,gewerbe_vorschlag,2026-09-24,
Spielwaren,7,handel,handel,,gewerbe_vorschlag,2026-09-24,
Treibriemen,7,metall_maschinen,handel,,gewerbe_vorschlag,2026-09-24,
Uhren,7,handel,handel,,gewerbe_vorschlag,2026-09-24,
Wasch- u. Wringmaschinen,7,handel,handel,,gewerbe_vorschlag,2026-09-24,
Öfen u. Kamine,7,bau,handel,,gewerbe_vorschlag,2026-09-24,
Adler-Apotheke,6,gesundheit,handel,,gewerbe_vorschlag,2026-09-24,
Akkumulatoren,6,metall_maschinen,industrie,,gewerbe_vorschlag,2026-09-24,
Ankerwickelei,6,metall_maschinen,industrie,,gewerbe_vorschlag,2026-09-24,
Ausflugslokal,6,gastgewerbe,gastgewerbe,,gewerbe_vorschlag,2026-09-24,
Auto-Sattlerei,6,textil_bekleidung,handwerk,,gewerbe_vorschlag,2026-09-24,
Autogene Schweißerei,6,metall_maschinen,handwerk,,gewerbe_vorschlag,2026-09-24,
Automobilbereifung,6,handel,handel,,gewerbe_vorschlag,2026-09-24,
Bergwerksmaschinen,6,bergbau,handel,,gewerbe_vorschlag,2026-09-24,
Bestecke,6,sonstige,sonstige,,gewerbe_vorschlag,2026-09-24,
Chemisches Labor,6,metall_maschinen,handel,,gewerbe_vorschlag,2026-09-24,
Eis,6,sonstige,sonstige,,gewerbe_vorschlag,2026-09-24,
Erze,6,bergbau,handel,,gewerbe_vorschlag,2026-09-24,
Fleisch- und Fettwaren,6,handel,handel,,gewerbe_vorschlag,2026-09-24,
Futterstoffe,6,textil_bekleidung,handel,,gewerbe_vorschlag,2026-09-24,
Fässer,6,holz_moebel,handel,,gewerbe_vorschlag,2026-09-24,
Glas (Tafel- und Spiegel-),6,handel,handel,,gewerbe_vorschlag,2026-09-24,
Isoliermaterialien,6,metall_maschinen,handel,,gewerbe_vorschlag,2026-09-24,
Kachelöfen,6,bau,handwerk,,gewerbe_vorschlag,2026-09-24,
Klischeeanstalt,6,sonstige,sonstige,,gewerbe_vorschlag,2026-09-24,
Lehranstalt (Private),6,bildung_kultur_kirche,freier_beruf,,gewerbe_vorschlag,2026-09-24,
Matratzen,6,textil_bekleidung,handel,,gewerbe_vorschlag,2026-09-24,
Mehl- u. Mühlenfabrikate,6,lebensmittel,handwerk,,gewerbe_vorschlag,2026-09-24,
Metzger (Groß-),6,lebensmittel,handwerk,,gewerbe_vorschlag,2026-09-24,
Seilerwaren,6,handel,handel,,gewerbe_vorschlag,2026-09-24,
Sprengstoffe,6,textil_bekleidung,handel,,gewerbe_vorschlag,2026-09-24,
Stempel,6,sonstige,sonstige,,gewerbe_vorschlag,2026-09-24,
Technische Gummiwaren,6,handel,handel,,gewerbe_vorschlag,2026-09-24,
Teppiche und Vorhänge,6,textil_bekleidung,handel,,gewerbe_vorschlag,2026-09-24,
Uniformen,6,textil_bekleidung,handel,,gewerbe_vorschlag,2026-09-24,
Verlagsbuchhandlung,6,bildung_kultur_kirche,freier_beruf,,gewerbe_vorschlag,2026-09-24,
Vernickelungen,6,metall_maschinen,handwerk,,gewerbe_vorschlag,2026-09-24,
Warenhaus,6,handel,handel,,gewerbe_vorschlag,2026-09-24,
Wirtschaftsprüfer,6,gastgewerbe,gastgewerbe,,gewerbe_vorschlag,2026-09-24,
Alkoholfreie Getränke,5,lebensmittel,handel,,gewerbe_vorschlag,2026-09-24,
Apotheke,5,gesundheit,handel,,gewerbe_vorschlag,2026-09-24,
Automobil-Bestand- und Zubehörteile-Großhandlung,5,handel,handel,,gewerbe_vorschlag,2026-09-24,
Badeanstalt,5,haus_reinigung,dienstleistung,,gewerbe_vorschlag,2026-09-24,
Bandagist,5,gesundheit,handel,,gewerbe_vorschlag,2026-09-24,
Bijouterie- und Lederwaren,5,handel,handel,,gewerbe_vorschlag,2026-09-24,
Buch- und Zeitschriftenhandlung,5,handel,handel,,gewerbe_vorschlag,2026-09-24,
Chemische pharmazeutische Präparate,5,gesundheit,handel,,gewerbe_vorschlag,2026-09-24,
Dachdeckermaterialien,5,bau,handwerk,,gewerbe_vorschlag,2026-09-24,
Elektromotoren,5,metall_maschinen,handwerk,,gewerbe_vorschlag,2026-09-24,
Fahnenfabrik,5,metall_maschinen,industrie,,gewerbe_vorschlag,2026-09-24,
Graphiker,5,bildung_kultur_kirche,freier_beruf,,gewerbe_vorschlag,2026-09-24,
Grundstücksverwaltung,5,verwaltung,dienstleistung,,gewerbe_vorschlag,2026-09-24,
Handels- und kaufmännische Fortbildungslehranstalt (Private),5,bildung_kultur_kirche,freier_beruf,,gewerbe_vorschlag,2026-09-24,
Handschuhe,5,textil_bekleidung,handel,,gewerbe_vorschlag,2026-09-24,
Isolierungen,5,metall_maschinen,handel,,gewerbe_vorschlag,2026-09-24,
Kornbranntweinbrennerei,5,lebensmittel,handel,,gewerbe_vorschlag,2026-09-24,
Marinieranstalt,5,lebensmittel,handwerk,,gewerbe_vorschlag,2026-09-24,
Metallgießerei,5,metall_maschinen,industrie,,gewerbe_vorschlag,2026-09-24,
Molkerei,5,lebensmittel,handwerk,,gewerbe_vorschlag,2026-09-24,
Paramenten,5,sonstige,sonstige,,gewerbe_vorschlag,2026-09-24,
Pferdehandlung,5,handel,handel,,gewerbe_vorschlag,2026-09-24,
Polstergestelle,5,textil_bekleidung,handwerk,,gewerbe_vorschlag,2026-09-24,
Prüfingenieur f. Statik,5,bau,freier_beruf,,gewerbe_vorschlag,2026-09-24,
Rolladen,5,bau,handwerk,,gewerbe_vorschlag,2026-09-24,
Steinmetzgeschäft,5,handel,handel,,gewerbe_vorschlag,2026-09-24,
Säcke u. Planen,5,sonstige,sonstige,,gewerbe_vorschlag,2026-09-24,
Sägewerk,5,metall_maschinen,industrie,,gewerbe_vorschlag,2026-09-24,
Teer und Teerprodukte,5,handel,handel,,gewerbe_vorschlag,2026-09-24,
Vergnügungsstätte,5,bildung_kultur_kirche,freier_beruf,,gewerbe_vorschlag,2026-09-24,
Versteigerer,5,handel,handel,,gewerbe_vorschlag,2026-09-24,
Weberei,5,textil_bekleidung,handwerk,,gewerbe_vorschlag,2026-09-24,
Zahnärztliche Bedarfsartikel,5,gesundheit,freier_beruf,,gewerbe_vorschlag,2026-09-24,
Zigaretten,5,lebensmittel,handel,,gewerbe_vorschlag,2026-09-24,
Antiquitäten,4,handel,handel,,gewerbe_vorschlag,2026-09-24,
Asphaltgeschäft,4,handel,handel,,gewerbe_vorschlag,2026-09-24,
Automobilreifenreparaturen,4,metall_maschinen,handwerk,,gewerbe_vorschlag,2026-09-24,
Baumeister,4,sonstige,handwerk,,gewerbe_vorschlag,2026-09-24,
Bergtechnische Einrichtungen,4,handel,handel,,gewerbe_vorschlag,2026-09-24,
Bergwerksmaschinenfabrik,4,bergbau,handel,,gewerbe_vorschlag,2026-09-24,
Bohnerwachs,4,handel,handel,,gewerbe_vorschlag,2026-09-24,
Brennerei,4,sonstige,handwerk,,gewerbe_vorschlag,2026-09-24,
Chemische Waschanstalt,4,haus_reinigung,dienstleistung,,gewerbe_vorschlag,2026-09-24,
Dekorationsartikel,4,handel,handel,,gewerbe_vorschlag,2026-09-24,
Detektivinstitute,4,sonstige,sonstige,,gewerbe_vorschlag,2026-09-24,
Dreherei,4,metall_maschinen,handwerk,,gewerbe_vorschlag,2026-09-24,
Därme,4,sonstige,sonstige,,gewerbe_vorschlag,2026-09-24,
Eisenbahnbedarf,4,handel,handel,,gewerbe_vorschlag,2026-09-24,
Eisengießerei,4,metall_maschinen,industrie,,gewerbe_vorschlag,2026-09-24,
Elektrische Beleuchtungsgegenstände,4,metall_maschinen,handwerk,,gewerbe_vorschlag,2026-09-24,
Elektro-Technik,4,metall_maschinen,handwerk,,gewerbe_vorschlag,2026-09-24,
Essigsprit,4,lebensmittel,handel,,gewerbe_vorschlag,2026-09-24,
Faltboote,4,sonstige,sonstige,,gewerbe_vorschlag,2026-09-24,
Fernsprechanlagen,4,handel,handel,,gewerbe_vorschlag,2026-09-24,
Feuerbestattung,4,haus_reinigung,dienstleistung,,gewerbe_vorschlag,2026-09-24,
Finanzierungen,4,verwaltung,dienstleistung,,gewerbe_vorschlag,2026-09-24,
Gardinen und Spitzenwaschanstalt,4,textil_bekleidung,handwerk,,gewerbe_vorschlag,2026-09-24,
Gas- und Luftschutzgeräte,4,textil_bekleidung,handwerk,,gewerbe_vorschlag,2026-09-24,
Glasmaler,4,bau,handwerk,,gewerbe_vorschlag,2026-09-24,
Glasschleiferei,4,metall_maschinen,handwerk,,gewerbe_vorschlag,2026-09-24,
Inkassobüro,4,verwaltung,dienstleistung,,gewerbe_vorschlag,2026-09-24,
Kaminbau,4,bau,handwerk,,gewerbe_vorschlag,2026-09-24,
Karosseriebau,4,metall_maschinen,industrie,,gewerbe_vorschlag,2026-09-24,
Kegelbahnbau,4,sonstige,sonstige,,gewerbe_vorschlag,2026-09-24,
Kunstanstalt,4,bildung_kultur_kirche,freier_beruf,,gewerbe_vorschlag,2026-09-24,
Lehranstalten (Private),4,bildung_kultur_kirche,freier_beruf,,gewerbe_vorschlag,2026-09-24,
Leiter- u. Leitergerüstbau und Verleih,4,bau,handwerk,,gewerbe_vorschlag,2026-09-24,
Lichtpausanstalt u. -apparate,4,handel,handel,,gewerbe_vorschlag,2026-09-24,
Malerbedarf,4,bau,handwerk,,gewerbe_vorschlag,2026-09-24,
Marmorschleiferei,4,bau,handel,,gewerbe_vorschlag,2026-09-24,
Maschinen-Reparaturen,4,metall_maschinen,handwerk,,gewerbe_vorschlag,2026-09-24,
Möbel- und Dekorationsstoffe,4,textil_bekleidung,handel,,gewerbe_vorschlag,2026-09-24,
Pferdemetzger,4,lebensmittel,handwerk,,gewerbe_vorschlag,2026-09-24,
Plissier- und Dekatieranstalt,4,textil_bekleidung,handwerk,,gewerbe_vorschlag,2026-09-24,
Rechenmaschinen,4,handel,handel,,gewerbe_vorschlag,2026-09-24,
Reisebuchhandlung,4,handel,handel,,gewerbe_vorschlag,2026-09-24,
Reklamemaler,4,bau,handwerk,,gewerbe_vorschlag,2026-09-24,
Sargfabrik,4,metall_maschinen,industrie,,gewerbe_vorschlag,2026-09-24,
Schaufenstereinrichtungen,4,handel,handel,,gewerbe_vorschlag,2026-09-24,
Schleifscheiben u. Polierartikel,4,handel,handel,,gewerbe_vorschlag,2026-09-24,
Schulzahnarzt,4,gesundheit,freier_beruf,,gewerbe_vorschlag,2026-09-24,
Senf,4,lebensmittel,handel,,gewerbe_vorschlag,2026-09-24,
Sprechapparate,4,handel,handel,,gewerbe_vorschlag,2026-09-24,
Straßenbaustoffe,4,bau,handwerk,,gewerbe_vorschlag,2026-09-24,
Teppichreinigung,4,haus_reinigung,dienstleistung,,gewerbe_vorschlag,2026-09-24,
Waschanstalt,4,sonstige,sonstige,,gewerbe_vorschlag,2026-09-24,
Zementwaren,4,bau,handel,,gewerbe_vorschlag,2026-09-24,
Addiermaschinen,3,handel,handel,,gewerbe_vorschlag,2026-09-24,
Aluminiumwaren,3,handel,handel,,gewerbe_vorschlag,2026-09-24,
Antiquariatsbuchhandlung,3,handel,handel,,gewerbe_vorschlag,2026-09-24,
Asbestfabrikate,3,metall_maschinen,industrie,,gewerbe_vorschlag,2026-09-24,
Autogene Schweiß- und Schneidapparate,3,metall_maschinen,handwerk,,gewerbe_vorschlag,2026-09-24,
Automobilkühler,3,handel,handel,,gewerbe_vorschlag,2026-09-24,
Autoöle,3,sonstige,sonstige,,gewerbe_vorschlag,2026-09-24,
Backöfen,3,bau,handel,,gewerbe_vorschlag,2026-09-24,
Baugeräte und -maschinen,3,handel,handel,,gewerbe_vorschlag,2026-09-24,
Beleuchtungsartikel,3,handel,handel,,gewerbe_vorschlag,2026-09-24,
Bindfaden-Großhandlung,3,handel,handel,,gewerbe_vorschlag,2026-09-24,
Briefmarken,3,handel,handel,,gewerbe_vorschlag,2026-09-24,
Briefumschläge,3,sonstige,sonstige,,gewerbe_vorschlag,2026-09-24,
Calcium-Karbid,3,metall_maschinen,handel,,gewerbe_vorschlag,2026-09-24,
Dahtseile,3,metall_maschinen,handel,,gewerbe_vorschlag,2026-09-24,
Dampfkesselreinigung,3,haus_reinigung,dienstleistung,,gewerbe_vorschlag,2026-09-24,
Düngemittel,3,handel,handel,,gewerbe_vorschlag,2026-09-24,
Elektro-Schweißerei,3,metall_maschinen,handwerk,,gewerbe_vorschlag,2026-09-24,
Elektromediz. Apparate,3,metall_maschinen,handwerk,,gewerbe_vorschlag,2026-09-24,
Feuerfeste Produkte,3,metall_maschinen,handel,,gewerbe_vorschlag,2026-09-24,
Feuerlöschapparate,3,handel,handel,,gewerbe_vorschlag,2026-09-24,
Feuerungsanlagen,3,metall_maschinen,industrie,,gewerbe_vorschlag,2026-09-24,
Flaschen,3,sonstige,sonstige,,gewerbe_vorschlag,2026-09-24,
Gas und Gasapparate,3,handel,handel,,gewerbe_vorschlag,2026-09-24,
Glasbläserei,3,handel,handel,,gewerbe_vorschlag,2026-09-24,
Glückauf-Apotheke,3,gesundheit,handel,,gewerbe_vorschlag,2026-09-24,
Graphischer Bedarf,3,bildung_kultur_kirche,freier_beruf,,gewerbe_vorschlag,2026-09-24,
Hammerwerk,3,metall_maschinen,industrie,,gewerbe_vorschlag,2026-09-24,
Hutpresserei,3,textil_bekleidung,handwerk,,gewerbe_vorschlag,2026-09-24,
Häute und Felle,3,textil_bekleidung,handel,,gewerbe_vorschlag,2026-09-24,
Installationsmaterialien,3,bau,handwerk,,gewerbe_vorschlag,2026-09-24,
Jalousien,3,bau,handwerk,,gewerbe_vorschlag,2026-09-24,
Kartonagen,3,sonstige,sonstige,,gewerbe_vorschlag,2026-09-24,
Kesseleinmauerung,3,metall_maschinen,industrie,,gewerbe_vorschlag,2026-09-24,
Ketten,3,handel,handel,,gewerbe_vorschlag,2026-09-24,
Kinderwagen,3,handel,handel,,gewerbe_vorschlag,2026-09-24,
Kisten,3,holz_moebel,handel,,gewerbe_vorschlag,2026-09-24,
Kohlensäure (flüssige),3,handel,handel,,gewerbe_vorschlag,2026-09-24,
Korbmöbel,3,holz_moebel,handwerk,,gewerbe_vorschlag,2026-09-24,
Kosmetische Mittel,3,gesundheit,handel,,gewerbe_vorschlag,2026-09-24,
Kugellager,3,metall_maschinen,handel,,gewerbe_vorschlag,2026-09-24,
Laboratoriumsapparate,3,handel,handel,,gewerbe_vorschlag,2026-09-24,
Lehrmittel,3,bildung_kultur_kirche,freier_beruf,,gewerbe_vorschlag,2026-09-24,
Löwen-Apotheke,3,gesundheit,handel,,gewerbe_vorschlag,2026-09-24,
Margarine,3,lebensmittel,handel,,gewerbe_vorschlag,2026-09-24,
Metallhalbfabrikate,3,metall_maschinen,industrie,,gewerbe_vorschlag,2026-09-24,
Pfandleihanstalt,3,verwaltung,dienstleistung,,gewerbe_vorschlag,2026-09-24,
Pfeifen,3,sonstige,sonstige,,gewerbe_vorschlag,2026-09-24,
Posamenten,3,textil_bekleidung,handel,,gewerbe_vorschlag,2026-09-24,
Pumpen,3,handel,handel,,gewerbe_vorschlag,2026-09-24,
Radio-Reparaturwerkstätte,3,metall_maschinen,handwerk,,gewerbe_vorschlag,2026-09-24,
Radioapparate und -zubehör,3,handel,handel,,gewerbe_vorschlag,2026-09-24,
Registrierkassen,3,metall_maschinen,handel,,gewerbe_vorschlag,2026-09-24,
Reklamebüro,3,bildung_kultur_kirche,freier_beruf,,gewerbe_vorschlag,2026-09-24,
Rohrleitungsbau,3,bau,handwerk,,gewerbe_vorschlag,2026-09-24,
Sandstrahlgebläse,3,metall_maschinen,handel,,gewerbe_vorschlag,2026-09-24,
Sauerstoff-Rettungs- u. Behandlungsgeräte,3,handel,handel,,gewerbe_vorschlag,2026-09-24,
Schnittmuster,3,textil_bekleidung,handel,,gewerbe_vorschlag,2026-09-24,
Stahl,3,handel,handel,,gewerbe_vorschlag,2026-09-24,
Staubsauger,3,sonstige,sonstige,,gewerbe_vorschlag,2026-09-24,
Technische Großhandlung,3,handel,handel,,gewerbe_vorschlag,2026-09-24,
Technische Oele und Fette,3,metall_maschinen,handel,,gewerbe_vorschlag,2026-09-24,
Theatermaler,3,bau,handwerk,,gewerbe_vorschlag,2026-09-24,
Verbandstoffe,3,textil_bekleidung,handel,,gewerbe_vorschlag,2026-09-24,
Vereinsartikel,3,handel,handel,,gewerbe_vorschlag,2026-09-24,
Zeitschriften-Großvertrieb,3,handel,handel,,gewerbe_vorschlag,2026-09-24,
Zylinderschleiferei,3,metall_maschinen,handwerk,,gewerbe_vorschlag,2026-09-24,
Adressenverlag,2,bildung_kultur_kirche,freier_beruf,,gewerbe_vorschlag,2026-09-24,
Ansichtspostkarten,2,handel,handel,,gewerbe_vorschlag,2026-09-24,
Apothekerwaren,2,gesundheit,handel,,gewerbe_vorschlag,2026-09-24,
Architekten,2,bau,freier_beruf,,gewerbe_vorschlag,2026-09-24,
Autogene Schweißanlagen,2,metall_maschinen,handwerk,,gewerbe_vorschlag,2026-09-24,
Automaten,2,metall_maschinen,handel,,gewerbe_vorschlag,2026-09-24,
Basaltwerke,2,metall_maschinen,industrie,,gewerbe_vorschlag,2026-09-24,
Benzol,2,metall_maschinen,handel,,gewerbe_vorschlag,2026-09-24,
Bergwerks- und Hüttenprodukte,2,bergbau,handel,,gewerbe_vorschlag,2026-09-24,
Bierdruckanlag. und Reinigung,2,lebensmittel,handel,,gewerbe_vorschlag,2026-09-24,
Brennholz,2,holz_moebel,handel,,gewerbe_vorschlag,2026-09-24,
Brunnenbau,2,bau,handwerk,,gewerbe_vorschlag,2026-09-24,
Buch- und Steindruckereimaschinen-Reparaturen,2,metall_maschinen,handwerk,,gewerbe_vorschlag,2026-09-24,
Buchungsmaschinen,2,handel,handel,,gewerbe_vorschlag,2026-09-24,
Bäckereimaschinen und -geräte,2,lebensmittel,handwerk,,gewerbe_vorschlag,2026-09-24,
Deckenbau,2,bau,handwerk,,gewerbe_vorschlag,2026-09-24,
Draht,2,handel,handel,,gewerbe_vorschlag,2026-09-24,
Drahtgeflechte- u. -gewebefabrik,2,metall_maschinen,industrie,,gewerbe_vorschlag,2026-09-24,
Druckereiartikel,2,bildung_kultur_kirche,freier_beruf,,gewerbe_vorschlag,2026-09-24,
Druckfarben (für die graph. Industrie),2,bildung_kultur_kirche,freier_beruf,,gewerbe_vorschlag,2026-09-24,
Ehevermittlung,2,verwaltung,dienstleistung,,gewerbe_vorschlag,2026-09-24,
Eisen und Stahl,2,handel,handel,,gewerbe_vorschlag,2026-09-24,
Engel-Apotheke,2,gesundheit,handel,,gewerbe_vorschlag,2026-09-24,
Entmottungsanstalt,2,sonstige,sonstige,,gewerbe_vorschlag,2026-09-24,
Feldbahn,2,verkehr_bahn_post,dienstleistung,,gewerbe_vorschlag,2026-09-24,
Feuerungstechnische Anlagen,2,metall_maschinen,industrie,,gewerbe_vorschlag,2026-09-24,
Feuerversicherung,2,verwaltung,dienstleistung,,gewerbe_vorschlag,2026-09-24,
Feuerwerkskörper,2,sonstige,sonstige,,gewerbe_vorschlag,2026-09-24,
Filmaufnahmen,2,bildung_kultur_kirche,freier_beruf,,gewerbe_vorschlag,2026-09-24,
Fischbackstube,2,lebensmittel,handel,,gewerbe_vorschlag,2026-09-24,
Füllhalter,2,sonstige,sonstige,,gewerbe_vorschlag,2026-09-24,
Gardinenspannerei,2,textil_bekleidung,handwerk,,gewerbe_vorschlag,2026-09-24,
Gasreinigungsanlagen,2,haus_reinigung,dienstleistung,,gewerbe_vorschlag,2026-09-24,
Geigenbauer,2,bildung_kultur_kirche,freier_beruf,,gewerbe_vorschlag,2026-09-24,
Germania-Apotheke,2,gesundheit,handel,,gewerbe_vorschlag,2026-09-24,
Gießereibedarf u. -einrichtung,2,metall_maschinen,industrie,,gewerbe_vorschlag,2026-09-24,
Glas,2,sonstige,sonstige,,gewerbe_vorschlag,2026-09-24,
Glas (Fenster-),2,handel,handel,,gewerbe_vorschlag,2026-09-24,
Glas- Kristall- u. Porzellanwaren,2,handel,handel,,gewerbe_vorschlag,2026-09-24,
Glasdächer,2,handel,handel,,gewerbe_vorschlag,2026-09-24,
Glasätzerei,2,handel,handel,,gewerbe_vorschlag,2026-09-24,
Hausschuhe,2,textil_bekleidung,handel,,gewerbe_vorschlag,2026-09-24,
Hirsch-Apotheke,2,gesundheit,handel,,gewerbe_vorschlag,2026-09-24,
Holzagentur- u. Kommissionsgeschäft,2,holz_moebel,handel,,gewerbe_vorschlag,2026-09-24,
Honigkuchen,2,lebensmittel,handel,,gewerbe_vorschlag,2026-09-24,
Hospiz,2,sonstige,sonstige,,gewerbe_vorschlag,2026-09-24,
Häckselwerk,2,metall_maschinen,industrie,,gewerbe_vorschlag,2026-09-24,
Hütten- u. Walzwerkserzeugnisse,2,bergbau,handel,,gewerbe_vorschlag,2026-09-24,
Industrieofenbau,2,metall_maschinen,industrie,,gewerbe_vorschlag,2026-09-24,
Kanalisationsartikel,2,handel,handel,,gewerbe_vorschlag,2026-09-24,
Kapok,2,sonstige,sonstige,,gewerbe_vorschlag,2026-09-24,
Karnevalsartikel,2,handel,handel,,gewerbe_vorschlag,2026-09-24,
Keramik,2,handel,handel,,gewerbe_vorschlag,2026-09-24,
Kerzen,2,handel,handel,,gewerbe_vorschlag,2026-09-24,
Koksofenbau,2,metall_maschinen,industrie,,gewerbe_vorschlag,2026-09-24,
Krane und Hebezeuge,2,metall_maschinen,handel,,gewerbe_vorschlag,2026-09-24,
Krankenpflegeartikel,2,handel,handel,,gewerbe_vorschlag,2026-09-24,
Kunstbuchhandlung,2,handel,handel,,gewerbe_vorschlag,2026-09-24,
Kunstgewerbelehranstalt (Private),2,bildung_kultur_kirche,freier_beruf,,gewerbe_vorschlag,2026-09-24,
Kupferdruckerei,2,bildung_kultur_kirche,freier_beruf,,gewerbe_vorschlag,2026-09-24,
Kupferschmiede,2,metall_maschinen,handwerk,,gewerbe_vorschlag,2026-09-24,
Lampenschirme,2,textil_bekleidung,handel,,gewerbe_vorschlag,2026-09-24,
Landwirtschaftl. Maschinen,2,gastgewerbe,gastgewerbe,,gewerbe_vorschlag,2026-09-24,
Leim,2,handel,handel,,gewerbe_vorschlag,2026-09-24,
Luftfilter,2,metall_maschinen,handel,,gewerbe_vorschlag,2026-09-24,
Manometer,2,handel,handel,,gewerbe_vorschlag,2026-09-24,
Medizinische Apparate,2,handel,handel,,gewerbe_vorschlag,2026-09-24,
Medizinisches Warenhaus,2,handel,handel,,gewerbe_vorschlag,2026-09-24,
Metallbuchstaben,2,metall_maschinen,handel,,gewerbe_vorschlag,2026-09-24,
Metallwerkstätte,2,metall_maschinen,handel,,gewerbe_vorschlag,2026-09-24,
Milchwirtschaftliche Artikel,2,gastgewerbe,gastgewerbe,,gewerbe_vorschlag,2026-09-24,
Mitglied der Bauinnung,2,sonstige,sonstige,,gewerbe_vorschlag,2026-09-24,
Nationalsozialistische Bedarfsgegenstände,2,handel,handel,,gewerbe_vorschlag,2026-09-24,
Näh- u. Wollseide,2,textil_bekleidung,handwerk,,gewerbe_vorschlag,2026-09-24,
Organisationen,2,sonstige,sonstige,,gewerbe_vorschlag,2026-09-24,
Papiersortieranstalt,2,handel,handel,,gewerbe_vorschlag,2026-09-24,
Parkettfußbodenreinigung,2,haus_reinigung,dienstleistung,,gewerbe_vorschlag,2026-09-24,
Patentbüro,2,verwaltung,freier_beruf,,gewerbe_vorschlag,2026-09-24,
Pfandvermittler,2,verwaltung,dienstleistung,,gewerbe_vorschlag,2026-09-24,
Pharmazeutisches Laboratorium,2,gesundheit,handel,,gewerbe_vorschlag,2026-09-24,
Putzwolle,2,textil_bekleidung,handwerk,,gewerbe_vorschlag,2026-09-24,
Rechtsbeistand,2,verwaltung,freier_beruf,,gewerbe_vorschlag,2026-09-24,
Registraturen,2,handel,handel,,gewerbe_vorschlag,2026-09-24,
Reichsadler-Apotheke,2,gesundheit,handel,,gewerbe_vorschlag,2026-09-24,
Rostschutzfarben,2,textil_bekleidung,handwerk,,gewerbe_vorschlag,2026-09-24,
Salz,2,lebensmittel,handel,,gewerbe_vorschlag,2026-09-24,
Sand und Kies,2,bau,handel,,gewerbe_vorschlag,2026-09-24,
Sanitäre Einrichtungsgegenstände,2,bau,handwerk,,gewerbe_vorschlag,2026-09-24,
Sauerkraut,2,lebensmittel,handel,,gewerbe_vorschlag,2026-09-24,
Schalttafeln,2,metall_maschinen,handwerk,,gewerbe_vorschlag,2026-09-24,
Schlackenbrecherei,2,sonstige,handwerk,,gewerbe_vorschlag,2026-09-24,
Schläuche,2,metall_maschinen,handel,,gewerbe_vorschlag,2026-09-24,
Schreibwaren,2,handel,handel,,gewerbe_vorschlag,2026-09-24,
Schuhmacherbedarf und Werkzeuge,2,textil_bekleidung,handwerk,,gewerbe_vorschlag,2026-09-24,
Schweiß- und Schneideapparate,2,metall_maschinen,handwerk,,gewerbe_vorschlag,2026-09-24,
Seiden- und Samtwaren,2,handel,handel,,gewerbe_vorschlag,2026-09-24,
Seidenstoffweberei,2,textil_bekleidung,handwerk,,gewerbe_vorschlag,2026-09-24,
Sonnen-Apotheke,2,gesundheit,handel,,gewerbe_vorschlag,2026-09-24,
Spiegelbeleganstalt,2,sonstige,sonstige,,gewerbe_vorschlag,2026-09-24,
Stahlbüromöbel,2,holz_moebel,handel,,gewerbe_vorschlag,2026-09-24,
Steindruckerei,2,bildung_kultur_kirche,freier_beruf,,gewerbe_vorschlag,2026-09-24,
Steinholzwerke,2,holz_moebel,handel,,gewerbe_vorschlag,2026-09-24,
Stern-Apotheke,2,gesundheit,handel,,gewerbe_vorschlag,2026-09-24,
Stopfbuchsenpackungen,2,metall_maschinen,handel,,gewerbe_vorschlag,2026-09-24,
Stühle,2,holz_moebel,handel,,gewerbe_vorschlag,2026-09-24,
Tiefbohrunternehmer,2,bergbau,handel,,gewerbe_vorschlag,2026-09-24,
Türen,2,bau,handel,,gewerbe_vorschlag,2026-09-24,
Umpreßanstalt,2,sonstige,sonstige,,gewerbe_vorschlag,2026-09-24,
Verchromungs- u. Vernickelungsanstalt,2,metall_maschinen,handwerk,,gewerbe_vorschlag,2026-09-24,
Verpackungs-Material,2,sonstige,sonstige,,gewerbe_vorschlag,2026-09-24,
Waagen und Gewichte,2,metall_maschinen,handel,,gewerbe_vorschlag,2026-09-24,
Wachswaren,2,handel,handel,,gewerbe_vorschlag,2026-09-24,
Waffeln,2,lebensmittel,handel,,gewerbe_vorschlag,2026-09-24,
Waffen,2,handel,handel,,gewerbe_vorschlag,2026-09-24,
Werkzeugmaschinen,2,metall_maschinen,industrie,,gewerbe_vorschlag,2026-09-24,
Wolle,2,textil_bekleidung,handel,,gewerbe_vorschlag,2026-09-24,
Zigarettenpapier,2,lebensmittel,handel,,gewerbe_vorschlag,2026-09-24,
Abwärmeverwertung,1,sonstige,sonstige,,gewerbe_vorschlag,2026-09-24,
Abzahlungsgeschäft,1,handel,handel,,gewerbe_vorschlag,2026-09-24,
Alfredshof-Apotheke,1,gesundheit,handel,,gewerbe_vorschlag,2026-09-24,
Aluminiumgießerei,1,metall_maschinen,industrie,,gewerbe_vorschlag,2026-09-24,
Anker-Apotheke,1,gesundheit,handel,,gewerbe_vorschlag,2026-09-24,
Anzeigenvermittler,1,sonstige,sonstige,,gewerbe_vorschlag,2026-09-24,
Apotheke Horst-Ruhr,1,gesundheit,handel,,gewerbe_vorschlag,2026-09-24,
Apotheke z. schwarzen Adler,1,gesundheit,handel,,gewerbe_vorschlag,2026-09-24,
Apothke,1,sonstige,sonstige,,gewerbe_vorschlag,2026-09-24,
Architektin,1,bau,freier_beruf,,gewerbe_vorschlag,2026-09-24,
Augusta-Apotheke,1,gesundheit,handel,,gewerbe_vorschlag,2026-09-24,
Ausstellung und Messeaufbau,1,sonstige,sonstige,,gewerbe_vorschlag,2026-09-24,
Auto-Treibstoffe,1,textil_bekleidung,handel,,gewerbe_vorschlag,2026-09-24,
Auto-Verwertung,1,sonstige,sonstige,,gewerbe_vorschlag,2026-09-24,
Autogengeräte,1,metall_maschinen,handwerk,,gewerbe_vorschlag,2026-09-24,
Autozylinder- u. Kurbelwellen-Schleiferei,1,metall_maschinen,handwerk,,gewerbe_vorschlag,2026-09-24,
Badeöfen,1,haus_reinigung,dienstleistung,,gewerbe_vorschlag,2026-09-24,
Bahnhof-Apotheke,1,gesundheit,handel,,gewerbe_vorschlag,2026-09-24,
Bandagisten,1,gesundheit,handel,,gewerbe_vorschlag,2026-09-24,
Bau-  und Möbelbeschläge,1,holz_moebel,handel,,gewerbe_vorschlag,2026-09-24,
Bauaustrocknung,1,bau,handwerk,,gewerbe_vorschlag,2026-09-24,
Baufinanzierungen,1,verwaltung,dienstleistung,,gewerbe_vorschlag,2026-09-24,
Baumschule,1,bildung_kultur_kirche,freier_beruf,,gewerbe_vorschlag,2026-09-24,
Baumwollwaren,1,handel,handel,,gewerbe_vorschlag,2026-09-24,
Bausparkasse,1,verwaltung,dienstleistung,,gewerbe_vorschlag,2026-09-24,
Berg-Apotheke,1,gesundheit,handel,,gewerbe_vorschlag,2026-09-24,
Besohlanstalt,1,textil_bekleidung,handwerk,,gewerbe_vorschlag,2026-09-24,
Bestrahlungstherapie,1,gesundheit,freier_beruf,,gewerbe_vorschlag,2026-09-24,
Betrieb: Schiebefenster (Patent),1,verwaltung,freier_beruf,,gewerbe_vorschlag,2026-09-24,
Billardartikel,1,handel,handel,,gewerbe_vorschlag,2026-09-24,
Bootsmotoren,1,sonstige,sonstige,,gewerbe_vorschlag,2026-09-24,
Bootswerft,1,sonstige,sonstige,,gewerbe_vorschlag,2026-09-24,
Bootswerften,1,sonstige,sonstige,,gewerbe_vorschlag,2026-09-24,
Brauerei- und Brennereibedarf,1,lebensmittel,handwerk,,gewerbe_vorschlag,2026-09-24,
Briefmarken-Rundsendeverkehr,1,handel,handel,,gewerbe_vorschlag,2026-09-24,
Buch- und Steindruckereieinrichtungen,1,bildung_kultur_kirche,freier_beruf,,gewerbe_vorschlag,2026-09-24,
Büchsenmacher,1,metall_maschinen,handwerk,,gewerbe_vorschlag,2026-09-24,
Bühnenbau,1,sonstige,sonstige,,gewerbe_vorschlag,2026-09-24,
Büro,1,sonstige,sonstige,,gewerbe_vorschlag,2026-09-24,
Carbid-Beleuchtungsapparate,1,handel,handel,,gewerbe_vorschlag,2026-09-24,
Carl AntonApparatebau,1,metall_maschinen,industrie,,gewerbe_vorschlag,2026-09-24,
Central-Apotheke am Kronenberg,1,gesundheit,handel,,gewerbe_vorschlag,2026-09-24,
Chem. Anlagen,1,metall_maschinen,handel,,gewerbe_vorschlag,2026-09-24,
Chem. Apparate,1,metall_maschinen,handel,,gewerbe_vorschlag,2026-09-24,
Continental-Buchungsmaschinen,1,handel,handel,,gewerbe_vorschlag,2026-09-24,
Dampf-Straßenwalzenbetrieb,1,sonstige,sonstige,,gewerbe_vorschlag,2026-09-24,
Deutsche Adreßbuch-Gesellschaft m. b. H.,1,sonstige,sonstige,,gewerbe_vorschlag,2026-09-24,
Dichtungs- und Packungsmaterial,1,metall_maschinen,handel,,gewerbe_vorschlag,2026-09-24,
Durchschreibe-Buchführung,1,handel,handel,,gewerbe_vorschlag,2026-09-24,
Eichen-Apotheke,1,gesundheit,handel,,gewerbe_vorschlag,2026-09-24,
Einhorn-Apotheke,1,gesundheit,handel,,gewerbe_vorschlag,2026-09-24,
Eisenschutzanstrich,1,textil_bekleidung,handwerk,,gewerbe_vorschlag,2026-09-24,
Elektrische Schweißmaschinen u. Zubehör,1,metall_maschinen,handwerk,,gewerbe_vorschlag,2026-09-24,
Elektrische Uhren,1,metall_maschinen,handwerk,,gewerbe_vorschlag,2026-09-24,
Elektrofahrzeug- u. Zugbeleuchtungs-Batterien,1,metall_maschinen,handwerk,,gewerbe_vorschlag,2026-09-24,
Essener Akkumulatorenvertrieb,1,metall_maschinen,industrie,,gewerbe_vorschlag,2026-09-24,
Essener Fahrzeug- u. Apparatebau,1,metall_maschinen,industrie,,gewerbe_vorschlag,2026-09-24,
Exportgeschäft,1,handel,handel,,gewerbe_vorschlag,2026-09-24,
Fahnenstangen,1,sonstige,sonstige,,gewerbe_vorschlag,2026-09-24,
Fahrtreppen,1,verkehr_bahn_post,dienstleistung,,gewerbe_vorschlag,2026-09-24,
Falken-Apotheke,1,gesundheit,handel,,gewerbe_vorschlag,2026-09-24,
Feilenfabrik,1,metall_maschinen,industrie,,gewerbe_vorschlag,2026-09-24,
Fenster (Schmiedeeiserne),1,metall_maschinen,handwerk,,gewerbe_vorschlag,2026-09-24,
Fernmelde-  und Meßtechnik,1,sonstige,sonstige,,gewerbe_vorschlag,2026-09-24,
Filze,1,textil_bekleidung,handel,,gewerbe_vorschlag,2026-09-24,
Fleischerei-Maschinen,1,lebensmittel,handwerk,,gewerbe_vorschlag,2026-09-24,
Flora-Apotheke,1,gesundheit,handel,,gewerbe_vorschlag,2026-09-24,
Friseureinrichtungen u. -apparate,1,haus_reinigung,dienstleistung,,gewerbe_vorschlag,2026-09-24,
Friseurfachschule,1,bildung_kultur_kirche,freier_beruf,,gewerbe_vorschlag,2026-09-24,
Frohnhauser Apotheke,1,gesundheit,handel,,gewerbe_vorschlag,2026-09-24,
Furniere,1,holz_moebel,handel,,gewerbe_vorschlag,2026-09-24,
Fußpflegeartikel,1,handel,handel,,gewerbe_vorschlag,2026-09-24,
Galerieleisten,1,holz_moebel,handel,,gewerbe_vorschlag,2026-09-24,
Gardinen,1,sonstige,sonstige,,gewerbe_vorschlag,2026-09-24,
Gegr. 1908. Glas- und Gebäudereinigung,1,haus_reinigung,dienstleistung,,gewerbe_vorschlag,2026-09-24,
Gegr. 1910. Handelsvertreter,1,handel,handel,,gewerbe_vorschlag,2026-09-24,
Geldschränke,1,handel,handel,,gewerbe_vorschlag,2026-09-24,
Gemälde,1,bildung_kultur_kirche,freier_beruf,,gewerbe_vorschlag,2026-09-24,
Gerber,1,textil_bekleidung,handwerk,,gewerbe_vorschlag,2026-09-24,
Geschäftsbücher,1,handel,handel,,gewerbe_vorschlag,2026-09-24,
Gips u. Gipsfabrikate,1,metall_maschinen,industrie,,gewerbe_vorschlag,2026-09-24,
Glaser und Glashandlung,1,bau,handwerk,,gewerbe_vorschlag,2026-09-24,
Glasversicherungsgesellschaft,1,verwaltung,dienstleistung,,gewerbe_vorschlag,2026-09-24,
Glavan. Institut,1,sonstige,sonstige,,gewerbe_vorschlag,2026-09-24,
Graphologie,1,bildung_kultur_kirche,freier_beruf,,gewerbe_vorschlag,2026-09-24,
Großhandlung Möbel,1,holz_moebel,handel,,gewerbe_vorschlag,2026-09-24,
Gußstahl,1,sonstige,sonstige,,gewerbe_vorschlag,2026-09-24,
Gärtnerei-  und Binderei-Bedarf,1,haus_reinigung,dienstleistung,,gewerbe_vorschlag,2026-09-24,
Handarbeitsgarne,1,textil_bekleidung,handel,,gewerbe_vorschlag,2026-09-24,
Handels-Auskunftei,1,verwaltung,freier_beruf,,gewerbe_vorschlag,2026-09-24,
Hansa-Apotheke,1,gesundheit,handel,,gewerbe_vorschlag,2026-09-24,
Hasen-Apotheke,1,gesundheit,handel,,gewerbe_vorschlag,2026-09-24,
Heimarbeiten,1,sonstige,sonstige,,gewerbe_vorschlag,2026-09-24,
Herkules-Apotheke,1,gesundheit,handel,,gewerbe_vorschlag,2026-09-24,
Herrenkleider,1,sonstige,sonstige,,gewerbe_vorschlag,2026-09-24,
Hohenzollern-Apotheke,1,gesundheit,handel,,gewerbe_vorschlag,2026-09-24,
Holz (Grubenholz),1,bergbau,handel,,gewerbe_vorschlag,2026-09-24,
Holzbauten,1,holz_moebel,handel,,gewerbe_vorschlag,2026-09-24,
Holzkohle,1,holz_moebel,handel,,gewerbe_vorschlag,2026-09-24,
Holzleisten,1,holz_moebel,handel,,gewerbe_vorschlag,2026-09-24,
Hutfabrik,1,textil_bekleidung,handwerk,,gewerbe_vorschlag,2026-09-24,
Hypothekenbank,1,verwaltung,dienstleistung,,gewerbe_vorschlag,2026-09-24,
Illuminationsartikel,1,handel,handel,,gewerbe_vorschlag,2026-09-24,
Importgeschäft,1,handel,handel,,gewerbe_vorschlag,2026-09-24,
Instrumente (ärztl.),1,gesundheit,freier_beruf,,gewerbe_vorschlag,2026-09-24,
Kapuziner-Apotheke,1,gesundheit,handel,,gewerbe_vorschlag,2026-09-24,
Kaufhaus,1,handel,handel,,gewerbe_vorschlag,2026-09-24,
Keksfabrik,1,metall_maschinen,industrie,,gewerbe_vorschlag,2026-09-24,
Kellereibedarf,1,handel,handel,,gewerbe_vorschlag,2026-09-24,
Kesseleinbau,1,metall_maschinen,industrie,,gewerbe_vorschlag,2026-09-24,
Kies- und Sandbaggerei,1,sonstige,handwerk,,gewerbe_vorschlag,2026-09-24,
Kinderbekleidung,1,textil_bekleidung,handel,,gewerbe_vorschlag,2026-09-24,
Kirchenbedarf,1,handel,handel,,gewerbe_vorschlag,2026-09-24,
Kittfabrik,1,metall_maschinen,industrie,,gewerbe_vorschlag,2026-09-24,
Klebstoffe,1,textil_bekleidung,handel,,gewerbe_vorschlag,2026-09-24,
Koffer und Reiseeffekten,1,handel,handel,,gewerbe_vorschlag,2026-09-24,
Kohlensäuredüngeanlagen,1,handel,handel,,gewerbe_vorschlag,2026-09-24,
Konserven,1,lebensmittel,handel,,gewerbe_vorschlag,2026-09-24,
Kontrollkassen,1,metall_maschinen,handel,,gewerbe_vorschlag,2026-09-24,
Korken,1,handel,handel,,gewerbe_vorschlag,2026-09-24,
Kosmetisches Institut,1,gesundheit,handel,,gewerbe_vorschlag,2026-09-24,
Krankenversicherung,1,verwaltung,dienstleistung,,gewerbe_vorschlag,2026-09-24,
Kreuzapotheke,1,gesundheit,handel,,gewerbe_vorschlag,2026-09-24,
Kronen-Apotheke,1,gesundheit,handel,,gewerbe_vorschlag,2026-09-24,
Kunststeine,1,bau,handel,,gewerbe_vorschlag,2026-09-24,
Kupferrohre,1,metall_maschinen,handel,,gewerbe_vorschlag,2026-09-24,
Kupferwalzwerk,1,metall_maschinen,industrie,,gewerbe_vorschlag,2026-09-24,
Laboratoriumsartikel,1,handel,handel,,gewerbe_vorschlag,2026-09-24,
Landkarten,1,handel,handel,,gewerbe_vorschlag,2026-09-24,
Landmesser (Vereid. Vermessungsingenieur),1,bau,freier_beruf,,gewerbe_vorschlag,2026-09-24,
Lautenlehrer,1,bildung_kultur_kirche,freier_beruf,,gewerbe_vorschlag,2026-09-24,
Leichenfuhrwesen,1,verkehr_bahn_post,dienstleistung,,gewerbe_vorschlag,2026-09-24,
Leitern,1,bau,handel,,gewerbe_vorschlag,2026-09-24,
Leuchtspiegel,1,sonstige,sonstige,,gewerbe_vorschlag,2026-09-24,
Luisen-Apotheke,1,gesundheit,handel,,gewerbe_vorschlag,2026-09-24,
Margareten-Apotheke,1,gesundheit,handel,,gewerbe_vorschlag,2026-09-24,
Marien-Apotheke,1,gesundheit,handel,,gewerbe_vorschlag,2026-09-24,
Marmor,1,bau,handel,,gewerbe_vorschlag,2026-09-24,
Matten,1,sonstige,sonstige,,gewerbe_vorschlag,2026-09-24,
Mayonnaisefabrik,1,metall_maschinen,industrie,,gewerbe_vorschlag,2026-09-24,
Messingbleche,1,metall_maschinen,handel,,gewerbe_vorschlag,2026-09-24,
Metallschmelzwerke,1,metall_maschinen,industrie,,gewerbe_vorschlag,2026-09-24,
Meßinstrumente,1,handel,handel,,gewerbe_vorschlag,2026-09-24,
Militäreffekten,1,textil_bekleidung,handel,,gewerbe_vorschlag,2026-09-24,
Möbelaufbewahrung,1,holz_moebel,handel,,gewerbe_vorschlag,2026-09-24,
Mühlenbau,1,lebensmittel,handwerk,,gewerbe_vorschlag,2026-09-24,
Mützenfabrik,1,metall_maschinen,industrie,,gewerbe_vorschlag,2026-09-24,
Nähgarne,1,textil_bekleidung,handwerk,,gewerbe_vorschlag,2026-09-24,
Obst u. Gemüseerzeuger,1,lebensmittel,handel,,gewerbe_vorschlag,2026-09-24,
Offsetdruckerei,1,bildung_kultur_kirche,freier_beruf,,gewerbe_vorschlag,2026-09-24,
Orgelbauer,1,bildung_kultur_kirche,freier_beruf,,gewerbe_vorschlag,2026-09-24,
Packpapier,1,handel,handel,,gewerbe_vorschlag,2026-09-24,
Pappenfabrik,1,metall_maschinen,industrie,,gewerbe_vorschlag,2026-09-24,
Phönix-Apotheke,1,gesundheit,handel,,gewerbe_vorschlag,2026-09-24,
Plakatanschlag,1,sonstige,sonstige,,gewerbe_vorschlag,2026-09-24,
Planen,1,sonstige,sonstige,,gewerbe_vorschlag,2026-09-24,
Polieranstalt,1,sonstige,sonstige,,gewerbe_vorschlag,2026-09-24,
Postkarten-Verlag,1,bildung_kultur_kirche,freier_beruf,,gewerbe_vorschlag,2026-09-24,
Preßluftanlagen und Werkzeuge,1,handel,handel,,gewerbe_vorschlag,2026-09-24,
Prismenoberlichte,1,sonstige,sonstige,,gewerbe_vorschlag,2026-09-24,
Prägeanstalt,1,sonstige,sonstige,,gewerbe_vorschlag,2026-09-24,
Puppen-Klinik,1,sonstige,sonstige,,gewerbe_vorschlag,2026-09-24,
Putz-Großhandlung,1,textil_bekleidung,handwerk,,gewerbe_vorschlag,2026-09-24,
Putzlappen,1,textil_bekleidung,handwerk,,gewerbe_vorschlag,2026-09-24,
Rahmen und Leisten,1,holz_moebel,handel,,gewerbe_vorschlag,2026-09-24,
Reinigungsmittel,1,haus_reinigung,dienstleistung,,gewerbe_vorschlag,2026-09-24,
Reklameartikel,1,bildung_kultur_kirche,freier_beruf,,gewerbe_vorschlag,2026-09-24,
Rollgitter,1,bau,handwerk,,gewerbe_vorschlag,2026-09-24,
Rosen-Apotheke,1,gesundheit,handel,,gewerbe_vorschlag,2026-09-24,
Rundfunkvermittlung,1,verkehr_bahn_post,dienstleistung,,gewerbe_vorschlag,2026-09-24,
Rüttenscheider Apotheke,1,gesundheit,handel,,gewerbe_vorschlag,2026-09-24,
Sargbeschläge,1,sonstige,sonstige,,gewerbe_vorschlag,2026-09-24,
Sattlerwaren,1,textil_bekleidung,handwerk,,gewerbe_vorschlag,2026-09-24,
Schachtabteufen,1,bergbau,handel,,gewerbe_vorschlag,2026-09-24,
Schachtförderanlagen,1,bergbau,handel,,gewerbe_vorschlag,2026-09-24,
Schallplatten,1,handel,handel,,gewerbe_vorschlag,2026-09-24,
Schaufensterbüsten,1,sonstige,sonstige,,gewerbe_vorschlag,2026-09-24,
Schaufenstergestalter,1,sonstige,sonstige,,gewerbe_vorschlag,2026-09-24,
Schiffahrtsgesellschaft,1,verkehr_bahn_post,dienstleistung,,gewerbe_vorschlag,2026-09-24,
Schiller-Apotheke,1,gesundheit,handel,,gewerbe_vorschlag,2026-09-24,
Schlösser (Vorhänge-),1,sonstige,sonstige,,gewerbe_vorschlag,2026-09-24,
Schmuck,1,handel,handel,,gewerbe_vorschlag,2026-09-24,
Schrauben und Muttern (Metall),1,metall_maschinen,handel,,gewerbe_vorschlag,2026-09-24,
Schulwandtafeln,1,bildung_kultur_kirche,freier_beruf,,gewerbe_vorschlag,2026-09-24,
Schwanen-Apotheke,1,gesundheit,handel,,gewerbe_vorschlag,2026-09-24,
Schwanenspotheke,1,sonstige,sonstige,,gewerbe_vorschlag,2026-09-24,
Sprengarbeiten,1,bergbau,handel,,gewerbe_vorschlag,2026-09-24,
Stadtwald-Apotheke,1,gesundheit,handel,,gewerbe_vorschlag,2026-09-24,
Stahlbauten,1,metall_maschinen,industrie,,gewerbe_vorschlag,2026-09-24,
Stahlfedernfabrik (Schreibfedern),1,metall_maschinen,industrie,,gewerbe_vorschlag,2026-09-24,
Steinhandel,1,handel,handel,,gewerbe_vorschlag,2026-09-24,
Steinputz,1,textil_bekleidung,handwerk,,gewerbe_vorschlag,2026-09-24,
Stiele,1,sonstige,sonstige,,gewerbe_vorschlag,2026-09-24,
Süd-Apotheke,1,gesundheit,handel,,gewerbe_vorschlag,2026-09-24,
Tachometer,1,handel,handel,,gewerbe_vorschlag,2026-09-24,
Teerstraßenbau,1,bau,handwerk,,gewerbe_vorschlag,2026-09-24,
Telephonanlagen,1,handel,handel,,gewerbe_vorschlag,2026-09-24,
Telephonvermietung,1,verkehr_bahn_post,dienstleistung,,gewerbe_vorschlag,2026-09-24,
Telephonzellen,1,verkehr_bahn_post,dienstleistung,,gewerbe_vorschlag,2026-09-24,
Theater- und Konzertunternehmung,1,bildung_kultur_kirche,freier_beruf,,gewerbe_vorschlag,2026-09-24,
Theaterkostüm-Verleih,1,bildung_kultur_kirche,freier_beruf,,gewerbe_vorschlag,2026-09-24,
Tischfabrik,1,metall_maschinen,industrie,,gewerbe_vorschlag,2026-09-24,
Tonwaren,1,handel,handel,,gewerbe_vorschlag,2026-09-24,
Transformatoren,1,metall_maschinen,industrie,,gewerbe_vorschlag,2026-09-24,
Treibriemen-Konservierungsmittel,1,metall_maschinen,handel,,gewerbe_vorschlag,2026-09-24,
Turn- und Sportgeräte,1,sonstige,sonstige,,gewerbe_vorschlag,2026-09-24,
Türschließer,1,bau,handel,,gewerbe_vorschlag,2026-09-24,
Uhrenfabrik und -anlagen,1,metall_maschinen,industrie,,gewerbe_vorschlag,2026-09-24,
Uhrgehäusemacher,1,metall_maschinen,handwerk,,gewerbe_vorschlag,2026-09-24,
Unfallschäden,1,sonstige,sonstige,,gewerbe_vorschlag,2026-09-24,
Ventilatoren,1,handel,handel,,gewerbe_vorschlag,2026-09-24,
Verkehrsunternehmung,1,sonstige,sonstige,,gewerbe_vorschlag,2026-09-24,
Vertretung in Kraftfahrzeug-Anlaß- und Beleuchtungs- sowie Rundfunk-Batterien,1,verwaltung,dienstleistung,,gewerbe_vorschlag,2026-09-24,
Wach- u. Schließinstitute,1,sonstige,sonstige,,gewerbe_vorschlag,2026-09-24,
Wachsfackeln,1,sonstige,sonstige,,gewerbe_vorschlag,2026-09-24,
Waschkesselöfen,1,bau,handel,,gewerbe_vorschlag,2026-09-24,
Wasserdichte Berufskleidung,1,textil_bekleidung,handel,,gewerbe_vorschlag,2026-09-24,
Wasserdichte Stoffe,1,textil_bekleidung,handel,,gewerbe_vorschlag,2026-09-24,
Wasserreinigung,1,haus_reinigung,dienstleistung,,gewerbe_vorschlag,2026-09-24,
Wohnungsnachweis,1,sonstige,sonstige,,gewerbe_vorschlag,2026-09-24,
Wärmewirtschaft,1,gastgewerbe,gastgewerbe,,gewerbe_vorschlag,2026-09-24,
Wäscherei-Einrichtungen,1,textil_bekleidung,handwerk,,gewerbe_vorschlag,2026-09-24,
Wünschelrutenforscher,1,sonstige,sonstige,,gewerbe_vorschlag,2026-09-24,
Zahnfabrik,1,gesundheit,freier_beruf,,gewerbe_vorschlag,2026-09-24,
Zahnräder,1,gesundheit,freier_beruf,,gewerbe_vorschlag,2026-09-24,
Zement,1,bau,handel,,gewerbe_vorschlag,2026-09-24,
Zweck-Spar-Unternehmung,1,sonstige,sonstige,,gewerbe_vorschlag,2026-09-24,
künstl.,1,sonstige,sonstige,,gewerbe_vorschlag,2026-09-24,
sonstige Gymnastiklehranstalt (Private),1,bildung_kultur_kirche,freier_beruf,,gewerbe_vorschlag,2026-09-24,
Öfen (Kachel)-,1,bau,handwerk,,gewerbe_vorschlag,2026-09-24,
Öfen (industrielle),1,bau,handel,,gewerbe_vorschlag,2026-09-24,
