ohdab_id,norm,nennungen,gruppe,geprueft,bearbeiter,datum,hinweis
B 21112-100,Bergmann/-frau,28998,bergbau,,gruppen_vorschlag,2026-09-24,
A 10200-502,Invalide/Invalidin,12065,sonstige,,gruppen_vorschlag,2026-09-24,
B 20002-500,Arbeiter/in - allgemein,9039,metall_maschinen,,gruppen_vorschlag,2026-09-24,
B 24412-127,Schlosser/in,7477,metall_maschinen,,gruppen_vorschlag,2026-09-24,
B 61203-504,Kaufmann/-frau,7117,handel,,gruppen_vorschlag,2026-09-24,
A 10300-513,Pensionär/in,3837,gastgewerbe,,gruppen_vorschlag,2026-09-24,
B 24232-102,Dreher/in,2418,metall_maschinen,,gruppen_vorschlag,2026-09-24,
B 32122-100,Maurer/in,2416,bau,,gruppen_vorschlag,2026-09-24,
B 20002-501,Fabrikarbeiter/in - allgemein,1998,metall_maschinen,,gruppen_vorschlag,2026-09-24,
B 22342-203,Schreiner/in,1846,holz_moebel,,gruppen_vorschlag,2026-09-24,
B 52122-123,Kraftwagenführer/in,1829,verkehr_bahn_post,,gruppen_vorschlag,2026-09-24,
B 25122-502,Maschinist/in,1772,metall_maschinen,,gruppen_vorschlag,2026-09-24,
B 33212-121,Anstreicher/in,1718,bau,,gruppen_vorschlag,2026-09-24,
B 28222-264,Schneider/in,1587,textil_bekleidung,,gruppen_vorschlag,2026-09-24,
A 10300-529,Rentner/in,1581,sonstige,,gruppen_vorschlag,2026-09-24,
B 20003-505,Ingenieur/in (allgemein),1484,metall_maschinen,,gruppen_vorschlag,2026-09-24,
B 84124-120,Lehrer/in,1476,bildung_kultur_kirche,,gruppen_vorschlag,2026-09-24,
B 63394-158,"Schankwirt/in, Schenkwirt/in",1413,gastgewerbe,,gruppen_vorschlag,2026-09-24,
B 24412-100,Schmied/in,1344,metall_maschinen,,gruppen_vorschlag,2026-09-24,
B 71403-501,Bürobeamte/r,1240,verwaltung,,gruppen_vorschlag,2026-09-24,
B 21112-106,Hauer/in (Gewinnung),1083,bergbau,,gruppen_vorschlag,2026-09-24,
B 82312-102,Friseur/in,1079,haus_reinigung,,gruppen_vorschlag,2026-09-24,
B 25112-119,Monteur/in,1078,metall_maschinen,,gruppen_vorschlag,2026-09-24,
B 27393-101,Werkmeister/in,1033,verwaltung,,gruppen_vorschlag,2026-09-24,
B 21193-142,Steiger/in,981,bergbau,,gruppen_vorschlag,2026-09-24,
B 71302-123,Kaufmännische/r Angestellte/r,954,sonstige,,gruppen_vorschlag,2026-09-24,
B 61123-504,Vertreter/in,948,sonstige,,gruppen_vorschlag,2026-09-24,
B 29222-101,Bäcker/in,830,lebensmittel,,gruppen_vorschlag,2026-09-24,
B 31194-104,Bauunternehmer/in,777,bau,,gruppen_vorschlag,2026-09-24,
B 28332-101,Schuhmacher/in,745,textil_bekleidung,,gruppen_vorschlag,2026-09-24,
B 29232-145,Metzger/in,733,lebensmittel,,gruppen_vorschlag,2026-09-24,
B 62102-503,Händler/in,730,handel,,gruppen_vorschlag,2026-09-24,
B 24142-100,Former/in,724,metall_maschinen,,gruppen_vorschlag,2026-09-24,
B 52202-101,Lokomotivführer/in,721,verkehr_bahn_post,,gruppen_vorschlag,2026-09-24,
B 72213-101,Buchhalter/in,719,sonstige,,gruppen_vorschlag,2026-09-24,
B 12102-104,Gärtner/in,714,haus_reinigung,,gruppen_vorschlag,2026-09-24,
B 28293-151,Schneidermeister/in,713,textil_bekleidung,,gruppen_vorschlag,2026-09-24,
B 21002-542,Techniker/in (allgemein),704,metall_maschinen,,gruppen_vorschlag,2026-09-24,
B 61282-516,Kolonialwarenhändler/in,702,handel,,gruppen_vorschlag,2026-09-24,
B 20002-516,Angestellte/r,670,metall_maschinen,,gruppen_vorschlag,2026-09-24,
B 62302-107,Lebensmittelhändler/in (Einzelhandel),661,lebensmittel,,gruppen_vorschlag,2026-09-24,
B 26212-119,Elektriker/in,659,metall_maschinen,,gruppen_vorschlag,2026-09-24,
B 32102-108,Bauarbeiter/in,658,bau,,gruppen_vorschlag,2026-09-24,
B 34202-100,Klempner/in,650,bau,,gruppen_vorschlag,2026-09-24,
B 70002-504,Beamte/r,644,verwaltung,,gruppen_vorschlag,2026-09-24,
B 25122-111,Heizer/in,627,metall_maschinen,,gruppen_vorschlag,2026-09-24,
B 31114-103,Architekt/in,622,bau,,gruppen_vorschlag,2026-09-24,
B 24232-117,Fräser/in,590,metall_maschinen,,gruppen_vorschlag,2026-09-24,
B 11102-530,Landwirt/in im Nebenerwerb,580,sonstige,,gruppen_vorschlag,2026-09-24,
B 29293-100,Bäckermeister/in,575,lebensmittel,,gruppen_vorschlag,2026-09-24,
B 61282-119,Milchhändler/in,566,handel,,gruppen_vorschlag,2026-09-24,
B 27302-104,Vorarbeiter/in,563,verwaltung,,gruppen_vorschlag,2026-09-24,
B 63302-112,Kellner/in,562,gastgewerbe,,gruppen_vorschlag,2026-09-24,
B 21004-502,Diplomingenieur/in,552,metall_maschinen,,gruppen_vorschlag,2026-09-24,
B 29293-163,Metzgermeister/in,532,lebensmittel,,gruppen_vorschlag,2026-09-24,
B 11342-105,Fuhrmann/-frau,529,verkehr_bahn_post,,gruppen_vorschlag,2026-09-24,
B 33212-135,Maler/in,517,bau,,gruppen_vorschlag,2026-09-24,
B 22393-160,Schreinermeister/in,503,holz_moebel,,gruppen_vorschlag,2026-09-24,
B 51322-518,Postschaffner/in,498,verkehr_bahn_post,,gruppen_vorschlag,2026-09-24,
B 20001-500,Hilfsarbeiter/in,463,metall_maschinen,,gruppen_vorschlag,2026-09-24,
B 63394-105,Gastwirt/in,457,gastgewerbe,,gruppen_vorschlag,2026-09-24,
B 51412-122,Straßenbahnschaffner/in,430,verkehr_bahn_post,,gruppen_vorschlag,2026-09-24,
B 71104-100,Geschäftsführer/in,425,sonstige,,gruppen_vorschlag,2026-09-24,
B 33222-100,Stuckateur/in,415,bau,,gruppen_vorschlag,2026-09-24,
B 51694-113,Fuhrunternehmer/in,412,verkehr_bahn_post,,gruppen_vorschlag,2026-09-24,
B 21002-501,Schleifer/in,382,metall_maschinen,,gruppen_vorschlag,2026-09-24,
B 71104-115,Prokurist/in,376,sonstige,,gruppen_vorschlag,2026-09-24,
B 20004-501,Oberingenieur/in,371,metall_maschinen,,gruppen_vorschlag,2026-09-24,
A 40000-501,Hausbesitzer/in,364,sonstige,,gruppen_vorschlag,2026-09-24,
B 23412-106,Buchdrucker/in,364,metall_maschinen,,gruppen_vorschlag,2026-09-24,
B 34102-101,Hausmeister/in,360,metall_maschinen,,gruppen_vorschlag,2026-09-24,
B 71493-105,Bürovorsteher/in,357,verwaltung,,gruppen_vorschlag,2026-09-24,
A 54912-506,Reisende/r,356,sonstige,,gruppen_vorschlag,2026-09-24,
B 33293-113,Maler- und Anstreichermeister/in,345,textil_bekleidung,,gruppen_vorschlag,2026-09-24,
B 25102-122,Mechaniker/in,344,metall_maschinen,,gruppen_vorschlag,2026-09-24,
B 51412-505,Bahnbedienstete/r,342,verkehr_bahn_post,,gruppen_vorschlag,2026-09-24,
B 62382-121,Obsthändler/in,341,lebensmittel,,gruppen_vorschlag,2026-09-24,
B 32142-113,Dachdecker/in,338,bau,,gruppen_vorschlag,2026-09-24,
B 28393-101,Schuhmachermeister/in,331,textil_bekleidung,,gruppen_vorschlag,2026-09-24,
B 26212-112,Elektromonteur/in,328,metall_maschinen,,gruppen_vorschlag,2026-09-24,
B 52532-103,Kranführer/in,328,metall_maschinen,,gruppen_vorschlag,2026-09-24,
B 53213-504,Polizeioberwachtmeister/in,323,verwaltung,,gruppen_vorschlag,2026-09-24,
B 94114-172,Musiker/in,321,bildung_kultur_kirche,,gruppen_vorschlag,2026-09-24,
B 52202-503,Rangierfahrer/in,318,verkehr_bahn_post,,gruppen_vorschlag,2026-09-24,
B 72182-102,Bankbeamt(er/in) (mittl. Dienst),318,verwaltung,,gruppen_vorschlag,2026-09-24,
B 52132-119,Straßenbahnführer/in,313,verkehr_bahn_post,,gruppen_vorschlag,2026-09-24,
B 34212-129,Installateur/in,304,metall_maschinen,,gruppen_vorschlag,2026-09-24,
B 51411-523,Straßenbahnbedienstete/r,301,verkehr_bahn_post,,gruppen_vorschlag,2026-09-24,
B 31193-535,Stadtbauinspektor/in,297,bau,,gruppen_vorschlag,2026-09-24,
B 81404-107,Arzt/Ärztin,296,gesundheit,,gruppen_vorschlag,2026-09-24,
B 51522-500,Bahnarbeiter/in (Bahnbetrieb),293,verkehr_bahn_post,,gruppen_vorschlag,2026-09-24,
B 62312-500,Backwarenhändler/in,291,lebensmittel,,gruppen_vorschlag,2026-09-24,
B 29222-114,Konditor/in,290,lebensmittel,,gruppen_vorschlag,2026-09-24,
B 24112-503,Schmelzer/in,285,metall_maschinen,,gruppen_vorschlag,2026-09-24,
B 32193-148,Maurerpolier/in,285,bau,,gruppen_vorschlag,2026-09-24,
B 20094-500,Direktor/in,280,metall_maschinen,,gruppen_vorschlag,2026-09-24,
B 21201-106,Kokereiarbeiter/in,280,bergbau,,gruppen_vorschlag,2026-09-24,
B 24422-103,Schweißer/in,278,metall_maschinen,,gruppen_vorschlag,2026-09-24,
B 53213-505,Polizeihauptwachtmeister/in,278,verwaltung,,gruppen_vorschlag,2026-09-24,
A 10220-519,Berginvalide/-invalidin,273,metall_maschinen,,gruppen_vorschlag,2026-09-24,
B 84124-508,Studienrat/-rätin,273,bildung_kultur_kirche,,gruppen_vorschlag,2026-09-24,
B 51223-105,Bahnbeamt(er/in) (geh. techn. Dienst),272,verkehr_bahn_post,,gruppen_vorschlag,2026-09-24,
B 33322-143,Zimmermann/-frau,264,holz_moebel,,gruppen_vorschlag,2026-09-24,
B 23212-103,Schriftsetzer/in,260,bildung_kultur_kirche,,gruppen_vorschlag,2026-09-24,
B 11342-100,Kutscher/in,259,verkehr_bahn_post,,gruppen_vorschlag,2026-09-24,
B 20002-530,Tagarbeiter/in,257,metall_maschinen,,gruppen_vorschlag,2026-09-24,
B 24232-131,Bohrer/in,257,metall_maschinen,,gruppen_vorschlag,2026-09-24,
B 28242-101,Polsterer/Polsterin,257,textil_bekleidung,,gruppen_vorschlag,2026-09-24,
B 73134-101,Rechtsanwalt/Rechtsanwältin,257,verwaltung,,gruppen_vorschlag,2026-09-24,
B 51522-504,"Eisenbahnsassistent/in, Bahnassistent/in",245,verkehr_bahn_post,,gruppen_vorschlag,2026-09-24,
B 33293-115,Malermeister/in,241,textil_bekleidung,,gruppen_vorschlag,2026-09-24,
B 71402-500,Büroangestellte/r,238,verwaltung,,gruppen_vorschlag,2026-09-24,
B 84194-516,Volksschulrektor/in,238,bildung_kultur_kirche,,gruppen_vorschlag,2026-09-24,
A 40094-519,Inhaber/in,227,verwaltung,,gruppen_vorschlag,2026-09-24,
B 21112-501,Bergarbeiter/in,226,bergbau,,gruppen_vorschlag,2026-09-24,
B 28322-100,Sattler/in,224,textil_bekleidung,,gruppen_vorschlag,2026-09-24,
B 33322-103,Zimmerer/Zimmerin,222,holz_moebel,,gruppen_vorschlag,2026-09-24,
B 31193-105,Bauführer/in,216,bau,,gruppen_vorschlag,2026-09-24,
B 51311-186,Lagerarbeiter/in,215,verkehr_bahn_post,,gruppen_vorschlag,2026-09-24,
B 20003-520,Syndikatsbeamte/r,208,verwaltung,,gruppen_vorschlag,2026-09-24,
B 53212-111,Polizeibeamt(er/in) (mittl. Dienst),205,verwaltung,,gruppen_vorschlag,2026-09-24,
B 62101-109,Handlungsgehilfe/-gehilfin (Einzelhandel),205,handel,,gruppen_vorschlag,2026-09-24,
B 54132-129,Heißmangler/in,199,textil_bekleidung,,gruppen_vorschlag,2026-09-24,
B 51412-113,Eisenbahnschaffner/in,197,verkehr_bahn_post,,gruppen_vorschlag,2026-09-24,
B 62412-105,Drogist/in,197,gesundheit,,gruppen_vorschlag,2026-09-24,
B 53112-114,"Wächter/in, Aufseher/in",195,textil_bekleidung,,gruppen_vorschlag,2026-09-24,
B 34293-100,Klempnermeister/in,183,metall_maschinen,,gruppen_vorschlag,2026-09-24,
B 53132-113,Feuerwehrmann/-frau (mittl. techn. Dienst),183,verwaltung,,gruppen_vorschlag,2026-09-24,
B 51222-109,"Eisenbahnsekretär/in, Bahnsekretär/in",180,verkehr_bahn_post,,gruppen_vorschlag,2026-09-24,
B 61313-501,Schaffner/in,179,verkehr_bahn_post,,gruppen_vorschlag,2026-09-24,
B 21193-512,Zechenbeamte/r,176,bergbau,,gruppen_vorschlag,2026-09-24,
B 51322-505,Postassistent/in,176,verkehr_bahn_post,,gruppen_vorschlag,2026-09-24,
B 21112-115,Fördermaschinist/in,174,bergbau,,gruppen_vorschlag,2026-09-24,
B 21002-544,Gießer/in,172,metall_maschinen,,gruppen_vorschlag,2026-09-24,
B 51223-500,Bahnobersekretär/in,172,verkehr_bahn_post,,gruppen_vorschlag,2026-09-24,
B 51321-102,Bote/Botin,171,verkehr_bahn_post,,gruppen_vorschlag,2026-09-24,
B 62112-103,Kassierer/in,171,handel,,gruppen_vorschlag,2026-09-24,
B 22382-104,Stellmacher/in,169,holz_moebel,,gruppen_vorschlag,2026-09-24,
B 27394-112,Fabrikant/in,167,verwaltung,,gruppen_vorschlag,2026-09-24,
B 51322-124,Postbeamt(er/in) (mittl. techn. Dienst),166,verkehr_bahn_post,,gruppen_vorschlag,2026-09-24,
B 53112-116,Pförtner/in,166,textil_bekleidung,,gruppen_vorschlag,2026-09-24,
B 70001-500,Stadtarbeiter/in,166,sonstige,,gruppen_vorschlag,2026-09-24,
B 71403-503,Obersekretär/in,166,verwaltung,,gruppen_vorschlag,2026-09-24,
B 24493-101,Schmiedemeister/in,165,metall_maschinen,,gruppen_vorschlag,2026-09-24,
B 73203-520,"Stadtsekretär/in, Ratssekretär/in",165,verwaltung,,gruppen_vorschlag,2026-09-24,
B 25193-501,Schlossermeister/in,164,metall_maschinen,,gruppen_vorschlag,2026-09-24,
B 51312-133,Lagerist/in,164,verkehr_bahn_post,,gruppen_vorschlag,2026-09-24,
B 51493-100,Zugführer/in,161,verkehr_bahn_post,,gruppen_vorschlag,2026-09-24,
B 51522-121,Weichensteller/in,159,verkehr_bahn_post,,gruppen_vorschlag,2026-09-24,
B 32293-111,Schachtmeister/in,155,bau,,gruppen_vorschlag,2026-09-24,
B 28122-106,Weber/in,151,textil_bekleidung,,gruppen_vorschlag,2026-09-24,
B 61123-106,Handelsvertreter/in,151,handel,,gruppen_vorschlag,2026-09-24,
B 81353-101,Hebamme/Entbindungspfleger,151,gesundheit,,gruppen_vorschlag,2026-09-24,
B 62382-555,Zigarrenhändler/in,149,lebensmittel,,gruppen_vorschlag,2026-09-24,
B 28222-561,Näther/in,146,textil_bekleidung,,gruppen_vorschlag,2026-09-24,
B 24232-126,Hobler/in,144,metall_maschinen,,gruppen_vorschlag,2026-09-24,
B 34112-501,Wärter/in - allgemein,144,sonstige,,gruppen_vorschlag,2026-09-24,
B 24122-104,Walzer/in,142,metall_maschinen,,gruppen_vorschlag,2026-09-24,
B 51593-511,Bahninspektor/in,142,verkehr_bahn_post,,gruppen_vorschlag,2026-09-24,
B 53212-507,Polizeiwachtmeister/in,142,verwaltung,,gruppen_vorschlag,2026-09-24,
B 24532-100,Uhrmacher/in,141,metall_maschinen,,gruppen_vorschlag,2026-09-24,
B 53112-131,Aufseher/in,141,textil_bekleidung,,gruppen_vorschlag,2026-09-24,
B 71402-126,Bürogehilf(e/in),139,verwaltung,,gruppen_vorschlag,2026-09-24,
B 62102-501,Handelsmann/-frau,135,handel,,gruppen_vorschlag,2026-09-24,
B 81474-107,Zahnarzt/-ärztin,134,gesundheit,,gruppen_vorschlag,2026-09-24,
B 72223-100,Kalkulator/in,133,sonstige,,gruppen_vorschlag,2026-09-24,
B 51594-500,Bahnoberinspektor/in,132,verkehr_bahn_post,,gruppen_vorschlag,2026-09-24,
B 32193-108,Dachdeckermeister/in,131,bau,,gruppen_vorschlag,2026-09-24,
B 73283-575,Oberinspektor/in - allgemein,130,sonstige,,gruppen_vorschlag,2026-09-24,
B 20093-510,Meister/in,129,metall_maschinen,,gruppen_vorschlag,2026-09-24,
B 51593-137,Rangiermeister/in,128,verkehr_bahn_post,,gruppen_vorschlag,2026-09-24,
A 10300-521,Privatier/in,126,sonstige,,gruppen_vorschlag,2026-09-24,
B 51311-202,Packer/in,126,verkehr_bahn_post,,gruppen_vorschlag,2026-09-24,
B 72244-107,Revisor/in,126,verwaltung,,gruppen_vorschlag,2026-09-24,
B 71104-124,Betriebsführer/in,124,sonstige,,gruppen_vorschlag,2026-09-24,
B 62102-101,Verkäufer/in,122,handel,,gruppen_vorschlag,2026-09-24,
B 32193-130,Polier/in,119,bau,,gruppen_vorschlag,2026-09-24,
B 23422-116,Buchbinder/in,118,bildung_kultur_kirche,,gruppen_vorschlag,2026-09-24,
B 23322-110,Fotograf/in,116,bildung_kultur_kirche,,gruppen_vorschlag,2026-09-24,
B 27312-162,Prüfer/in - Qualitätskontrolle,115,sonstige,,gruppen_vorschlag,2026-09-24,
B 51593-138,Stellwerksmeister/in,115,verkehr_bahn_post,,gruppen_vorschlag,2026-09-24,
B 81804-105,Apotheker/in,115,gesundheit,,gruppen_vorschlag,2026-09-24,
B 25102-103,Maschinenschlosser/in,114,metall_maschinen,,gruppen_vorschlag,2026-09-24,
B 51311-116,Beifahrer/in,114,verkehr_bahn_post,,gruppen_vorschlag,2026-09-24,
B 81474-112,Dentist/in,114,gesundheit,,gruppen_vorschlag,2026-09-24,
B 41322-501,Laborant/in - allgemein,113,metall_maschinen,,gruppen_vorschlag,2026-09-24,
B 32103-501,Oberbauarbeiter/in,112,bau,,gruppen_vorschlag,2026-09-24,
B 26311-500,Telegrafenarbeiter/in,111,metall_maschinen,,gruppen_vorschlag,2026-09-24,
B 31104-122,Bauingenieur/in,107,metall_maschinen,,gruppen_vorschlag,2026-09-24,
B 32212-100,Pflasterer/Pflasterin,107,bau,,gruppen_vorschlag,2026-09-24,
A 10100-501,Berufslose/r,106,sonstige,,gruppen_vorschlag,2026-09-24,
B 21201-504,Koksarbeiter/in,105,bau,,gruppen_vorschlag,2026-09-24,
B 93232-101,Dekorateur/in,105,sonstige,,gruppen_vorschlag,2026-09-24,
B 11194-113,Gutsbesitzer/in,104,sonstige,,gruppen_vorschlag,2026-09-24,
B 62282-504,Kohlenhändler/in,104,handel,,gruppen_vorschlag,2026-09-24,
B 51394-526,Transportunternehmer/in,103,verkehr_bahn_post,,gruppen_vorschlag,2026-09-24,
B 61213-502,Bierverleger/in,102,handel,,gruppen_vorschlag,2026-09-24,
B 51321-100,Posthelfer/in,101,verkehr_bahn_post,,gruppen_vorschlag,2026-09-24,
B 93312-105,Bildhauer/in,101,sonstige,,gruppen_vorschlag,2026-09-24,
B 25122-108,Kesselwärter/in,100,metall_maschinen,,gruppen_vorschlag,2026-09-24,
B 26303-126,Elektrotechniker/in,99,metall_maschinen,,gruppen_vorschlag,2026-09-24,
B 53221-500,Kriminalamtsassistent/in,99,sonstige,,gruppen_vorschlag,2026-09-24,
B 27212-500,Zeichner/in (ohne Zusätze),97,sonstige,,gruppen_vorschlag,2026-09-24,
B 83314-521,Pfarrer/in,97,bildung_kultur_kirche,,gruppen_vorschlag,2026-09-24,
B 21193-137,Schießmeister/in (Bergbau),95,bergbau,,gruppen_vorschlag,2026-09-24,
B 28222-256,Putzmacher/in,95,textil_bekleidung,,gruppen_vorschlag,2026-09-24,
B 71394-502,Betriebsleiter/in,95,sonstige,,gruppen_vorschlag,2026-09-24,
B 71402-114,Sekretär/in,95,verwaltung,,gruppen_vorschlag,2026-09-24,
B 71401-129,Bürodiener/in,94,verwaltung,,gruppen_vorschlag,2026-09-24,
B 62232-509,Schreibwarenhändler/in,93,handel,,gruppen_vorschlag,2026-09-24,
B 21113-116,Maschinensteiger/in,92,bergbau,,gruppen_vorschlag,2026-09-24,
B 51663-503,Oberpostsekretär/in,92,verkehr_bahn_post,,gruppen_vorschlag,2026-09-24,
B 71302-117,Betriebsassistent/in,92,sonstige,,gruppen_vorschlag,2026-09-24,
B 21113-527,Bergbeamte/r,91,bergbau,,gruppen_vorschlag,2026-09-24,
B 23222-500,Vorzeichner/in,91,sonstige,,gruppen_vorschlag,2026-09-24,
B 84124-156,Mittelschullehrer/in,91,bildung_kultur_kirche,,gruppen_vorschlag,2026-09-24,
B 20002-549,Presser/in,90,metall_maschinen,,gruppen_vorschlag,2026-09-24,
B 27223-108,Konstrukteur/in,90,metall_maschinen,,gruppen_vorschlag,2026-09-24,
B 51622-100,Expedient/in,90,handel,,gruppen_vorschlag,2026-09-24,
B 61162-103,Autovermieter/in,90,verkehr_bahn_post,,gruppen_vorschlag,2026-09-24,
B 62382-584,Kartoffelhändler/in,89,lebensmittel,,gruppen_vorschlag,2026-09-24,
B 21112-135,Anschläger/in - Bergbau,88,bergbau,,gruppen_vorschlag,2026-09-24,
B 25193-129,Maschinenmeister/in,87,metall_maschinen,,gruppen_vorschlag,2026-09-24,
B 84412-100,Musiklehrer/in,87,bildung_kultur_kirche,,gruppen_vorschlag,2026-09-24,
B 24222-161,Gussputzer/in,86,metall_maschinen,,gruppen_vorschlag,2026-09-24,
B 53112-547,Kassenbote/-botin,86,textil_bekleidung,,gruppen_vorschlag,2026-09-24,
B 31103-121,Bautechniker/in,85,metall_maschinen,,gruppen_vorschlag,2026-09-24,
B 24101-516,Feuerarbeiter/in,84,metall_maschinen,,gruppen_vorschlag,2026-09-24,
B 28222-152,Maßschneider/in,84,textil_bekleidung,,gruppen_vorschlag,2026-09-24,
B 62252-121,Möbelhändler/in (Einzelhandel),83,handel,,gruppen_vorschlag,2026-09-24,
B 27312-155,Kontrolleur/in,82,sonstige,,gruppen_vorschlag,2026-09-24,
B 72244-500,Bücherrevisor/in,82,verwaltung,,gruppen_vorschlag,2026-09-24,
B 21312-106,Glasmacher/in,80,sonstige,,gruppen_vorschlag,2026-09-24,
B 22342-102,Tischler/in,80,holz_moebel,,gruppen_vorschlag,2026-09-24,
B 27232-144,Modellschreiner/in,80,holz_moebel,,gruppen_vorschlag,2026-09-24,
B 51323-519,Oberpostschaffner/in,80,verkehr_bahn_post,,gruppen_vorschlag,2026-09-24,
B 71394-110,Abteilungsleiter/in,79,sonstige,,gruppen_vorschlag,2026-09-24,
B 83314-136,Kaplan,79,bildung_kultur_kirche,,gruppen_vorschlag,2026-09-24,
B 25212-163,Autoschlosser/in,78,verkehr_bahn_post,,gruppen_vorschlag,2026-09-24,
B 41304-105,Chemiker/in,78,metall_maschinen,,gruppen_vorschlag,2026-09-24,
B 24412-508,Zuschläger/in,77,metall_maschinen,,gruppen_vorschlag,2026-09-24,
B 29282-126,Feinkostfachmann/-frau,77,lebensmittel,,gruppen_vorschlag,2026-09-24,
B 51522-503,"Eisenbahnbetriebsassistent/in, Bahnbetriebsassistent/in",77,verkehr_bahn_post,,gruppen_vorschlag,2026-09-24,
B 73183-592,Justizinspektor/in,77,verwaltung,,gruppen_vorschlag,2026-09-24,
B 22202-500,Lackierer/in - allgemein,76,metall_maschinen,,gruppen_vorschlag,2026-09-24,
B 53232-100,Vollziehungsbeamt(er/in),76,verwaltung,,gruppen_vorschlag,2026-09-24,
B 71394-111,Abteilungsvorsteher/in,75,sonstige,,gruppen_vorschlag,2026-09-24,
B 28222-108,Damenschneider/in,74,textil_bekleidung,,gruppen_vorschlag,2026-09-24,
B 31193-107,Baumeister/in,74,bau,,gruppen_vorschlag,2026-09-24,
B 21113-112,Fahrsteiger/in,73,bergbau,,gruppen_vorschlag,2026-09-24,
B 62282-106,Eisenhändler/in,73,handel,,gruppen_vorschlag,2026-09-24,
B 71303-506,Kaufmännische/r Beamte/r,73,verwaltung,,gruppen_vorschlag,2026-09-24,
B 33393-512,Zimmerpolier/in,72,holz_moebel,,gruppen_vorschlag,2026-09-24,
B 63382-118,Büfettier/e,72,gastgewerbe,,gruppen_vorschlag,2026-09-24,
B 33112-112,Fliesenleger/in,71,bau,,gruppen_vorschlag,2026-09-24,
B 71402-155,Kontorist/in,71,verwaltung,,gruppen_vorschlag,2026-09-24,
B 26393-141,Elektromeister/in,70,metall_maschinen,,gruppen_vorschlag,2026-09-24,
B 51311-604,Schlepper/in (Lasten),70,verkehr_bahn_post,,gruppen_vorschlag,2026-09-24,
B 51522-122,Weichenwärter/in,70,verkehr_bahn_post,,gruppen_vorschlag,2026-09-24,
B 32293-163,Tiefbauunternehmer/in,69,bau,,gruppen_vorschlag,2026-09-24,
B 51312-141,Magazinverwalter/in,69,verkehr_bahn_post,,gruppen_vorschlag,2026-09-24,
B 53162-103,Gelderheber/in,69,sonstige,,gruppen_vorschlag,2026-09-24,
B 29293-529,Wiegemeister/in,67,lebensmittel,,gruppen_vorschlag,2026-09-24,
B 62212-511,Lederhändler/in,67,handel,,gruppen_vorschlag,2026-09-24,
B 73204-523,Stadtamtmann/in,67,verwaltung,,gruppen_vorschlag,2026-09-24,
B 73283-582,Technische/r Stadtoberinspektor/in,67,sonstige,,gruppen_vorschlag,2026-09-24,
B 83212-121,Hausdiener/in,67,haus_reinigung,,gruppen_vorschlag,2026-09-24,
B 21112-506,Zechenarbeiter/in,66,bergbau,,gruppen_vorschlag,2026-09-24,
B 34322-117,Rohrleger/in,66,bau,,gruppen_vorschlag,2026-09-24,
B 71104-108,Geschäftsinhaber/in,66,sonstige,,gruppen_vorschlag,2026-09-24,
B 53222-101,Kriminalbeamt(er/in) (mittl. Dienst),64,verwaltung,,gruppen_vorschlag,2026-09-24,
B 73252-505,Justizsekretär/in,64,verwaltung,,gruppen_vorschlag,2026-09-24,
B 11711-505,Holzarbeiter/in,62,holz_moebel,,gruppen_vorschlag,2026-09-24,
B 63302-103,Oberkellner/in,62,gastgewerbe,,gruppen_vorschlag,2026-09-24,
B 31103-502,Bauassessor/in - Territorialebene,61,bau,,gruppen_vorschlag,2026-09-24,
B 72194-101,Bankdirektor/in,61,sonstige,,gruppen_vorschlag,2026-09-24,
B 12202-108,Blumenhändler/in,60,handel,,gruppen_vorschlag,2026-09-24,
B 32193-103,Maurermeister/in,60,bau,,gruppen_vorschlag,2026-09-24,
B 73154-101,Amtsrichter/in,60,sonstige,,gruppen_vorschlag,2026-09-24,
A 10210-503,Kriegsinvalide/-invalidin,59,verwaltung,,gruppen_vorschlag,2026-09-24,
B 33393-504,Zimmermeister/in,59,holz_moebel,,gruppen_vorschlag,2026-09-24,
B 51312-534,Magaziner/in,59,verkehr_bahn_post,,gruppen_vorschlag,2026-09-24,
B 51522-112,Eisenbahner/in,58,verkehr_bahn_post,,gruppen_vorschlag,2026-09-24,
B 53293-502,Polizeimeister/in,58,verwaltung,,gruppen_vorschlag,2026-09-24,
B 62212-515,Schuhhändler/in,58,handel,,gruppen_vorschlag,2026-09-24,
B 23212-108,Maschinensetzer/in,57,metall_maschinen,,gruppen_vorschlag,2026-09-24,
B 51323-507,Postinspektor/in,57,verkehr_bahn_post,,gruppen_vorschlag,2026-09-24,
B 92414-122,Korrespondent/in,57,bildung_kultur_kirche,,gruppen_vorschlag,2026-09-24,
B 32232-102,Bahnarbeiter/in (Gleisbau),56,verkehr_bahn_post,,gruppen_vorschlag,2026-09-24,
B 73252-102,Justizangestellte/r,56,verwaltung,,gruppen_vorschlag,2026-09-24,
B 73253-502,Justizobersekretär/in,56,verwaltung,,gruppen_vorschlag,2026-09-24,
B 24142-107,Kernmacher/in,54,metall_maschinen,,gruppen_vorschlag,2026-09-24,
B 29112-101,Brauer/in,54,lebensmittel,,gruppen_vorschlag,2026-09-24,
B 51311-606,Magazinarbeiter/in,54,verkehr_bahn_post,,gruppen_vorschlag,2026-09-24,
B 51312-138,Lagerverwalter/in (Warenlager),54,verkehr_bahn_post,,gruppen_vorschlag,2026-09-24,
B 34112-500,Platzarbeiter/in,53,sonstige,,gruppen_vorschlag,2026-09-24,
B 51394-110,Versandleiter/in,53,verkehr_bahn_post,,gruppen_vorschlag,2026-09-24,
B 51593-502,Wagenmeister/in,53,verkehr_bahn_post,,gruppen_vorschlag,2026-09-24,
B 62512-103,Buchhändler/in,53,handel,,gruppen_vorschlag,2026-09-24,
B 51411-502,"Eisenbahnbetriebsassistent/in, Bahnbetriebsassistent/in - Helfer/in",52,verkehr_bahn_post,,gruppen_vorschlag,2026-09-24,
B 51523-500,Rangieraufseher/in,52,verkehr_bahn_post,,gruppen_vorschlag,2026-09-24,
B 73283-569,Amtsinspektor/in - Kommunalebene,52,sonstige,,gruppen_vorschlag,2026-09-24,
B 92413-102,Redakteur/in,52,bildung_kultur_kirche,,gruppen_vorschlag,2026-09-24,
B 34342-504,Kesselschmied/in,51,metall_maschinen,,gruppen_vorschlag,2026-09-24,
B 21232-117,Steinmetz/in,50,metall_maschinen,,gruppen_vorschlag,2026-09-24,
B 32112-101,Einschaler/in,50,bau,,gruppen_vorschlag,2026-09-24,
B 32212-102,Steinsetzer/in,50,bau,,gruppen_vorschlag,2026-09-24,
B 53122-500,Markenkontrolleur/in,50,metall_maschinen,,gruppen_vorschlag,2026-09-24,
B 71393-112,Gruppenführer/in,50,sonstige,,gruppen_vorschlag,2026-09-24,
B 93323-100,Kunstmaler/in,50,bildung_kultur_kirche,,gruppen_vorschlag,2026-09-24,
B 93432-113,Glasbläser/in,50,bildung_kultur_kirche,,gruppen_vorschlag,2026-09-24,
B 21222-200,Ziegler/in,49,bau,,gruppen_vorschlag,2026-09-24,
B 24422-134,Nieter/in,49,metall_maschinen,,gruppen_vorschlag,2026-09-24,
B 28222-115,Zuschneider/in (Bekleidung),49,textil_bekleidung,,gruppen_vorschlag,2026-09-24,
B 81301-105,"Heilgehilfe/Heilgehilfin, Heildiener/in",49,gesundheit,,gruppen_vorschlag,2026-09-24,
B 83382-100,Küster/in,49,bildung_kultur_kirche,,gruppen_vorschlag,2026-09-24,
B 62194-506,Geschäftsinhaber/in im Lebensmittelhandwerk,48,lebensmittel,,gruppen_vorschlag,2026-09-24,
B 71402-573,Steuersekretär/in,48,verwaltung,,gruppen_vorschlag,2026-09-24,
B 73134-106,Syndikus-Anwalt/-Anwältin,48,verwaltung,,gruppen_vorschlag,2026-09-24,
B 83383-502,Verwalter/in - geistliche/r,48,bildung_kultur_kirche,,gruppen_vorschlag,2026-09-24,
B 94134-101,Kapellmeister/in,48,sonstige,,gruppen_vorschlag,2026-09-24,
B 27394-114,Fabrikbesitzer/in,46,verwaltung,,gruppen_vorschlag,2026-09-24,
B 29132-100,Brenner/in,46,sonstige,,gruppen_vorschlag,2026-09-24,
B 51623-126,Spediteur/in,46,handel,,gruppen_vorschlag,2026-09-24,
B 71401-102,Telefonist/in (Büro),46,sonstige,,gruppen_vorschlag,2026-09-24,
B 21113-526,Bergassessor/in,45,bergbau,,gruppen_vorschlag,2026-09-24,
B 24122-552,Hammerschmied/in,45,metall_maschinen,,gruppen_vorschlag,2026-09-24,
B 32201-119,Erdarbeiter/in,45,bau,,gruppen_vorschlag,2026-09-24,
B 33312-114,Isolierer/in,45,sonstige,,gruppen_vorschlag,2026-09-24,
B 61124-500,Diplomkauffmann/-frau,45,sonstige,,gruppen_vorschlag,2026-09-24,
B 62232-505,Tapetenhändler/in,45,handel,,gruppen_vorschlag,2026-09-24,
B 71442-100,Korrektor/in,45,sonstige,,gruppen_vorschlag,2026-09-24,
B 22382-152,Küfer/in,44,holz_moebel,,gruppen_vorschlag,2026-09-24,
B 25103-176,Maschinentechniker/in,44,metall_maschinen,,gruppen_vorschlag,2026-09-24,
B 27212-173,Planzeichner/in,44,sonstige,,gruppen_vorschlag,2026-09-24,
B 28393-104,Sattlermeister/in,44,textil_bekleidung,,gruppen_vorschlag,2026-09-24,
B 72304-100,Steuerberater/in,44,verwaltung,,gruppen_vorschlag,2026-09-24,
B 82542-101,Zahntechniker/in,44,gesundheit,,gruppen_vorschlag,2026-09-24,
B 84124-580,Studienassessor/in,44,bildung_kultur_kirche,,gruppen_vorschlag,2026-09-24,
B 20094-508,Obermeister/in (allgemein),43,metall_maschinen,,gruppen_vorschlag,2026-09-24,
B 24201-140,Metallarbeiter/in,43,metall_maschinen,,gruppen_vorschlag,2026-09-24,
B 11713-517,Holzmeister/in,42,holz_moebel,,gruppen_vorschlag,2026-09-24,
B 11732-518,Beizer/in,42,sonstige,,gruppen_vorschlag,2026-09-24,
B 25112-121,Obermonteur/in,42,metall_maschinen,,gruppen_vorschlag,2026-09-24,
B 33322-508,Zimmerhauer/in,42,holz_moebel,,gruppen_vorschlag,2026-09-24,
B 73233-511,Steuerinspektor/in,42,verwaltung,,gruppen_vorschlag,2026-09-24,
B 21222-514,Zementeur/in,41,bau,,gruppen_vorschlag,2026-09-24,
B 29293-101,Konditormeister/in,41,lebensmittel,,gruppen_vorschlag,2026-09-24,
B 29302-100,Koch/Köchin,41,gastgewerbe,,gruppen_vorschlag,2026-09-24,
B 61282-104,Viehhändler/in,41,handel,,gruppen_vorschlag,2026-09-24,
B 94283-101,Artist/in,41,bildung_kultur_kirche,,gruppen_vorschlag,2026-09-24,
B 54132-502,Wäscher/in - allgemein,40,textil_bekleidung,,gruppen_vorschlag,2026-09-24,
B 84223-204,Lehrhauer/in,39,sonstige,,gruppen_vorschlag,2026-09-24,
B 32202-111,Tiefbauarbeiter/in,38,bau,,gruppen_vorschlag,2026-09-24,
B 51311-117,Bahnarbeiter/in (Lager),38,verkehr_bahn_post,,gruppen_vorschlag,2026-09-24,
B 51522-107,"Bahnwart/in, Bahnwärter/in",38,verkehr_bahn_post,,gruppen_vorschlag,2026-09-24,
B 62382-500,Fischhändler/in,38,lebensmittel,,gruppen_vorschlag,2026-09-24,
B 81712-101,Masseur/in,38,gesundheit,,gruppen_vorschlag,2026-09-24,
A 10300-528,Invalidenrentner/in,37,sonstige,,gruppen_vorschlag,2026-09-24,
B 31104-500,Zivilingenieur/in,37,metall_maschinen,,gruppen_vorschlag,2026-09-24,
B 34193-500,Platzmeister/in,37,metall_maschinen,,gruppen_vorschlag,2026-09-24,
B 34222-119,Ofenmaurer/in,37,bau,,gruppen_vorschlag,2026-09-24,
B 51662-500,Postsekretär/in,37,verkehr_bahn_post,,gruppen_vorschlag,2026-09-24,
B 84214-103,Dipl.-Handelslehrer/in (Uni),37,bildung_kultur_kirche,,gruppen_vorschlag,2026-09-24,
B 01312-517,Rottenführer/in,36,sonstige,,gruppen_vorschlag,2026-09-24,
B 01524-505,Oberwachtmeister/in,36,sonstige,,gruppen_vorschlag,2026-09-24,
B 61123-138,Generalvertreter/in,36,sonstige,,gruppen_vorschlag,2026-09-24,
B 20094-502,Fabrikdirektor/in,35,metall_maschinen,,gruppen_vorschlag,2026-09-24,
B 34342-104,Kupferschmied/in,35,metall_maschinen,,gruppen_vorschlag,2026-09-24,
B 54101-122,Putzmann/-frau,35,haus_reinigung,,gruppen_vorschlag,2026-09-24,
B 62212-538,Weißwarenhändler/in,35,handel,,gruppen_vorschlag,2026-09-24,
B 72194-104,Bankprokurist/in,35,sonstige,,gruppen_vorschlag,2026-09-24,
B 72303-112,"Steuerassistent/in, Steueroberassistent/in",35,verwaltung,,gruppen_vorschlag,2026-09-24,
B 81302-100,Krankenschwester/-pfleger,35,gesundheit,,gruppen_vorschlag,2026-09-24,
B 24101-510,Hüttenarbeiter/in,34,metall_maschinen,,gruppen_vorschlag,2026-09-24,
B 25212-500,Automonteur/in,34,verkehr_bahn_post,,gruppen_vorschlag,2026-09-24,
B 27393-145,Werkführer/in,34,verwaltung,,gruppen_vorschlag,2026-09-24,
B 71403-520,Telegrafenobersekretär/in,34,verwaltung,,gruppen_vorschlag,2026-09-24,
B 73154-109,Landrichter/in,34,sonstige,,gruppen_vorschlag,2026-09-24,
B 84194-107,Konrektor/in (an allgemeinbildenden Schulen),34,sonstige,,gruppen_vorschlag,2026-09-24,
B 84214-508,Gewerbeoberlehrer/in,34,bildung_kultur_kirche,,gruppen_vorschlag,2026-09-24,
B 84414-140,Klavierlehrer/in,34,bildung_kultur_kirche,,gruppen_vorschlag,2026-09-24,
B 93232-501,Einrichter/in - allgemein,34,sonstige,,gruppen_vorschlag,2026-09-24,
B 28222-133,Modist/in,33,textil_bekleidung,,gruppen_vorschlag,2026-09-24,
B 53241-100,Justizwachtmeister/in,33,verwaltung,,gruppen_vorschlag,2026-09-24,
B 72194-154,Bankier/in,33,sonstige,,gruppen_vorschlag,2026-09-24,
B 11283-102,Stallmeister/in,32,sonstige,,gruppen_vorschlag,2026-09-24,
B 21293-136,Ziegelmeister/in,32,bau,,gruppen_vorschlag,2026-09-24,
B 23412-153,Drucker/in,32,metall_maschinen,,gruppen_vorschlag,2026-09-24,
B 25122-500,"Bahnheizer/in, Lokomotivheizer/in",32,verkehr_bahn_post,,gruppen_vorschlag,2026-09-24,
B 62272-500,Fahrradhändler/in,32,verkehr_bahn_post,,gruppen_vorschlag,2026-09-24,
B 23494-527,Buchdruckereiinhaber/in,31,bildung_kultur_kirche,,gruppen_vorschlag,2026-09-24,
B 24132-109,Maschinenformer/in,31,metall_maschinen,,gruppen_vorschlag,2026-09-24,
B 51523-505,Technische/r Bahnobersekretär/in,31,verkehr_bahn_post,,gruppen_vorschlag,2026-09-24,
B 51523-513,Bahnamtmann/-frau,31,verkehr_bahn_post,,gruppen_vorschlag,2026-09-24,
B 62212-577,Modehändler/in,31,handel,,gruppen_vorschlag,2026-09-24,
B 62382-550,Konfitürenhändler/in,31,lebensmittel,,gruppen_vorschlag,2026-09-24,
B 72213-166,Lohnbuchhalter/in,31,sonstige,,gruppen_vorschlag,2026-09-24,
B 84214-177,Technische/r Lehrer/in,31,bildung_kultur_kirche,,gruppen_vorschlag,2026-09-24,
B 93332-510,Drechsler/in,31,holz_moebel,,gruppen_vorschlag,2026-09-24,
B 94114-177,Organist/in,31,bildung_kultur_kirche,,gruppen_vorschlag,2026-09-24,
B 20003-504,Fabrikbeamte/r,30,verwaltung,,gruppen_vorschlag,2026-09-24,
B 29212-100,Müller/in,30,lebensmittel,,gruppen_vorschlag,2026-09-24,
B 50002-501,Prüfer/in,30,verkehr_bahn_post,,gruppen_vorschlag,2026-09-24,
B 61282-547,Manufakturhändler/in,30,handel,,gruppen_vorschlag,2026-09-24,
B 62194-104,Filialleiter/in,30,handel,,gruppen_vorschlag,2026-09-24,
B 71104-120,Unternehmer/in,30,sonstige,,gruppen_vorschlag,2026-09-24,
B 72112-100,Bankangestellte/r,30,handel,,gruppen_vorschlag,2026-09-24,
B 82393-100,Friseurmeister/in,30,gesundheit,,gruppen_vorschlag,2026-09-24,
B 92413-144,Schriftleiter/in,30,bildung_kultur_kirche,,gruppen_vorschlag,2026-09-24,
B 12113-501,Obergärtner/in,29,haus_reinigung,,gruppen_vorschlag,2026-09-24,
B 20002-511,Tagelöhner/in,29,metall_maschinen,,gruppen_vorschlag,2026-09-24,
B 28222-107,Herrenschneider/in,29,textil_bekleidung,,gruppen_vorschlag,2026-09-24,
B 51311-228,Verlader/in,29,verkehr_bahn_post,,gruppen_vorschlag,2026-09-24,
B 51523-511,Bahnrat/-rätin,29,verkehr_bahn_post,,gruppen_vorschlag,2026-09-24,
B 73202-556,Verwaltungsbeamte/r - Kommunalverwaltung,29,verwaltung,,gruppen_vorschlag,2026-09-24,
B 83123-102,Fürsorger/in,29,sonstige,,gruppen_vorschlag,2026-09-24,
B 93522-155,Goldschmied/in,29,bildung_kultur_kirche,,gruppen_vorschlag,2026-09-24,
B 21002-545,Stanzer/in,28,metall_maschinen,,gruppen_vorschlag,2026-09-24,
B 21194-104,Bergwerksdirektor/in,28,bergbau,,gruppen_vorschlag,2026-09-24,
B 21232-144,Marmorschleifer/in,28,metall_maschinen,,gruppen_vorschlag,2026-09-24,
B 22352-136,Korbmacher/in,28,holz_moebel,,gruppen_vorschlag,2026-09-24,
B 22393-103,Tischlermeister/in,28,holz_moebel,,gruppen_vorschlag,2026-09-24,
B 24493-121,Richtmeister/in,28,metall_maschinen,,gruppen_vorschlag,2026-09-24,
B 28293-148,Polsterermeister/in,28,textil_bekleidung,,gruppen_vorschlag,2026-09-24,
B 31193-509,Baurat/-rätin - verschiedene Institutionen sowie Kreis- und Amtsebene,28,bau,,gruppen_vorschlag,2026-09-24,
B 34212-127,Heizungsmonteur/in,28,metall_maschinen,,gruppen_vorschlag,2026-09-24,
B 81894-500,Apothekenbesitzer/in,28,gesundheit,,gruppen_vorschlag,2026-09-24,
B 82402-109,Leichenbestatter/in,28,sonstige,,gruppen_vorschlag,2026-09-24,
B 93532-101,Graveur/in,28,sonstige,,gruppen_vorschlag,2026-09-24,
B 11212-109,Melker/in,27,sonstige,,gruppen_vorschlag,2026-09-24,
B 21002-531,Polierer/in,27,metall_maschinen,,gruppen_vorschlag,2026-09-24,
B 21293-500,Koksmeister/in,27,bau,,gruppen_vorschlag,2026-09-24,
B 32101-107,Bauhilfsarbeiter/in,27,bau,,gruppen_vorschlag,2026-09-24,
B 51393-116,Lademeister/in,27,verkehr_bahn_post,,gruppen_vorschlag,2026-09-24,
B 54193-501,Waschmeister/in,27,haus_reinigung,,gruppen_vorschlag,2026-09-24,
B 61313-104,Immobilienmakler/in,27,handel,,gruppen_vorschlag,2026-09-24,
B 62212-510,Kurzwarenhändler/in,27,handel,,gruppen_vorschlag,2026-09-24,
B 62382-538,"Tabakhändler/in, Tabakwarenhändler/in",27,lebensmittel,,gruppen_vorschlag,2026-09-24,
B 73201-103,Amtsgehilfe/-gehilfin,27,sonstige,,gruppen_vorschlag,2026-09-24,
B 81404-506,Facharzt/-ärztin,27,gesundheit,,gruppen_vorschlag,2026-09-24,
B 21212-501,Steinhauer/in - allgemein,26,sonstige,,gruppen_vorschlag,2026-09-24,
B 24232-306,Stoßer/in,26,metall_maschinen,,gruppen_vorschlag,2026-09-24,
B 24522-118,Feilenhauer/in,26,metall_maschinen,,gruppen_vorschlag,2026-09-24,
B 51413-509,Straßenbahnbeamte/r,26,verkehr_bahn_post,,gruppen_vorschlag,2026-09-24,
B 62294-535,Kioskbesitzer/in,26,handel,,gruppen_vorschlag,2026-09-24,
B 72213-518,Rechnungsbeamte/r,26,verwaltung,,gruppen_vorschlag,2026-09-24,
B 73284-545,Regierungsrat/-rätin - Verwaltung (nicht Gesetzgebung),26,sonstige,,gruppen_vorschlag,2026-09-24,
B 91404-101,Dipl.-Volkswirt/in (Uni),26,bildung_kultur_kirche,,gruppen_vorschlag,2026-09-24,
B 21112-165,Schachthauer/in,25,bergbau,,gruppen_vorschlag,2026-09-24,
B 23282-103,Chemigraf/in,25,metall_maschinen,,gruppen_vorschlag,2026-09-24,
B 33222-133,Verputzer/in,25,bau,,gruppen_vorschlag,2026-09-24,
B 51322-126,Postbote/-botin,25,verkehr_bahn_post,,gruppen_vorschlag,2026-09-24,
B 53193-110,Bademeister/in,25,textil_bekleidung,,gruppen_vorschlag,2026-09-24,
B 81302-509,Krankenpfleger/in,25,gesundheit,,gruppen_vorschlag,2026-09-24,
B 21113-501,Oberschaffner/in,24,bergbau,,gruppen_vorschlag,2026-09-24,
B 21193-126,Grubenaufseher/in,24,bergbau,,gruppen_vorschlag,2026-09-24,
B 28342-107,Kürschner/in,24,textil_bekleidung,,gruppen_vorschlag,2026-09-24,
B 34112-100,Gemeindearbeiter/in,24,sonstige,,gruppen_vorschlag,2026-09-24,
B 51413-502,Bahnoberschaffner/in,24,verkehr_bahn_post,,gruppen_vorschlag,2026-09-24,
B 52112-500,Wagenführer/in,24,verkehr_bahn_post,,gruppen_vorschlag,2026-09-24,
B 54122-101,Fensterputzer/in,24,haus_reinigung,,gruppen_vorschlag,2026-09-24,
B 62382-132,Weinhändler/in (Einzelhandel),24,lebensmittel,,gruppen_vorschlag,2026-09-24,
B 20001-509,Assistent/in - allgemein,23,metall_maschinen,,gruppen_vorschlag,2026-09-24,
B 25193-131,Mechanikermeister/in,23,metall_maschinen,,gruppen_vorschlag,2026-09-24,
B 26313-511,Telegrafeninspektor/in,23,metall_maschinen,,gruppen_vorschlag,2026-09-24,
B 32132-107,Kaminmaurer/in,23,bau,,gruppen_vorschlag,2026-09-24,
B 42293-100,Bezirksschornsteinfegermeister/in,23,textil_bekleidung,,gruppen_vorschlag,2026-09-24,
B 51293-103,Straßenmeister/in,23,verkehr_bahn_post,,gruppen_vorschlag,2026-09-24,
B 61282-114,Holzhändler/in,23,handel,,gruppen_vorschlag,2026-09-24,
B 72213-537,Rechnungsrat/-rätin,23,sonstige,,gruppen_vorschlag,2026-09-24,
B 23493-101,Buchdruckermeister/in,22,bildung_kultur_kirche,,gruppen_vorschlag,2026-09-24,
B 27304-147,Betriebsingenieur/in,22,verwaltung,,gruppen_vorschlag,2026-09-24,
B 31213-511,Markscheider/in,22,metall_maschinen,,gruppen_vorschlag,2026-09-24,
B 33102-108,Linoleumleger/in,22,sonstige,,gruppen_vorschlag,2026-09-24,
B 42293-101,Schornsteinfegermeister/in,22,textil_bekleidung,,gruppen_vorschlag,2026-09-24,
B 52532-104,Kranmaschinist/in,22,metall_maschinen,,gruppen_vorschlag,2026-09-24,
B 53133-503,Oberfeuerwehrmann/-frau,22,verwaltung,,gruppen_vorschlag,2026-09-24,
B 54122-100,Glasreiniger/in,22,haus_reinigung,,gruppen_vorschlag,2026-09-24,
B 71403-505,Obersteuersekretär/in,22,verwaltung,,gruppen_vorschlag,2026-09-24,
A 10300-510,Rentier/in,21,sonstige,,gruppen_vorschlag,2026-09-24,
B 11101-105,Landarbeiter/in,21,sonstige,,gruppen_vorschlag,2026-09-24,
B 21112-114,Grubenschlosser/in,21,bergbau,,gruppen_vorschlag,2026-09-24,
B 24512-111,Feinmechaniker/in,21,metall_maschinen,,gruppen_vorschlag,2026-09-24,
B 27311-501,Meßgehilfe/-gehilfin,21,sonstige,,gruppen_vorschlag,2026-09-24,
B 27393-124,Hilfsmeister/in,21,verwaltung,,gruppen_vorschlag,2026-09-24,
B 29394-100,Küchenchef/in,21,sonstige,,gruppen_vorschlag,2026-09-24,
B 63394-160,Trinkhallenbesitzer/in,21,gastgewerbe,,gruppen_vorschlag,2026-09-24,
B 73183-508,Gerichtsassessor/in - Obergericht,21,verwaltung,,gruppen_vorschlag,2026-09-24,
B 73312-100,Registrator/in,21,sonstige,,gruppen_vorschlag,2026-09-24,
B 81444-119,Augenarzt/-ärztin,21,gesundheit,,gruppen_vorschlag,2026-09-24,
B 81752-513,"Heilkundige/r, Heilkünstler/in",21,sonstige,,gruppen_vorschlag,2026-09-24,
B 84114-107,Volksschullehrer/in,21,bildung_kultur_kirche,,gruppen_vorschlag,2026-09-24,
B 94124-101,Sänger/in,21,sonstige,,gruppen_vorschlag,2026-09-24,
B 94214-100,Schauspieler/in,21,bildung_kultur_kirche,,gruppen_vorschlag,2026-09-24,
B 25123-503,Obermaschinist/in,20,metall_maschinen,,gruppen_vorschlag,2026-09-24,
B 32201-504,Rammer/in,20,bau,,gruppen_vorschlag,2026-09-24,
B 51311-220,Transportarbeiter/in,20,verkehr_bahn_post,,gruppen_vorschlag,2026-09-24,
B 51393-117,Lagermeister/in,20,verkehr_bahn_post,,gruppen_vorschlag,2026-09-24,
B 53112-176,Nachtwächter/in,20,textil_bekleidung,,gruppen_vorschlag,2026-09-24,
B 53294-505,Polizeiobermeister/in,20,verwaltung,,gruppen_vorschlag,2026-09-24,
B 62242-528,Haushaltswarenhändler/in,20,handel,,gruppen_vorschlag,2026-09-24,
B 72133-105,Versicherungsinspektor/in,20,handel,,gruppen_vorschlag,2026-09-24,
B 72212-528,Rendant/in,20,sonstige,,gruppen_vorschlag,2026-09-24,
B 72213-505,Rechnungsführer/in,20,sonstige,,gruppen_vorschlag,2026-09-24,
B 82522-108,Optiker/in,20,sonstige,,gruppen_vorschlag,2026-09-24,
B 84124-549,Oberschullehrer/in,20,bildung_kultur_kirche,,gruppen_vorschlag,2026-09-24,
B 92434-127,Schriftsteller/in,20,bildung_kultur_kirche,,gruppen_vorschlag,2026-09-24,
B 93542-103,Schildermaler/in,20,bau,,gruppen_vorschlag,2026-09-24,
B 94342-100,Schausteller/in,20,sonstige,,gruppen_vorschlag,2026-09-24,
B 20001-506,Werkhelfer/in,19,metall_maschinen,,gruppen_vorschlag,2026-09-24,
B 21113-107,Reviersteiger/in,19,bergbau,,gruppen_vorschlag,2026-09-24,
B 25182-518,Maschinenschreiner/in,19,holz_moebel,,gruppen_vorschlag,2026-09-24,
B 33342-505,Glasarbeiter/in,19,bau,,gruppen_vorschlag,2026-09-24,
B 34102-115,Hauswart/in,19,metall_maschinen,,gruppen_vorschlag,2026-09-24,
B 71402-551,Polizeisekretär/in,19,verwaltung,,gruppen_vorschlag,2026-09-24,
B 73154-530,Richter/in (vorsitzende/r),19,sonstige,,gruppen_vorschlag,2026-09-24,
B 73203-507,Schreiber/in,19,sonstige,,gruppen_vorschlag,2026-09-24,
B 73252-104,Justizbeamt(er/in) (mittl. Dienst),19,verwaltung,,gruppen_vorschlag,2026-09-24,
B 94114-182,Pianist/in,19,bildung_kultur_kirche,,gruppen_vorschlag,2026-09-24,
B 11342-521,Brotkutscher/in,18,verkehr_bahn_post,,gruppen_vorschlag,2026-09-24,
B 11501-100,Viehpfleger/in,18,gesundheit,,gruppen_vorschlag,2026-09-24,
B 21002-523,Technische/r Angestellte/r,18,metall_maschinen,,gruppen_vorschlag,2026-09-24,
B 23493-100,Buchbindermeister/in,18,bildung_kultur_kirche,,gruppen_vorschlag,2026-09-24,
B 25122-501,Maschinenwärter/in - allgemein,18,metall_maschinen,,gruppen_vorschlag,2026-09-24,
B 26312-501,Telegrafenleitungsaufseher/in (Wartung),18,metall_maschinen,,gruppen_vorschlag,2026-09-24,
B 33132-100,Parkettleger/in,18,sonstige,,gruppen_vorschlag,2026-09-24,
B 52532-142,Kranfahrer/in,18,metall_maschinen,,gruppen_vorschlag,2026-09-24,
B 53213-513,Polizeihauptmann/-frau,18,verwaltung,,gruppen_vorschlag,2026-09-24,
B 62232-500,Papierhändler/in,18,handel,,gruppen_vorschlag,2026-09-24,
B 63293-135,Pensionsinhaber/in,18,gastgewerbe,,gruppen_vorschlag,2026-09-24,
B 63294-116,Hotelier,18,gastgewerbe,,gruppen_vorschlag,2026-09-24,
B 73183-594,Justizoberinspektor/in,18,verwaltung,,gruppen_vorschlag,2026-09-24,
B 81444-124,Frauenarzt/-ärztin,18,gesundheit,,gruppen_vorschlag,2026-09-24,
B 83212-122,Haushälter/in,18,haus_reinigung,,gruppen_vorschlag,2026-09-24,
B 84183-503,Hilfslehrer/in,18,bildung_kultur_kirche,,gruppen_vorschlag,2026-09-24,
B 84304-559,Professor/in (Musik),18,bildung_kultur_kirche,,gruppen_vorschlag,2026-09-24,
B 84513-118,Kraftfahrlehrer/in,18,verkehr_bahn_post,,gruppen_vorschlag,2026-09-24,
B 12101-104,Gartenarbeiter/in,17,haus_reinigung,,gruppen_vorschlag,2026-09-24,
B 21113-108,Grubensteiger/in,17,bergbau,,gruppen_vorschlag,2026-09-24,
B 23223-124,Grafiker/in,17,sonstige,,gruppen_vorschlag,2026-09-24,
B 25122-146,Kesselheizer/in,17,metall_maschinen,,gruppen_vorschlag,2026-09-24,
B 29294-506,Brotfabrikant/in (Unternehmer/in),17,lebensmittel,,gruppen_vorschlag,2026-09-24,
B 51523-502,Oberweichenwärter/in,17,verkehr_bahn_post,,gruppen_vorschlag,2026-09-24,
B 61213-501,Kartoffelgrosshändler/in,17,handel,,gruppen_vorschlag,2026-09-24,
B 62312-501,Brothändler/in,17,lebensmittel,,gruppen_vorschlag,2026-09-24,
B 63294-113,Hotelbesitzer/in,17,gastgewerbe,,gruppen_vorschlag,2026-09-24,
B 21111-510,Bergtagelöhner/in,16,bergbau,,gruppen_vorschlag,2026-09-24,
B 21112-116,Fahrhauer/in,16,bergbau,,gruppen_vorschlag,2026-09-24,
B 21113-506,Zechenschmied/in,16,bergbau,,gruppen_vorschlag,2026-09-24,
B 21193-502,Bergrat/-rätin,16,bergbau,,gruppen_vorschlag,2026-09-24,
B 23412-116,Steindrucker/in,16,metall_maschinen,,gruppen_vorschlag,2026-09-24,
B 24302-101,Härter/in,16,metall_maschinen,,gruppen_vorschlag,2026-09-24,
B 24522-231,Werkzeugschlosser/in,16,metall_maschinen,,gruppen_vorschlag,2026-09-24,
B 25103-507,Montageinspektor/in,16,metall_maschinen,,gruppen_vorschlag,2026-09-24,
B 26311-502,Telegrafenassistent/in,16,metall_maschinen,,gruppen_vorschlag,2026-09-24,
B 31214-106,Geometer/in,16,metall_maschinen,,gruppen_vorschlag,2026-09-24,
B 33293-101,Stuckateurmeister/in,16,textil_bekleidung,,gruppen_vorschlag,2026-09-24,
B 33342-117,Glaser/in,16,bau,,gruppen_vorschlag,2026-09-24,
B 34222-122,Ofensetzer/in,16,bau,,gruppen_vorschlag,2026-09-24,
B 52422-501,Schiffer/in - allgemein,16,verkehr_bahn_post,,gruppen_vorschlag,2026-09-24,
B 61394-505,Garagenbesitzer/in,16,sonstige,,gruppen_vorschlag,2026-09-24,
B 62382-574,Eierhändler/in,16,lebensmittel,,gruppen_vorschlag,2026-09-24,
B 63303-104,Tafelführer/in,16,gastgewerbe,,gruppen_vorschlag,2026-09-24,
B 71402-576,"Zollsekretär/in, Zollbetriebssekretär/in",16,verwaltung,,gruppen_vorschlag,2026-09-24,
B 71402-632,Telegrafensekretär/in,16,verwaltung,,gruppen_vorschlag,2026-09-24,
B 81752-100,Heilpraktiker/in,16,gesundheit,,gruppen_vorschlag,2026-09-24,
B 82542-106,Gebissmacher/in,16,gesundheit,,gruppen_vorschlag,2026-09-24,
B 24212-178,Federrichter/in,15,metall_maschinen,,gruppen_vorschlag,2026-09-24,
B 29222-141,Feinbäcker/in,15,lebensmittel,,gruppen_vorschlag,2026-09-24,
B 51311-522,Güterbodenarbeiter/in,15,verkehr_bahn_post,,gruppen_vorschlag,2026-09-24,
B 51393-112,Hallenmeister/in,15,verkehr_bahn_post,,gruppen_vorschlag,2026-09-24,
B 53243-509,Justizoberwachtmeister/in,15,verwaltung,,gruppen_vorschlag,2026-09-24,
B 53342-104,Kammerjäger/in,15,sonstige,,gruppen_vorschlag,2026-09-24,
B 54132-103,Bügler/in,15,textil_bekleidung,,gruppen_vorschlag,2026-09-24,
B 61212-524,Holzgroßhändler/in,15,handel,,gruppen_vorschlag,2026-09-24,
B 61213-547,Papiergroßhändler/in,15,handel,,gruppen_vorschlag,2026-09-24,
B 62112-521,Kassenbeamte/r,15,verwaltung,,gruppen_vorschlag,2026-09-24,
B 62222-121,Juwelier/in,15,handel,,gruppen_vorschlag,2026-09-24,
B 83314-164,Vikar/in,15,bildung_kultur_kirche,,gruppen_vorschlag,2026-09-24,
B 83323-104,Diakon/in (katholisch),15,sonstige,,gruppen_vorschlag,2026-09-24,
B 84124-507,Oberlehrer/in,15,bildung_kultur_kirche,,gruppen_vorschlag,2026-09-24,
B 93642-106,Klavierbauer/in,15,bildung_kultur_kirche,,gruppen_vorschlag,2026-09-24,
B 28122-114,Kunststopfer/in,14,bildung_kultur_kirche,,gruppen_vorschlag,2026-09-24,
B 34202-102,Bauklempner/in,14,bau,,gruppen_vorschlag,2026-09-24,
B 62212-546,Wollwarenhändler/in,14,handel,,gruppen_vorschlag,2026-09-24,
B 62222-510,Goldwarenhändler/in,14,handel,,gruppen_vorschlag,2026-09-24,
B 62282-112,Tankstellenbesitzer/in,14,handel,,gruppen_vorschlag,2026-09-24,
B 01523-512,Wachtmeister/in - Amts- und Kreisebene,13,sonstige,,gruppen_vorschlag,2026-09-24,
B 24193-520,Walzmeister/in,13,metall_maschinen,,gruppen_vorschlag,2026-09-24,
B 25101-115,Maschinenarbeiter/in,13,metall_maschinen,,gruppen_vorschlag,2026-09-24,
B 25102-123,Maschinenbauer/in,13,metall_maschinen,,gruppen_vorschlag,2026-09-24,
B 25212-140,Kraftfahrzeugschlosser/in (Instandsetzung),13,verkehr_bahn_post,,gruppen_vorschlag,2026-09-24,
B 26303-500,Elektroingenieur/in,13,metall_maschinen,,gruppen_vorschlag,2026-09-24,
B 27393-142,Schichtmeister/in,13,verwaltung,,gruppen_vorschlag,2026-09-24,
B 28222-515,"Weißnäher/in, Weissnäher/in",13,textil_bekleidung,,gruppen_vorschlag,2026-09-24,
B 31212-101,Vermessungsgehilfe/-gehilfin,13,metall_maschinen,,gruppen_vorschlag,2026-09-24,
B 31212-500,Landmesser/in,13,metall_maschinen,,gruppen_vorschlag,2026-09-24,
B 51312-103,Lagerhalter/in,13,verkehr_bahn_post,,gruppen_vorschlag,2026-09-24,
B 51321-502,Postaushelfer/in,13,verkehr_bahn_post,,gruppen_vorschlag,2026-09-24,
B 61133-100,Makler/in,13,handel,,gruppen_vorschlag,2026-09-24,
B 62212-553,Textilwarenhändler/in,13,handel,,gruppen_vorschlag,2026-09-24,
B 62222-501,Uhrenhändler/in,13,handel,,gruppen_vorschlag,2026-09-24,
B 72243-509,Revisionsbeamte/r,13,verwaltung,,gruppen_vorschlag,2026-09-24,
B 72244-118,Rechnungsrevisor/in,13,verwaltung,,gruppen_vorschlag,2026-09-24,
B 73184-135,Justitiar/in,13,verwaltung,,gruppen_vorschlag,2026-09-24,
B 73234-502,Obersteuerinspektor/in,13,verwaltung,,gruppen_vorschlag,2026-09-24,
B 81504-102,Tierarzt/Tierärztin,13,gesundheit,,gruppen_vorschlag,2026-09-24,
B 92414-100,Journalist/in,13,bildung_kultur_kirche,,gruppen_vorschlag,2026-09-24,
B 94114-162,Kammermusiker/in,13,bildung_kultur_kirche,,gruppen_vorschlag,2026-09-24,
B 11104-101,Dipl.-Landwirt/in,12,sonstige,,gruppen_vorschlag,2026-09-24,
B 21201-104,Ziegeleiarbeiter/in,12,bau,,gruppen_vorschlag,2026-09-24,
B 22342-191,Möbelschreiner/in,12,holz_moebel,,gruppen_vorschlag,2026-09-24,
B 25212-177,Fahrzeugbauer/in,12,verkehr_bahn_post,,gruppen_vorschlag,2026-09-24,
B 29132-101,Destillateur/in,12,sonstige,,gruppen_vorschlag,2026-09-24,
B 32112-128,Eisenflechter/in,12,bau,,gruppen_vorschlag,2026-09-24,
B 32293-502,Bahnmeister/in,12,verkehr_bahn_post,,gruppen_vorschlag,2026-09-24,
B 34102-527,Laternenwärter/in,12,metall_maschinen,,gruppen_vorschlag,2026-09-24,
B 41323-109,Chemotechniker/in,12,metall_maschinen,,gruppen_vorschlag,2026-09-24,
B 51393-514,Packmeister/in,12,verkehr_bahn_post,,gruppen_vorschlag,2026-09-24,
B 51522-114,Rangierarbeiter/in,12,verkehr_bahn_post,,gruppen_vorschlag,2026-09-24,
B 51662-502,Postamtmann/-frau,12,verkehr_bahn_post,,gruppen_vorschlag,2026-09-24,
B 52202-502,Bahnrangierführer/in,12,verkehr_bahn_post,,gruppen_vorschlag,2026-09-24,
B 53124-505,Aufsichtsbeamter/-beamte,12,verwaltung,,gruppen_vorschlag,2026-09-24,
B 53233-100,Gerichtsvollzieher/in,12,verwaltung,,gruppen_vorschlag,2026-09-24,
B 53243-510,Strafanstaltsoberwachtmeister/in,12,verwaltung,,gruppen_vorschlag,2026-09-24,
B 61282-509,Schweinehändler/in,12,handel,,gruppen_vorschlag,2026-09-24,
B 83384-100,Missionar/in,12,bildung_kultur_kirche,,gruppen_vorschlag,2026-09-24,
B 83384-109,Prediger/in,12,bildung_kultur_kirche,,gruppen_vorschlag,2026-09-24,
B 84124-109,"Hauptschullehrer/in, Hauptlehrer/in",12,bildung_kultur_kirche,,gruppen_vorschlag,2026-09-24,
B 94124-128,Opernsänger/in,12,sonstige,,gruppen_vorschlag,2026-09-24,
B 11711-100,Waldarbeiter/in,11,sonstige,,gruppen_vorschlag,2026-09-24,
B 20001-551,Gehilfe/Gehilfin,11,metall_maschinen,,gruppen_vorschlag,2026-09-24,
B 21113-111,Obersteiger/in,11,bergbau,,gruppen_vorschlag,2026-09-24,
B 21232-163,Steinformer/in,11,metall_maschinen,,gruppen_vorschlag,2026-09-24,
B 22112-110,Vulkaniseur/in,11,metall_maschinen,,gruppen_vorschlag,2026-09-24,
B 22352-515,Flechter/in,11,sonstige,,gruppen_vorschlag,2026-09-24,
B 24302-106,Galvaniseur/in,11,metall_maschinen,,gruppen_vorschlag,2026-09-24,
B 25101-121,Montagearbeiter/in,11,metall_maschinen,,gruppen_vorschlag,2026-09-24,
B 31214-505,Oberlandesmesser/in,11,metall_maschinen,,gruppen_vorschlag,2026-09-24,
B 51113-101,Bahnwerkstättenrechner/in,11,verkehr_bahn_post,,gruppen_vorschlag,2026-09-24,
B 51222-103,Streckenwärter/in (Bahn),11,verkehr_bahn_post,,gruppen_vorschlag,2026-09-24,
B 51412-125,Zugabfertiger/in,11,verkehr_bahn_post,,gruppen_vorschlag,2026-09-24,
B 51522-116,Schrankenwärter/in,11,verkehr_bahn_post,,gruppen_vorschlag,2026-09-24,
B 53211-500,Polizeiassistent/in,11,verwaltung,,gruppen_vorschlag,2026-09-24,
B 53223-500,Kriminalkommissar/in,11,sonstige,,gruppen_vorschlag,2026-09-24,
B 61123-186,Agent/in (Handel),11,handel,,gruppen_vorschlag,2026-09-24,
B 63293-108,Hausdame/Housekeeper,11,gastgewerbe,,gruppen_vorschlag,2026-09-24,
B 71432-100,Stenotypist/in,11,sonstige,,gruppen_vorschlag,2026-09-24,
B 73201-109,Verwaltungsgehilfe/-gehilfin,11,verwaltung,,gruppen_vorschlag,2026-09-24,
B 73202-513,Referendar/in,11,sonstige,,gruppen_vorschlag,2026-09-24,
B 73283-641,Inspektor/in - allgemein,11,sonstige,,gruppen_vorschlag,2026-09-24,
B 74104-505,Schulrat/-rätin,11,sonstige,,gruppen_vorschlag,2026-09-24,
B 81302-500,"Krankenwärter/in, Krankenhauswärter/in",11,gesundheit,,gruppen_vorschlag,2026-09-24,
B 94594-500,Kinobesitzer/in,11,metall_maschinen,,gruppen_vorschlag,2026-09-24,
B 11101-129,Landwirtschaftliche/r Arbeiter/in,10,sonstige,,gruppen_vorschlag,2026-09-24,
B 11283-103,Futtermeister/in,10,sonstige,,gruppen_vorschlag,2026-09-24,
B 12102-110,Gärtnereibesitzer/in,10,haus_reinigung,,gruppen_vorschlag,2026-09-24,
B 22382-147,Wagenbauer/in,10,holz_moebel,,gruppen_vorschlag,2026-09-24,
B 22393-106,Stellmachermeister/in,10,holz_moebel,,gruppen_vorschlag,2026-09-24,
B 23212-236,Lichtpauser/in,10,sonstige,,gruppen_vorschlag,2026-09-24,
B 24113-503,Oberschmelzer/in,10,metall_maschinen,,gruppen_vorschlag,2026-09-24,
B 24221-501,Scherenarbeiter/in,10,metall_maschinen,,gruppen_vorschlag,2026-09-24,
B 24302-177,"Plattierer/in Metall, Draht",10,metall_maschinen,,gruppen_vorschlag,2026-09-24,
B 25101-500,Hilfsmonteur/in,10,metall_maschinen,,gruppen_vorschlag,2026-09-24,
B 25182-142,Motorwärter/in,10,metall_maschinen,,gruppen_vorschlag,2026-09-24,
B 27212-118,Bauzeichner/in,10,bau,,gruppen_vorschlag,2026-09-24,
B 29293-102,Fleischermeister/in,10,lebensmittel,,gruppen_vorschlag,2026-09-24,
B 31164-507,Baupolizeioberinspektor/in,10,verwaltung,,gruppen_vorschlag,2026-09-24,
B 31212-100,Vermessungstechniker/in (ohne Fachrichtungen),10,metall_maschinen,,gruppen_vorschlag,2026-09-24,
B 34102-102,Schulhausmeister/in,10,metall_maschinen,,gruppen_vorschlag,2026-09-24,
B 34222-101,Ofenbauer/in,10,bau,,gruppen_vorschlag,2026-09-24,
B 34393-140,Rohrmeister/in,10,sonstige,,gruppen_vorschlag,2026-09-24,
B 51321-500,Postgehilfe/-gehilfin,10,verkehr_bahn_post,,gruppen_vorschlag,2026-09-24,
B 52193-500,Fahrmeister/in,10,verkehr_bahn_post,,gruppen_vorschlag,2026-09-24,
B 53213-503,Polizeiinspektor/in,10,verwaltung,,gruppen_vorschlag,2026-09-24,
B 61113-101,Einkäufer/in,10,sonstige,,gruppen_vorschlag,2026-09-24,
B 61212-517,Rohproduktenhändler/in,10,handel,,gruppen_vorschlag,2026-09-24,
B 61282-529,Althändler/in,10,handel,,gruppen_vorschlag,2026-09-24,
B 62182-109,Hausierer/in,10,handel,,gruppen_vorschlag,2026-09-24,
B 62382-115,Getränkehändler/in (Einzelhandel),10,lebensmittel,,gruppen_vorschlag,2026-09-24,
B 71402-609,Verwaltungssekretär/in,10,verwaltung,,gruppen_vorschlag,2026-09-24,
B 72133-158,Versicherungsagent/in,10,handel,,gruppen_vorschlag,2026-09-24,
B 73294-500,Konsul/in,10,sonstige,,gruppen_vorschlag,2026-09-24,
B 73324-107,Bibliothekar/in,10,bildung_kultur_kirche,,gruppen_vorschlag,2026-09-24,
B 82512-103,Bandagist/in,10,metall_maschinen,,gruppen_vorschlag,2026-09-24,
B 83212-109,Diener/in,10,haus_reinigung,,gruppen_vorschlag,2026-09-24,
B 93342-100,Vergolder/in,10,sonstige,,gruppen_vorschlag,2026-09-24,
B 01104-122,Major,9,sonstige,,gruppen_vorschlag,2026-09-24,
B 11194-101,Gutsverwalter/in,9,sonstige,,gruppen_vorschlag,2026-09-24,
B 12132-102,Friedhofsgärtner/in,9,haus_reinigung,,gruppen_vorschlag,2026-09-24,
B 20002-526,Verbauer/in,9,metall_maschinen,,gruppen_vorschlag,2026-09-24,
B 21001-505,Ofenarbeiter/in,9,metall_maschinen,,gruppen_vorschlag,2026-09-24,
B 22393-162,Küfermeister/in,9,holz_moebel,,gruppen_vorschlag,2026-09-24,
B 24113-500,Hüttenbeamte/r,9,verwaltung,,gruppen_vorschlag,2026-09-24,
B 24122-162,Hammerführer/in,9,metall_maschinen,,gruppen_vorschlag,2026-09-24,
B 24193-516,Formermeister/in,9,metall_maschinen,,gruppen_vorschlag,2026-09-24,
B 24382-100,Emaillierer/in,9,metall_maschinen,,gruppen_vorschlag,2026-09-24,
B 24593-105,Uhrmachermeister/in,9,metall_maschinen,,gruppen_vorschlag,2026-09-24,
B 25293-503,Garagenmeister/in,9,verkehr_bahn_post,,gruppen_vorschlag,2026-09-24,
B 29193-101,Kellermeister/in,9,lebensmittel,,gruppen_vorschlag,2026-09-24,
B 29293-138,Backmeister/in,9,lebensmittel,,gruppen_vorschlag,2026-09-24,
B 29294-517,Mühlenbesitzer/in,9,lebensmittel,,gruppen_vorschlag,2026-09-24,
B 32101-502,Ziegelarbeiter/in,9,bau,,gruppen_vorschlag,2026-09-24,
B 34312-104,Pumpenwärter/in,9,metall_maschinen,,gruppen_vorschlag,2026-09-24,
B 41422-108,Werkstoffprüfer/in - Metalltechnik,9,metall_maschinen,,gruppen_vorschlag,2026-09-24,
B 51311-188,"Lagerhelfer/in, Lagergehilfe/-gehilfin",9,verkehr_bahn_post,,gruppen_vorschlag,2026-09-24,
B 51311-582,Magazingehilfe/-gehilfin,9,verkehr_bahn_post,,gruppen_vorschlag,2026-09-24,
B 51411-503,Hilfsweichenwärter/in,9,verkehr_bahn_post,,gruppen_vorschlag,2026-09-24,
B 51522-119,Stellwerkswärter/in,9,verkehr_bahn_post,,gruppen_vorschlag,2026-09-24,
B 53213-518,Polizeioberleutnant/in,9,verwaltung,,gruppen_vorschlag,2026-09-24,
B 54142-122,Kesselreiniger/in,9,metall_maschinen,,gruppen_vorschlag,2026-09-24,
B 62262-112,Baustoffhändler/in (Einzelhandel),9,handel,,gruppen_vorschlag,2026-09-24,
B 62262-530,Farbwarenhändler/in,9,handel,,gruppen_vorschlag,2026-09-24,
B 62282-101,Tankwart/in,9,handel,,gruppen_vorschlag,2026-09-24,
B 71104-102,Betriebsdirektor/in,9,sonstige,,gruppen_vorschlag,2026-09-24,
B 71104-106,Generaldirektor/in,9,sonstige,,gruppen_vorschlag,2026-09-24,
B 71394-115,Bezirksdirektor/in,9,sonstige,,gruppen_vorschlag,2026-09-24,
B 71402-115,Büroassistent/in,9,verwaltung,,gruppen_vorschlag,2026-09-24,
B 71402-166,Privatsekretär/in,9,verwaltung,,gruppen_vorschlag,2026-09-24,
B 81444-127,Hautarzt/-ärztin,9,gesundheit,,gruppen_vorschlag,2026-09-24,
B 81753-100,Homöopath/in,9,sonstige,,gruppen_vorschlag,2026-09-24,
B 82312-104,Damenfriseur/in,9,haus_reinigung,,gruppen_vorschlag,2026-09-24,
B 92194-100,Werbeleiter/in,9,sonstige,,gruppen_vorschlag,2026-09-24,
B 11101-113,Hilfsarbeiter/in (Landwirtschaft),8,sonstige,,gruppen_vorschlag,2026-09-24,
B 11101-131,Landwirtschaftliche/r Gehilfe/Gehilfin,8,sonstige,,gruppen_vorschlag,2026-09-24,
B 11393-505,Schirrmeister/in,8,sonstige,,gruppen_vorschlag,2026-09-24,
B 12144-108,Gartenarchitekt/in,8,bau,,gruppen_vorschlag,2026-09-24,
B 20002-505,Facharbeiter/in,8,metall_maschinen,,gruppen_vorschlag,2026-09-24,
B 21114-116,Bergbauingenieur/in,8,bergbau,,gruppen_vorschlag,2026-09-24,
B 21342-104,Glasschneider/in,8,textil_bekleidung,,gruppen_vorschlag,2026-09-24,
B 24411-130,Hilfsschlosser/in,8,metall_maschinen,,gruppen_vorschlag,2026-09-24,
B 24412-220,Vorschlosser/in,8,metall_maschinen,,gruppen_vorschlag,2026-09-24,
B 26293-132,Gasmeister/in,8,metall_maschinen,,gruppen_vorschlag,2026-09-24,
B 28213-101,Direktrice,8,sonstige,,gruppen_vorschlag,2026-09-24,
B 28393-107,Kürschnermeister/in,8,textil_bekleidung,,gruppen_vorschlag,2026-09-24,
B 29132-108,Brennereibesitzer/in,8,sonstige,,gruppen_vorschlag,2026-09-24,
B 32201-103,Straßenarbeiter/in,8,bau,,gruppen_vorschlag,2026-09-24,
B 32293-512,Pflasterermeister/in,8,bau,,gruppen_vorschlag,2026-09-24,
B 34112-117,Friedhofswärter/in,8,sonstige,,gruppen_vorschlag,2026-09-24,
B 42212-100,Schornsteinfeger/in,8,bau,,gruppen_vorschlag,2026-09-24,
B 51311-216,Sortierer/in,8,verkehr_bahn_post,,gruppen_vorschlag,2026-09-24,
B 51662-104,Postmeister/in,8,verkehr_bahn_post,,gruppen_vorschlag,2026-09-24,
B 53124-112,Betriebsinspektor/in,8,metall_maschinen,,gruppen_vorschlag,2026-09-24,
B 53132-117,Wehrführer/in (Brandmeister/in),8,textil_bekleidung,,gruppen_vorschlag,2026-09-24,
B 54132-106,Färber/in u. Chemischreiniger/in,8,textil_bekleidung,,gruppen_vorschlag,2026-09-24,
B 61213-504,"Biergroßhändler/in, Bierhändler/in",8,handel,,gruppen_vorschlag,2026-09-24,
B 63113-501,Reiseinspektor/in,8,handel,,gruppen_vorschlag,2026-09-24,
B 63221-100,Fahrstuhlführer/in,8,gastgewerbe,,gruppen_vorschlag,2026-09-24,
B 72133-111,Versicherungsvertreter/in,8,handel,,gruppen_vorschlag,2026-09-24,
B 72183-500,Finanzbeamte/r,8,verwaltung,,gruppen_vorschlag,2026-09-24,
B 73184-508,Justizrat/-rätin,8,verwaltung,,gruppen_vorschlag,2026-09-24,
B 73203-127,Verwaltungsbeamt(er/in) (geh. Dienst),8,verwaltung,,gruppen_vorschlag,2026-09-24,
B 83112-142,Kindergärtner/in,8,bildung_kultur_kirche,,gruppen_vorschlag,2026-09-24,
B 83314-532,Pastor/in,8,bildung_kultur_kirche,,gruppen_vorschlag,2026-09-24,
B 83314-606,Professor/in sacr. pag.,8,bildung_kultur_kirche,,gruppen_vorschlag,2026-09-24,
B 84214-141,Fachlehrer/in,8,bildung_kultur_kirche,,gruppen_vorschlag,2026-09-24,
B 93302-101,Kunstgewerbler/in,8,bildung_kultur_kirche,,gruppen_vorschlag,2026-09-24,
B 01412-588,Werber/in (Militär),7,verwaltung,,gruppen_vorschlag,2026-09-24,
B 11333-106,Hufschmied/in,7,metall_maschinen,,gruppen_vorschlag,2026-09-24,
B 21113-118,Elektrosteiger/in,7,bergbau,,gruppen_vorschlag,2026-09-24,
B 21193-115,Bohrmeister/in,7,bergbau,,gruppen_vorschlag,2026-09-24,
B 21194-509,Bergwerksunternehmer/in,7,bergbau,,gruppen_vorschlag,2026-09-24,
B 21294-515,Ziegeleibesitzer/in,7,bau,,gruppen_vorschlag,2026-09-24,
B 24222-114,Werkzeugschleifer/in,7,metall_maschinen,,gruppen_vorschlag,2026-09-24,
B 24302-120,Verzinker/in,7,metall_maschinen,,gruppen_vorschlag,2026-09-24,
B 24412-112,Bauschlosser/in,7,metall_maschinen,,gruppen_vorschlag,2026-09-24,
B 24522-122,Werkzeugmacher/in,7,metall_maschinen,,gruppen_vorschlag,2026-09-24,
B 25103-129,Betriebstechniker/in,7,metall_maschinen,,gruppen_vorschlag,2026-09-24,
B 25222-137,Wagenschmied/in,7,metall_maschinen,,gruppen_vorschlag,2026-09-24,
B 26313-513,Telegrafenbeamte/r,7,verwaltung,,gruppen_vorschlag,2026-09-24,
B 26313-514,Telegrafenaufseher/in,7,metall_maschinen,,gruppen_vorschlag,2026-09-24,
B 28122-307,Maschinenstricker/in,7,textil_bekleidung,,gruppen_vorschlag,2026-09-24,
B 28193-132,Stuhlmeister/in,7,textil_bekleidung,,gruppen_vorschlag,2026-09-24,
B 28322-128,Autosattler/in,7,textil_bekleidung,,gruppen_vorschlag,2026-09-24,
B 29112-111,Bierbrauer/in,7,lebensmittel,,gruppen_vorschlag,2026-09-24,
B 29194-510,Brauereibesitzer/in,7,lebensmittel,,gruppen_vorschlag,2026-09-24,
B 29232-100,Fleischer/in,7,lebensmittel,,gruppen_vorschlag,2026-09-24,
B 31163-102,Bauaufseher/in (Baukontrolle),7,bau,,gruppen_vorschlag,2026-09-24,
B 31212-115,Markscheiderassistent/in,7,metall_maschinen,,gruppen_vorschlag,2026-09-24,
B 33332-108,Bauschreiner/in,7,holz_moebel,,gruppen_vorschlag,2026-09-24,
B 51311-119,Hafenarbeiter/in,7,verkehr_bahn_post,,gruppen_vorschlag,2026-09-24,
B 51322-125,Postbetriebsfacharbeiter/in,7,verkehr_bahn_post,,gruppen_vorschlag,2026-09-24,
B 51322-557,Postangestellte/r,7,verkehr_bahn_post,,gruppen_vorschlag,2026-09-24,
B 51412-500,Bahnangestellte/r,7,verkehr_bahn_post,,gruppen_vorschlag,2026-09-24,
B 51522-502,Bahnanwärter/in,7,verkehr_bahn_post,,gruppen_vorschlag,2026-09-24,
B 51523-509,Bahningenieur/in,7,verkehr_bahn_post,,gruppen_vorschlag,2026-09-24,
B 51623-531,Speditionsbeamte/r,7,verwaltung,,gruppen_vorschlag,2026-09-24,
B 52122-504,Brotfahrer/in,7,verkehr_bahn_post,,gruppen_vorschlag,2026-09-24,
B 52202-501,Bahnzugführer/in,7,verkehr_bahn_post,,gruppen_vorschlag,2026-09-24,
B 53333-106,Trichinenschauer/in,7,lebensmittel,,gruppen_vorschlag,2026-09-24,
B 61123-157,Propagandist/in,7,sonstige,,gruppen_vorschlag,2026-09-24,
B 63293-109,Aufsichtsdame (Hotel),7,gastgewerbe,,gruppen_vorschlag,2026-09-24,
B 71104-109,"Geschäftsleiter/in, Zweiggeschäftsleiter/in, Zweigstellenleiter/in",7,sonstige,,gruppen_vorschlag,2026-09-24,
B 73183-507,Gerichtsassessor/in - auch Kreis- und Amtsebene,7,verwaltung,,gruppen_vorschlag,2026-09-24,
B 73203-513,Assessor/in - allgemeine Institutionen,7,sonstige,,gruppen_vorschlag,2026-09-24,
B 73213-510,Versicherungsbeamte/r,7,verwaltung,,gruppen_vorschlag,2026-09-24,
B 73214-508,Knappschaftsälteste/r,7,sonstige,,gruppen_vorschlag,2026-09-24,
B 73242-512,"Zollamtassistent/in, Zollassistent/in, Zollbetriebsassistent/in",7,verwaltung,,gruppen_vorschlag,2026-09-24,
B 73244-502,Zollinspektor/in,7,verwaltung,,gruppen_vorschlag,2026-09-24,
B 84213-504,Gewerbeschullehrer/in,7,bildung_kultur_kirche,,gruppen_vorschlag,2026-09-24,
B 91404-108,Volkswirt/in,7,bildung_kultur_kirche,,gruppen_vorschlag,2026-09-24,
B 93512-107,Gürtler/in,7,bildung_kultur_kirche,,gruppen_vorschlag,2026-09-24,
B 94124-124,Konzertsänger/in,7,sonstige,,gruppen_vorschlag,2026-09-24,
B 94134-110,Musikdirektor/in,7,bildung_kultur_kirche,,gruppen_vorschlag,2026-09-24,
B 94342-500,Buchmacher/in,7,sonstige,,gruppen_vorschlag,2026-09-24,
A 21200-502,Witwe/r,6,sonstige,,gruppen_vorschlag,2026-09-24,
A 40220-504,Teilhaber/in,6,sonstige,,gruppen_vorschlag,2026-09-24,
B 11341-520,Hauderer/Hauderin,6,verkehr_bahn_post,,gruppen_vorschlag,2026-09-24,
B 22342-509,Zechenschreiner/in,6,bergbau,,gruppen_vorschlag,2026-09-24,
B 23494-510,Druckereibesitzer/in,6,bildung_kultur_kirche,,gruppen_vorschlag,2026-09-24,
B 26212-103,Elektroinstallateur/in,6,metall_maschinen,,gruppen_vorschlag,2026-09-24,
B 26312-502,Telegrafenvorarbeiter/in,6,metall_maschinen,,gruppen_vorschlag,2026-09-24,
B 26312-511,Telegrafist/in,6,metall_maschinen,,gruppen_vorschlag,2026-09-24,
B 32203-103,Tiefbautechniker/in,6,metall_maschinen,,gruppen_vorschlag,2026-09-24,
B 61213-507,Tuchgroßhändler/in,6,handel,,gruppen_vorschlag,2026-09-24,
B 62194-102,Verkaufsleiter/in,6,handel,,gruppen_vorschlag,2026-09-24,
B 63394-162,Wirt/in (Gastwirt/in),6,gastgewerbe,,gruppen_vorschlag,2026-09-24,
B 73202-501,Verwaltungsangestellte/r - allgemein,6,verwaltung,,gruppen_vorschlag,2026-09-24,
B 81494-100,Chefarzt/-ärztin,6,gesundheit,,gruppen_vorschlag,2026-09-24,
B 83211-503,Wirtschaftsgehilfe/-gehilfin,6,haus_reinigung,,gruppen_vorschlag,2026-09-24,
B 92302-126,Verlagsbuchhändler/in,6,handel,,gruppen_vorschlag,2026-09-24,
B 94522-501,Vorführer/in - allgemein,6,metall_maschinen,,gruppen_vorschlag,2026-09-24,
B 01104-118,Hauptmann,5,sonstige,,gruppen_vorschlag,2026-09-24,
B 11322-503,Hufschmiedleute/-frauen,5,metall_maschinen,,gruppen_vorschlag,2026-09-24,
B 20002-572,Betriebsarbeiter/in,5,metall_maschinen,,gruppen_vorschlag,2026-09-24,
B 21232-101,Grabsteinmetz/in,5,metall_maschinen,,gruppen_vorschlag,2026-09-24,
B 24194-518,Hüttendirektor/in,5,metall_maschinen,,gruppen_vorschlag,2026-09-24,
B 24232-110,Walzendreher/in,5,metall_maschinen,,gruppen_vorschlag,2026-09-24,
B 24422-119,Autogenschweißer/in,5,metall_maschinen,,gruppen_vorschlag,2026-09-24,
B 25104-150,Maschineningenieur/in,5,metall_maschinen,,gruppen_vorschlag,2026-09-24,
B 28122-140,Stricker/in,5,textil_bekleidung,,gruppen_vorschlag,2026-09-24,
B 28122-526,Spinner/in,5,textil_bekleidung,,gruppen_vorschlag,2026-09-24,
B 29232-135,Großschlächter/in,5,lebensmittel,,gruppen_vorschlag,2026-09-24,
B 52194-504,Autodroschkenbesitzer/in,5,verkehr_bahn_post,,gruppen_vorschlag,2026-09-24,
B 53213-502,Polizeikommissar/in,5,verwaltung,,gruppen_vorschlag,2026-09-24,
B 54132-144,Plätter/in (Textilpflege),5,gesundheit,,gruppen_vorschlag,2026-09-24,
B 54194-500,Waschanstaltsbesitzer/in,5,haus_reinigung,,gruppen_vorschlag,2026-09-24,
B 54194-501,Wäschereibesitzer/in,5,textil_bekleidung,,gruppen_vorschlag,2026-09-24,
B 61212-529,Kolonialwarengroßhändler/in,5,handel,,gruppen_vorschlag,2026-09-24,
B 61213-505,Zigarrengrosshändler/in,5,handel,,gruppen_vorschlag,2026-09-24,
B 61282-544,Geflügelhändler/in,5,handel,,gruppen_vorschlag,2026-09-24,
B 62182-514,Versandhändler/in,5,handel,,gruppen_vorschlag,2026-09-24,
B 62262-505,Farbenhändler/in,5,handel,,gruppen_vorschlag,2026-09-24,
B 62382-125,Reformhauskaufmann/-frau,5,lebensmittel,,gruppen_vorschlag,2026-09-24,
B 62382-552,Zuckerwarenhändler/in,5,lebensmittel,,gruppen_vorschlag,2026-09-24,
B 63394-509,Speisewirt/in,5,gastgewerbe,,gruppen_vorschlag,2026-09-24,
B 71104-111,Handlungsbevollmächtigte/r,5,sonstige,,gruppen_vorschlag,2026-09-24,
B 71214-101,Bürgermeister/in,5,sonstige,,gruppen_vorschlag,2026-09-24,
B 71402-112,Redaktionssekretär/in,5,verwaltung,,gruppen_vorschlag,2026-09-24,
B 71403-527,Direktionssekretär/in,5,verwaltung,,gruppen_vorschlag,2026-09-24,
B 73144-100,Staatsanwalt/-anwältin,5,sonstige,,gruppen_vorschlag,2026-09-24,
B 73203-540,Verwaltungsinspektor/in,5,verwaltung,,gruppen_vorschlag,2026-09-24,
B 73204-551,Verwaltungsoberinspektor/in,5,verwaltung,,gruppen_vorschlag,2026-09-24,
B 83293-510,Kastellan/in - Verwaltung,5,lebensmittel,,gruppen_vorschlag,2026-09-24,
B 93214-104,Innenarchitekt/in,5,bau,,gruppen_vorschlag,2026-09-24,
