osm_name,name,hinweis
Altendorf,Altendorf,
Altenessen-Nord,Altenessen-Nord,
Altenessen-Süd,Altenessen-Süd,
Bedingrade,Bedingrade,
Bergeborbeck,Bergeborbeck,
Bergerhausen,Bergerhausen,
Bochold,Bochold,
Borbeck-Mitte,Borbeck-Mitte,
Bredeney,Bredeney,
Burgaltendorf,,erst 1970 eingemeindet
Byfang,Byfang,
Dellwig,Dellwig,
Fischlaken,Fischlaken,
Freisenbruch,Freisenbruch,
Frillendorf,Frillendorf,
Frintrop,Frintrop,
Frohnhausen,Frohnhausen,
Fulerum,Fulerum,
Gerschede,Gerschede,
Haarzopf,Haarzopf,
Heidhausen,Heidhausen,
Heisingen,Heisingen,
Holsterhausen,Holsterhausen,
Horst,Horst,
Huttrop,Huttrop,
Karnap,Karnap,
Katernberg,Katernberg,
Kettwig,,erst 1975 nach Essen eingemeindet — 1936 keine Essener Adressen
Kray,Kray,
Kupferdreh,Kupferdreh,
Leithe,Leithe,
Margarethenhöhe,Margaretenhöhe,Schreibung wie essener-strassen/Dickhoff
Nordviertel,Nordviertel,
Ostviertel,Ostviertel,
Rellinghausen,Rellinghausen,
Rüttenscheid,Rüttenscheid,
Schonnebeck,Schonnebeck,
Schuir,Schuir,
Schönebeck,Schönebeck,
Stadtkern,Stadtkern,
Stadtwald,Stadtwald,
Steele,Steele,
Stoppenberg,Stoppenberg,
Südostviertel,Südostviertel,
Südviertel,Südviertel,
Vogelheim,Vogelheim,
Werden,Werden,
Westviertel,Westviertel,
Überruhr-Hinsel,Überruhr-Hinsel,
Überruhr-Holthausen,Überruhr-Holthausen,
