name,stadtteil,fs_id,url,portal_name,portal_stadtteil,huske_status,grund,letztes_jahr,chronik_1930_1940,atlas_auszug
Abgunst,Heisingen,1212588,https://historischesportal.essen.de/historischesportal_orte/bergbau_1/bergbau_detailseite_1212588.de.html,Abgunst,Heisingen,stillgelegt,1858 3.7. Konsolidation zu Ver. Flashoff,1858,,
Adler,Kupferdreh,1212596,https://historischesportal.essen.de/historischesportal_orte/bergbau_1/bergbau_detailseite_1212596.de.html,Adler,Kupferdreh-Dilldorf,stillgelegt,"1930 1.9. Stilllegung, 15.12. Aufgabe und Versaufen der Grubenbaue, Abdecken der Schä",1950,"1930 1.9. Stilllegung, 15.12. Aufgabe und Versaufen der Grubenbaue, Abdecken der Schächte 1, 2 und 3 | 1931 31.3. Stilllegung Brikettfabrik",
Aline,Werden-Fischlaken,1212608,https://historischesportal.essen.de/historischesportal_orte/bergbau_1/bergbau_detailseite_1212608.de.html,Aline,Fischlaken,stillgelegt,1875 Betrieb vor 1892 zu Paul,1875,,
Alte Aproche,Burgaltendorf,1212612,https://historischesportal.essen.de/historischesportal_orte/bergbau_1/bergbau_detailseite_1212612.de.html,Alte Aproche,Burgaltendorf,stillgelegt,"1876 noch Betrieb mit Göpelschacht, bald darauf Stilllegung",1952,,
Alte Sackberg,Burgaltendorf,1212634,https://historischesportal.essen.de/historischesportal_orte/bergbau_1/bergbau_detailseite_1212634.de.html,Alte Sackberg,Burgaltendorf,stillgelegt,1861 Jahresende: Stilllegung,1861,,
Vereinigte Alte Sackberg & Geitling,Burgaltendorf,1212636,https://historischesportal.essen.de/historischesportal_orte/bergbau_1/bergbau_detailseite_1212636.de.html,Ver. Alte Sackberg Geitling,Burgaltendorf,stillgelegt,"1876 1 t, 1 B, Stilllegung",1876,,
Altendorfer Bank,Burgaltendorf,1212616,https://historischesportal.essen.de/historischesportal_orte/bergbau_1/bergbau_detailseite_1212616.de.html,Altendorfer Bank,Burgaltendorf,unklar,"kein Eintrag nach 1838, Ende unbekannt",1838,,
Altendorfer Erbstollen,Burgaltendorf,1212620,https://historischesportal.essen.de/historischesportal_orte/bergbau_1/bergbau_detailseite_1212620.de.html,Altendorfer Erbstolln (Hattingen-Niederwenigern/Essen-Burgaltendorf),,stillgelegt,1855 8.2./14.10. unter der Himmelsfürster Erbstollensohle Konsolidation zu Altendorf ,1855,,
Altendorfer Mulde,Burgaltendorf,1212624,https://historischesportal.essen.de/historischesportal_orte/bergbau_1/bergbau_detailseite_1212624.de.html,Altendorfer Mulde,Burgaltendorf,stillgelegt,"1855 Kohlenvorräte im Schacht Rochussen fast abgebaut, 8.2./14.10. Konsolidation zu A",1855,,
Altendorf Tiefbau,Burgaltendorf,1212626,https://historischesportal.essen.de/historischesportal_orte/bergbau_1/bergbau_detailseite_1212626.de.html,Altendorf Tiefbau,Burgaltendorf,unklar,Portaltext abgeschnitten (endet 1902),1902,,
Amalie,Nordviertel,,,,,unklar,keine Chronologie im Portal (1215553; 1214981; 1215115),,,
Anna,Altenessen,,,,,unklar,im Portal-Index nicht gefunden,,,
Antonius,Baldeney,1212664,https://historischesportal.essen.de/historischesportal_orte/bergbau_1/bergbau_detailseite_1212664.de.html,Antonius,Bredeney,stillgelegt,1817 8.8. Vereinigung zu Antonius Capellenbank,1817,,
Arenberg,?,,,,,unklar,im Portal-Index nicht gefunden,,,
Augustus Erbstollen,Kupferdreh,,,,,unklar,im Portal-Index nicht gefunden,,,
Barenbank,Burgaltendorf,,,,,unklar,im Portal-Index nicht gefunden,,,
Barnscheid,Heisingen,1212706,https://historischesportal.essen.de/historischesportal_orte/bergbau_1/bergbau_detailseite_1212706.de.html,Barnscheid,Heisingen,unklar,"kein Eintrag nach 1802, Ende unbekannt",1802,,
Beisenkamp,Byfang und Kupferdreh,,,,,unklar,im Portal-Index nicht gefunden,,,
"Berger, Schacht",?,,,,,unklar,im Portal-Index nicht gefunden,,,
Biberbach,Burgaltendorf,1212854,https://historischesportal.essen.de/historischesportal_orte/bergbau_1/bergbau_detailseite_1212854.de.html,Biberbach,Burgaltendorf,unklar,kein Betriebsbeleg bis 1936,1794,,
Bongerbank,Steele,1212870,https://historischesportal.essen.de/historischesportal_orte/bergbau_1/bergbau_detailseite_1212870.de.html,Bongerbank,Freisenbruch,stillgelegt,"1772 Betrieb, Kohlenlieferung auf der Ruhr nach Kleve vor 1774 Vereinigung zu Bongerb",1772,,
Bonifacius,Kray,1214758,https://historischesportal.essen.de/historischesportal_orte/bergbau_1/bergbau_detailseite_1214758.de.html,Bonifacius,Kray,aktiv,"1935 Berechtsame: 5 km², 755520 t, 1671 B",1966,"1930 Tieferteufen Sch. 2, 893740 t, 2794 B | 1931 Sch. 2: Ansetzen 8. S. = 671 m(-613 m), 15.2. Stilllegung Kokerei, Verpachtung Feldesteil an Katharina | 1935 Berechtsame: 5 km², 755520 t, 1671 B | 1939 Sch. 1 bis 6. S., max. Förderung: 1.251690 t, 2859 B | 1940 1.197400 t, 2823 B",
Bonscheidt,Heisingen,1212876,https://historischesportal.essen.de/historischesportal_orte/bergbau_1/bergbau_detailseite_1212876.de.html,Bonscheidt,Heisingen,stillgelegt,1868 21.12. Konsolidation zu Ver. Nottekampsbank,1868,,
Bosselbank,Stadtwald,1212884,https://historischesportal.essen.de/historischesportal_orte/bergbau_1/bergbau_detailseite_1212884.de.html,Bosselbank,"Stadtwald, Kluse",stillgelegt,"1812 21.11. Stilllegung wegen schlechter Kohle, danach Erwerb der Berechtsame Fendel-",1822,,
Braut in Fleckessiepen,Heidhausen,1212899,https://historischesportal.essen.de/historischesportal_orte/bergbau_1/bergbau_detailseite_1212899.de.html,Braut in Fleckessiepen,Heidhausen,stillgelegt,1900 endgültige Übernahme durch Pauline,1900,,
Vereinigte Braut,Heidhausen,1212890,https://historischesportal.essen.de/historischesportal_orte/bergbau_1/bergbau_detailseite_1212890.de.html,Braut,Heidhausen,stillgelegt,1866 Konsolidation zu Ver. Braut,1866,,
Bredeneyer Crone,Heidhausen,1215381,https://historischesportal.essen.de/historischesportal_orte/bergbau_1/bergbau_detailseite_1215381.de.html,Bredeneyer Crone,Bredeney,unklar,"kein Eintrag nach 1900, Ende unbekannt",1900,,
Bruchkamp & Steinknapp,Heisingen,1212923,https://historischesportal.essen.de/historischesportal_orte/bergbau_1/bergbau_detailseite_1212923.de.html,Bruchkamp Steinknapp,Heisingen,stillgelegt,1870 11.7. Konsolidation zu Ver. Hundsnocken,1870,,
Vereinigte Brüderschaft,Burgaltendorf,1212925,https://historischesportal.essen.de/historischesportal_orte/bergbau_1/bergbau_detailseite_1212925.de.html,Ver. Brüderschaft,Burgaltendorf,stillgelegt,"1893 Stilllegung, Übernahme durch Altendorf Tiefbau und Sümpfen",1893,,
Buch,Burgaltendorf,,,,,unklar,im Portal-Index nicht gefunden,,,
Buschbank,Burgaltendorf,1212937,https://historischesportal.essen.de/historischesportal_orte/bergbau_1/bergbau_detailseite_1212937.de.html,Buschbank,Burgaltendorf,unklar,kein Betriebsbeleg bis 1936,1802,,
Vereinigte Capellenbank,Baldeney-Stadtwald,1212941,https://historischesportal.essen.de/historischesportal_orte/bergbau_1/bergbau_detailseite_1212941.de.html,Ver. Capellenbank,Bredeney,stillgelegt,"1875 4152 t, 19 B, zum Jahresende Einstellung Kohlenabbau, Weiterführung Eisensteinab",1875,,
Carl,Altenessen,1212951,https://historischesportal.essen.de/historischesportal_orte/bergbau_1/bergbau_detailseite_1212951.de.html,Carl,Altenessen-Süd,stillgelegt,1929 15.5. Übernahme durch Emil,1929,,
Carl Funke,Heisingen,1212712,https://historischesportal.essen.de/historischesportal_orte/bergbau_1/bergbau_detailseite_1212712.de.html,Carl Funke,Heisingen,aktiv,"1935 354664 t, 1079 B",1964,"1930 416406 t, 1545 B | 1931 1.1. Übernahme stillgelegte Zeche Prinz Friedrich (Schacht Prinz Friedrich = Sch. 3 bis 1. S. Prinz Friedrich = 190 m (-138 m), Wetterführung/Seilfahrt/Wasserhaltung), Berechtsame: 11,5 km² | 1935 354664 t, 1079 B | 1936 Jahresanfang: Stilllegung Brikettfabrk | 1937 Berechtsame: 14 km² | 1940 453432 t, 1126 B","Die Rheinische Anthracit-Kohlenwerke AG kommt in diesem Jahr zur Essener Steinkohlenbergwerke AG, dann 1930 zur Gelsenkirchener Bergwerks AG (ab 1933 wieder Essener Steinkohlenbergwerke AG), die die Zeche 1969 in die Ruhrkohle AG einbringt. 1922 macht die Umstellung der Förderung zur 5."
Carl Hugo,Dilldorf-Hamm,1212714,https://historischesportal.essen.de/historischesportal_orte/bergbau_1/bergbau_detailseite_1212714.de.html,Carl Hugo,Dilldorf-Hamm,stillgelegt,1906 Konsolidation zu Adler,1906,,
Carolus Magnus,Bergeborbeck,1214553,https://historischesportal.essen.de/historischesportal_orte/bergbau_1/bergbau_detailseite_1214553.de.html,Carolus Magnus,Bergeborbeck,aktiv,"1936 Anpachtung Teilfeld von König Wilhelm (Neu-Cölner Mulde), da eigene Fettkohle ab",1954,"1930 Sch. 3 bis 9. S., 15.4. Stilllegung Kokerei, 351645 t, 1105 B | 1932 98 Feierschichten | 1935 273275 t, 716 B | 1936 Anpachtung Teilfeld von König Wilhelm (Neu-Cölner Mulde), da eigene Fettkohle abgebaut | 1937 Aufschluss Pachtfeld Neu-Cöln | 1939 Berechtsame: 2 km² | 1940 250049 t, 748 B","1866 beginnen die Teufarbeiten an Schacht 1, 1892 folgen Schacht 2 (Catho) und 1925 der Schacht 3. 1929 fördern 1.299 Bergleute 409.190 t (315 t/B). Da die eigenen Fettkohlen abgebaut sind, erfolgt 1936 die Anpachtung eines Teilfeldes von König Wilhelm (Neu-Cöln). Durch Kriegseinwirkungen kommt es 1944 zur Betriebseinstellung."
Catharina,Burgaltendorf,,,,,unklar,"mehrdeutig: Catharina (Fulerum, 1212722); Ver. Catharina (Überruhr-Burgaltendorf, 1212724); Catharina (Burgaltendorf, 1215021)",,,
Vereinigte Catharina,Überruhr,1212724,https://historischesportal.essen.de/historischesportal_orte/bergbau_1/bergbau_detailseite_1212724.de.html,Ver. Catharina,Überruhr-Burgaltendorf,unklar,"kein Eintrag nach 1926, Ende unbekannt",1926,,
Centrum 4/6,Leithe,1212728,https://historischesportal.essen.de/historischesportal_orte/bergbau_1/bergbau_detailseite_1212728.de.html,Centrum 4/6,Kray-Leithe,stillgelegt,"1928 31.10 Stilllegung, Sch. 4: Verfüllung unterhalb 3. S., Offenhalten Sch. 6 für Wa",1952,1933 Grubenfeld an Essener Steinkohlenbergwerke AG (Reservefeld für Katharina),
Charlotte,Überruhr,1212730,https://historischesportal.essen.de/historischesportal_orte/bergbau_1/bergbau_detailseite_1212730.de.html,Charlotte,Überruhr-Burgaltendorf,stillgelegt,"1791 4.6. Verleihung Längenfeld Charlotte, 4.7. Beilegung der Zwistigkeiten zwischen ",1791,,
Vereinigte Charlotte,Überruhr,1212730,https://historischesportal.essen.de/historischesportal_orte/bergbau_1/bergbau_detailseite_1212730.de.html,Charlotte,Überruhr-Burgaltendorf,stillgelegt,"1791 4.6. Verleihung Längenfeld Charlotte, 4.7. Beilegung der Zwistigkeiten zwischen ",1791,,
Vereinigte Charlotte Steingatt,Überruhr,,,,,unklar,im Portal-Index nicht gefunden,,,
Vereinigte Crone,Burgaltendorf,1212760,https://historischesportal.essen.de/historischesportal_orte/bergbau_1/bergbau_detailseite_1212760.de.html,Ver. Crone,Überruhr-Holthausen,stillgelegt,1831 1./2.12. Konsolidierung zu Ver. Himmelsfürster Erbstollen,1831,,
Christian Levin,Dellwig,1214561,https://historischesportal.essen.de/historischesportal_orte/bergbau_1/bergbau_detailseite_1214561.de.html,Christian Levin,Dellwig,unklar,"Ende laut 1862 Betriebseinstellung, bis bessere wirtschaftliche Zeiten, aber Förderzahlen danach: 1937 Rückbenennung aus König Wilhelm, 3 Schäc",1960,"1937 Rückbenennung aus König Wilhelm, 3 Schächte: Christian Levin 1 bis 6. S. = 560 m(-520 m)/Christian Levin 2 bis 7. S. = 751 m(-711 m), Wetterschacht Levin bis 6. S. Neu-Cöln = 520 m(-478 m), Feld und Schächte Neu-Cöln 1 und 2 stillgelegt, Brikettfabrik auf Christian Levin, Aufschluss Bleierzgang, 367123 t, 948 B | 1938 Beginn Bleierzgewinnung | 1940 Wetterschacht Levin bis 6. S. = 559 m(-518 m), 281323 t, 865 B",
Deimelsberger Erbstollen,Steele,1212770,https://historischesportal.essen.de/historischesportal_orte/bergbau_1/bergbau_detailseite_1212770.de.html,Deimelsberger Stolln,Steele,stillgelegt,1829 Konsolidation zu Ver. Deimelsberger Erbstolln,1829,,
Dicke Bank,Burgaltendorf,1212790,https://historischesportal.essen.de/historischesportal_orte/bergbau_1/bergbau_detailseite_1212790.de.html,Dicke Bank,Burgaltendorf,unklar,kein Betriebsbeleg bis 1936,1794,,
Die Kanzel,Kettwig,1212816,https://historischesportal.essen.de/historischesportal_orte/bergbau_1/bergbau_detailseite_1212816.de.html,Die Kanzel,Kettwig,stillgelegt,"1923 Mitte August: Fördereinstellung, 1.10. Stilllegung angeblich 1925 noch einmal ku",1952,,
Dohm’s Erbstollen,Schuir,1212826,https://historischesportal.essen.de/historischesportal_orte/bergbau_1/bergbau_detailseite_1212826.de.html,Dohm's Erbstollen,Schuir,stillgelegt,"1868 Stilllegung (1951 Wiederinbetriebnahme, s. dort) (Stollen, Besitzer: A. Müller G",1961,,
Duvenkampsbank,Heisingen,1212983,https://historischesportal.essen.de/historischesportal_orte/bergbau_1/bergbau_detailseite_1212983.de.html,Duvenkampsbank,Heisingen,stillgelegt,1866 Stilllegung,1866,,
Eiberg,Horst-Eiberg,,,,,unklar,keine Chronologie im Portal (1215391),,,
Einigkeit,Steele,1214699,https://historischesportal.essen.de/historischesportal_orte/bergbau_1/bergbau_detailseite_1214699.de.html,Einigkeit,Steele-Freisenbruch,stillgelegt,1856 Konsolidation zu Eintracht Tiefbau,1856,,
Eintracht Erbstollen,Steele,,,,,unklar,keine Chronologie im Portal (1214599; 1215393; 1215395; 1215397; 1215399; 1215095; 1215047),,,
Eintracht Tiefbau,Freisenbruch,1213005,https://historischesportal.essen.de/historischesportal_orte/bergbau_1/bergbau_detailseite_1213005.de.html,Eintracht Tiefbau,Freisenbruch,unklar,Portaltext abgeschnitten (endet 1919),1919,,
Elend,Burgaltendorf,1213009,https://historischesportal.essen.de/historischesportal_orte/bergbau_1/bergbau_detailseite_1213009.de.html,Elend,Burgaltendorf,unklar,kein Betriebsbeleg bis 1936,1794,,
Emil-Emscher,Altenessen,1213019,https://historischesportal.essen.de/historischesportal_orte/bergbau_1/bergbau_detailseite_1213019.de.html,Emil-Emscher,Vogelheim,aktiv,1936 Emil 1/2: Sch. 2: Ansetzen 7. S. = 665 m(-615 m),1967,"1935 1.7. Zusammenlegung von Emil und Emscher, Anlagen: Emil: Emil 1 bis 5. S. = 456 m(-406 m)/Emil 2 bis 6. S. = 563 m(-513 m), Anna/Wetterschacht bis 6. S. = 563 m, Carl bis 6. S. = 570 m/Wetterschacht bis 4. S. = 371 m, Emscher: Emscher 1 und 2 bis 6. S. = 563 m/Wetterschacht bis 2. S. = 201 m; Förderung auf Emil 1/2, Kokereien Emil und Emscher 1/2 in Betrieb, Berechtsame: 15,5 km² (Emil- Emscher und Fritz-Heinrich gemeinsam), 1.269100 t, 3649 B | 1936 Emil 1/2: Sch. 2: Ansetzen 7. S. = 665 m(-615 m) | 1937 max. Förderung: 1.488600 t, 3942 B | 1940 1.466850 t, 4171 B",
Emil-Fritz,Altenessen,1213021,https://historischesportal.essen.de/historischesportal_orte/bergbau_1/bergbau_detailseite_1213021.de.html,Emil-Fritz,Altenessen-Nord,stillgelegt,erst 1967: 1.1. entstanden durch Verbund von Emil-Emscher mit Fritz-Wil,1976,,
Emilie,Kettwig,1213025,https://historischesportal.essen.de/historischesportal_orte/bergbau_1/bergbau_detailseite_1213025.de.html,Emilie,Kettwig,stillgelegt,1923 1.12. Stilllegung,1956,,
Erbenbank,Kettwig,1213035,https://historischesportal.essen.de/historischesportal_orte/bergbau_1/bergbau_detailseite_1213035.de.html,Erbenbank,Kettwig,stillgelegt,"1894 noch einmal Förderung: 30 t, endgültige Stilllegung",1897,,
Erbenkampsbank,Bredeney,1213037,https://historischesportal.essen.de/historischesportal_orte/bergbau_1/bergbau_detailseite_1213037.de.html,Erbenkampsbank,Bredeney,stillgelegt,"1875 still zwischen 1887 und 1904 Konsolidation zu Ver. Dreifußbank Erbenkampsbank""",1875,,
Faulevott,Überruhr,,,,,unklar,im Portal-Index nicht gefunden,,,
Fettlappen,Südviertel,1213076,https://historischesportal.essen.de/historischesportal_orte/bergbau_1/bergbau_detailseite_1213076.de.html,Fettlappen,"Südviertel, nahe Bismarckstraße",stillgelegt,1805 19.2. Konsolidation zu Ver. Hoffnung Secretarius Ak,1805,,
Flöte,Werden,1213096,https://historischesportal.essen.de/historischesportal_orte/bergbau_1/bergbau_detailseite_1213096.de.html,Flöte,Bredeney,stillgelegt,1927 1.1. Stilllegung,1927,,"Sie liegt dann von 1839 bis 1924 still. 1924 erfolgt der Abbau im Stollenbetrieb, 1925 über einen Schacht mit 45 m Teufe. Januar 1927 erfolgt die Stilllegung."
Flörchen,Heisingen,1213094,https://historischesportal.essen.de/historischesportal_orte/bergbau_1/bergbau_detailseite_1213094.de.html,Flörchen,"Heisingen, Stauseebogen",stillgelegt,1854 Konsolidation zu Flor Flörchen,1854,,
Flor,Heisingen,1213098,https://historischesportal.essen.de/historischesportal_orte/bergbau_1/bergbau_detailseite_1213098.de.html,Flor,Heisingen,stillgelegt,1854 Konsolidation zu Flor Flörchen,1854,,
Flor & Flörchen,Heisingen,,,,,unklar,"mehrdeutig: Flor Flörchen (Heisingen, 1213102); Ver. Flor Flörchen (Heisingen, Stauseebogen, 1213104)",,,
Vereinigte Flor & Flörchen,Heisingen,,,,,unklar,"mehrdeutig: Flor Flörchen (Heisingen, 1213102); Ver. Flor Flörchen (Heisingen, Stauseebogen, 1213104)",,,
Fortuna,Bredeney,1213110,https://historischesportal.essen.de/historischesportal_orte/bergbau_1/bergbau_detailseite_1213110.de.html,Fortuna,Bredeney,unklar,"kein Eintrag nach 1885, Ende unbekannt",1885,,
Franz,Schonnebeck,,,,,unklar,keine Chronologie im Portal (1215049),,,
Freudenberg,Bredeney,1213124,https://historischesportal.essen.de/historischesportal_orte/bergbau_1/bergbau_detailseite_1213124.de.html,Freudenberg,Bredeney,unklar,"kein Eintrag nach 1857, Ende unbekannt",1857,,
Fridolin,Steele,1213126,https://historischesportal.essen.de/historischesportal_orte/bergbau_1/bergbau_detailseite_1213126.de.html,Fridolin,Steele-Horst,stillgelegt,1882 zu Eiberg,1882,,
Friedrich Arthur,Burgaltendorf,,,,,unklar,im Portal-Index nicht gefunden,,,
Friedrich Ernestine,Stoppenberg,1213138,https://historischesportal.essen.de/historischesportal_orte/bergbau_1/bergbau_detailseite_1213138.de.html,Friedrich Ernestine,Stoppenberg,aktiv,"1935 401175 t, 1053 B",1957,"1930 366753 t, 1132 B | 1934 Durchschlag mit Victoria Mathias (Graf Beust) vorhanden | 1935 401175 t, 1053 B | 1937 max. Förderung: 626328 t, 1674 B | 1939 Berechtsame: 1,45 km² + 0,42 km² von Graf Beust = 1,9 km² | 1940 522469 t, 1489 B",
Friedrich Joachim,Schonnebeck,1213140,https://historischesportal.essen.de/historischesportal_orte/bergbau_1/bergbau_detailseite_1213140.de.html,Friedrich Joachim,Schonnebeck,stillgelegt,erst 1955: entstanden aus Königin Elisabeth nach Abgabe des Feldesteile,1966,,
Friedrich Wilhelm,Heisingen,1213144,https://historischesportal.essen.de/historischesportal_orte/bergbau_1/bergbau_detailseite_1213144.de.html,Friedrich Wilhelm,Heisingen,stillgelegt,1899 völlige Übernahme der Förderung der Rheinischen Anthracit-Kohlenwerke nach Still,1903,,
Frisches Glück & Friedrich,Kupferdreh,1213150,https://historischesportal.essen.de/historischesportal_orte/bergbau_1/bergbau_detailseite_1213150.de.html,Frisches Glück Friedrich,Kupferdreh,stillgelegt,1904 Übernahme durch Victoria,1904,,
Fritz-Heinrich,Altenessen,1213152,https://historischesportal.essen.de/historischesportal_orte/bergbau_1/bergbau_detailseite_1213152.de.html,Fritz-Heinrich,Altenessen,unklar,"Ende laut 1935 1.10. Fördereinstellung auf Heinrich, Baufeld zu Fritz,, aber Förderzahlen danach: 1940 1.280280 t, 2938 B",1966,"1930 August: Stilllegung Kokerei Heinrich, 1.049300 t | 1931 Fritz: Sch. 2: Ansetzen 7. S. = 659 m(-615 m) | 1934 1.129830 t, 2813 B | 1935 1.10. Fördereinstellung auf Heinrich, Baufeld zu Fritz, Berechtsame: Fritz-Heinrich und Emil-Emscher | 1940 1.280280 t, 2938 B",
Gabe Gottes (Essen),Kupferdreh,1213158,https://historischesportal.essen.de/historischesportal_orte/bergbau_1/bergbau_detailseite_1213158.de.html,Gabe Gottes,Kupferdreh-Dilldorf,stillgelegt,1861 27.3. Konsolidierung zu Ver. Petersburg,1861,,
Garelsbank,Burgaltendorf,,,,,unklar,im Portal-Index nicht gefunden,,,
Gartfeldische Kohlengruben,Steele,,,,,unklar,im Portal-Index nicht gefunden,,,
Geitling am Wittenberge,Rüttenscheid,1213178,https://historischesportal.essen.de/historischesportal_orte/bergbau_1/bergbau_detailseite_1213178.de.html,Geitling am Wittenberge,Rüttenscheid-Stadtwald,stillgelegt,1888 Berechtsame zu Langenbrahm und 1897 zu Ludwig,1888,,
Geitling,Burgaltendorf,1213168,https://historischesportal.essen.de/historischesportal_orte/bergbau_1/bergbau_detailseite_1213168.de.html,Geitling,Burgaltendorf,unklar,"kein Eintrag nach 1869, Ende unbekannt",1869,,
Geitling,Horst,1213174,https://historischesportal.essen.de/historischesportal_orte/bergbau_1/bergbau_detailseite_1213174.de.html,Geitling,Steele-Horst,unklar,"Abbau unter anderem Namen: 1844 Abbau des Flözes unter dem Namen Wohlverwahrt, Kohlenhöhe über der Stollensohle:",1940,1940 Konsolidation zu Wohlverwahrt,
Geitlinger Stolln,Frohnhausen,1213180,https://historischesportal.essen.de/historischesportal_orte/bergbau_1/bergbau_detailseite_1213180.de.html,Geitlinger Stolln,Frohnhausen,stillgelegt,"1815 außer Betrieb, nachfolgend Neuer Geitlinger Stolln (s. dort)",1815,,
Getreue Freundschaft,Burgaltendorf,1213192,https://historischesportal.essen.de/historischesportal_orte/bergbau_1/bergbau_detailseite_1213192.de.html,Getreue Freundschaft,Burgaltendorf,unklar,"kein Eintrag nach 1893, Ende unbekannt",1893,,
Gewalt,Überruhr,1213194,https://historischesportal.essen.de/historischesportal_orte/bergbau_1/bergbau_detailseite_1213194.de.html,Gewalt,Überruhr-Hinsel,stillgelegt,"1813 Schächte Lisette, Franz und Conrad in Betrieb, Förderstollen in Auffahrung, Juli",1813,,
Vereinigte Gewalt,Überruhr,1213194,https://historischesportal.essen.de/historischesportal_orte/bergbau_1/bergbau_detailseite_1213194.de.html,Gewalt,Überruhr-Hinsel,stillgelegt,"1813 Schächte Lisette, Franz und Conrad in Betrieb, Förderstollen in Auffahrung, Juli",1813,,
Vereinigte Gewalt und Gottvertraut,Überruhr,1213198,https://historischesportal.essen.de/historischesportal_orte/bergbau_1/bergbau_detailseite_1213198.de.html,Gewalt Gottvertraut,Überruhr,stillgelegt,1924 April: Stilllegung,1957,,
Gilles Antoine,Byfang-Kupferdreh,1213204,https://historischesportal.essen.de/historischesportal_orte/bergbau_1/bergbau_detailseite_1213204.de.html,Gilles Antoine,Byfang-Kupferdreh,stillgelegt,1888 Stilllegung,1901,,
Girondelle,Stadtwald,,,,,unklar,im Portal-Index nicht gefunden,,,
Girondelle,Stadtwald,,,,,unklar,im Portal-Index nicht gefunden,,,
Girondeller Siepen,Stadtwald,,,,,unklar,im Portal-Index nicht gefunden,,,
Gitzkiel,Fulerum,1213210,https://historischesportal.essen.de/historischesportal_orte/bergbau_1/bergbau_detailseite_1213210.de.html,Gitzkiel,Fulerum,stillgelegt,1856 Konsolidation zu Humboldt,1856,,
Glückauf Erbstollen,Kupferdreh,,,,,unklar,im Portal-Index nicht gefunden,,,
Gottfried Wilhelm,Rellinghausen,1214643,https://historischesportal.essen.de/historischesportal_orte/bergbau_1/bergbau_detailseite_1214643.de.html,Gottfried Wilhelm,Stadtwald,aktiv,"1935 325582 t, 885 B",1958,"1930 405647 t, 1188 B | 1935 325582 t, 885 B | 1940 336583 t, 865 B",Ab 1942 geht die gewonnene Kohle untertägig zur Zeche Carl Funke.
Gottessegen,Kupferdreh,1213245,https://historischesportal.essen.de/historischesportal_orte/bergbau_1/bergbau_detailseite_1213245.de.html,Gottessegen,Kupferdreh-Byfang,stillgelegt,"1872 1215 t, 6 B, Konsolidation zu Prinz Friedrich",1872,,
Gottvertraut,Überruhr,1213249,https://historischesportal.essen.de/historischesportal_orte/bergbau_1/bergbau_detailseite_1213249.de.html,Gottvertraut,Überruhr,stillgelegt,1902 Konsolidation zu Ver. Gewalt Gottvertraut,1902,,
Graf Beust,Altenessen,1213251,https://historischesportal.essen.de/historischesportal_orte/bergbau_1/bergbau_detailseite_1213251.de.html,Graf Beust,Ostviertel,unklar,Portaltext abgeschnitten (endet 1898),1898,,"1866 geht die Kokerei in Betrieb, die 1925 stillgelegt wird. 1928 fördern 1.405 Bergleute 366.404 t (260 t/B). Das Baufeld mit den Schächten geht 1929 auf die Gewerkschaft Victoria Mathias über, die Tagesanlagen werden stillgelegt."
Graf Buttenbach,Burgaltendorf,,,,,unklar,im Portal-Index nicht gefunden,,,
Grauners Bank,Burgaltendorf,,,,,unklar,im Portal-Index nicht gefunden,,,
Große Bovermannswiese,Werden,1213257,https://historischesportal.essen.de/historischesportal_orte/bergbau_1/bergbau_detailseite_1213257.de.html,Große Bovermannswiese,Werden-Hamm,stillgelegt,1873 1.9. Konsolidation zu Kaiserin Augusta,1873,,
Große Vaerstbank,Burgaltendorf,,,,,unklar,im Portal-Index nicht gefunden,,,
Vereinigte Große Varstbank & Altendorfer Erbstollen,Burgaltendorf,,,,,unklar,im Portal-Index nicht gefunden,,,
Grünewald,?,1215071,https://historischesportal.essen.de/historischesportal_orte/bergbau_1/bergbau_detailseite_1215071.de.html,Grünewald,Schuir,stillgelegt,"1900 Teufeinstellung bei 103 m Teufe, um im Stollen das Flöz Kronenburger Adit hinter",1900,,
Gütling,Burgaltendorf,,,,,unklar,im Portal-Index nicht gefunden,,,
Gyrondelle,Heisingen,,,,,unklar,im Portal-Index nicht gefunden,,,
Hammelsbeck,Fulerum,1213307,https://historischesportal.essen.de/historischesportal_orte/bergbau_1/bergbau_detailseite_1213307.de.html,Hammelsbeck,Fulerum/Mülheim-Humboldthain,stillgelegt,"1865 49160 t, 243 B, durch Bildung einer Betriebsgemeinschaft Vereinigung mit Humbold",1866,,
Hagenbeck,Altendorf,1213285,https://historischesportal.essen.de/historischesportal_orte/bergbau_1/bergbau_detailseite_1213285.de.html,Hagenbeck,Altendorf,unklar,Portaltext abgeschnitten (endet 1905),1905,,
Vereinigte Hagenbeck,Altendorf,1213285,https://historischesportal.essen.de/historischesportal_orte/bergbau_1/bergbau_detailseite_1213285.de.html,Hagenbeck,Altendorf,unklar,Portaltext abgeschnitten (endet 1905),1905,,
Handsbraut,Heidhausen,,,,,unklar,im Portal-Index nicht gefunden,,,
Hardenbergische Kohlenbergwerke,Kupferdreh-Dilldorf,1213309,https://historischesportal.essen.de/historischesportal_orte/bergbau_1/bergbau_detailseite_1213309.de.html,Hardenbergische Kohlenbergwerke,Kupferdreh-Dilldorf,stillgelegt,1866 endgültige Stilllegung),1866,,
Heimannsfeld,Byfang,1213323,https://historischesportal.essen.de/historischesportal_orte/bergbau_1/bergbau_detailseite_1213323.de.html,Heimannsfeld,Byfang,unklar,"kein Eintrag nach 1863, Ende unbekannt",1863,,
Heinrich,Überruhr,1213325,https://historischesportal.essen.de/historischesportal_orte/bergbau_1/bergbau_detailseite_1213325.de.html,Heinrich,Überruhr-Burgaltendorf-Steele-Eiberg,unklar,Portaltext abgeschnitten (endet 1885),1885,,"Nachstehende Daten sind von Bedeutung: 1925 Erwerb der Berechtsame Eiberg und Ausrichtungsbeginn im Grubenfeld Victoria. 1929 Erwerb der Zechen Prinz Wilhelm, Steingatt, Ver. 1936 Durchschlag mit Theodor."
Heinrich,Werden,1213327,https://historischesportal.essen.de/historischesportal_orte/bergbau_1/bergbau_detailseite_1213327.de.html,Heinrich,Werden,stillgelegt,1892 Übernahme durch Richradt,1892,,
Heinrich Theodor,Altenessen,,,,,unklar,im Portal-Index nicht gefunden,,,
Heisinger Mulde,Heisingen,1213333,https://historischesportal.essen.de/historischesportal_orte/bergbau_1/bergbau_detailseite_1213333.de.html,Heisinger Mulde,Heisingen,stillgelegt,"1885 1709 t, 49 B, 7.1. Stilllegung, 22.1. Grube abgesoffen, 31.1. Eröffnung Konkursv",1887,,
Heisinger Tiefbau,Heisingen,1213335,https://historischesportal.essen.de/historischesportal_orte/bergbau_1/bergbau_detailseite_1213335.de.html,Heisinger Tiefbau,Heisingen,unklar,"kein Eintrag nach 1889, Ende unbekannt",1889,,
Helene,Altenessen,1213339,https://historischesportal.essen.de/historischesportal_orte/bergbau_1/bergbau_detailseite_1213339.de.html,Helene,Altenessen-Süd,aktiv,"1935 1.539453 t, 3779 B (Fried. Krupp Bergwerke)",1965,"1930 1.431936 t, 4841 B (Fried. Krupp Bergwerke) | 1931 Wetterschacht Helene bis 8. S. | 1935 1.539453 t, 3779 B (Fried. Krupp Bergwerke) | 1937 Berechtsame: 7,7 km² (mit Sälzer-Amalie), 753294 t, 1815 B | 1938 Schacht Bertha: Ansetzen 9. S. = 975 m(-916 m) | 1940 645367 t, 1593 B",
Vereinigte Helene & Amalie,Altenessen,1213345,https://historischesportal.essen.de/historischesportal_orte/bergbau_1/bergbau_detailseite_1213345.de.html,Ver. Helene Amalie,Altenessen-Altendorf,unklar,Portaltext abgeschnitten (endet 1910),1910,,
Vereinigte Henriette,Byfang,1213355,https://historischesportal.essen.de/historischesportal_orte/bergbau_1/bergbau_detailseite_1213355.de.html,Ver. Henriette,Byfang-Kupferdreh,stillgelegt,1879 28.5. Übernahme durch Steingatt und Konsolidierung zu Steingatt,1879,,
Henriette Catharina,Werden-Hamm,1213357,https://historischesportal.essen.de/historischesportal_orte/bergbau_1/bergbau_detailseite_1213357.de.html,Henriette Catharina,Werden-Hamm,stillgelegt,1848 16.2. Verleihung Längenfeld vor 1855 Konsolidation zu Ver. Henriette Catharina,1848,,
Henriettenglück,Bergerhausen,1213361,https://historischesportal.essen.de/historischesportal_orte/bergbau_1/bergbau_detailseite_1213361.de.html,Henriettenglück,Bergerhausen,stillgelegt,1831 3.4. Konsolidation zu Ludwig,1831,,
Hercules,Ostviertel,1214921,https://historischesportal.essen.de/historischesportal_orte/bergbau_1/bergbau_detailseite_1214921.de.html,Hercules,Ostviertel,stillgelegt,1925 15.9. Stilllegung,1925,,1925 erfolgt die Stilllegung der Zeche Hercules.
Herrenbank,Altendorf,1213369,https://historischesportal.essen.de/historischesportal_orte/bergbau_1/bergbau_detailseite_1213369.de.html,Herrenbank,Altendorf,stillgelegt,"1811 März: durch bergbehördliche Verfügung Stilllegung, Schacht Herrenbank bleibt off",1811,,
Herrenbank,Rellinghausen,1213371,https://historischesportal.essen.de/historischesportal_orte/bergbau_1/bergbau_detailseite_1213371.de.html,Herrenbank,Rellinghausen,unklar,"kein Eintrag nach 1844, Ende unbekannt",1844,,
Hermann,Heidhausen,,,,,unklar,"mehrdeutig: Hermann (Fischlaken, 1214718); Ver. Hermann (Rüttenscheid, 1213363)",,,
Vereinigte Hermann,Rüttenscheid,1213363,https://historischesportal.essen.de/historischesportal_orte/bergbau_1/bergbau_detailseite_1213363.de.html,Ver. Hermann,Rüttenscheid,unklar,"kein Eintrag nach 1900, Ende unbekannt",1900,,
Hero,Haarzopf,1213367,https://historischesportal.essen.de/historischesportal_orte/bergbau_1/bergbau_detailseite_1213367.de.html,Hero,Haarzopf,stillgelegt,"1900 1.4. Stilllegung, da mit den Querschlägen kein bauwürdiges Flöz aufgeschlossen, ",1900,,
Himmelscroner Erbstollen,Byfang,,,,,unklar,keine Chronologie im Portal (1214653; 1215421),,,
Himmelsfürster Erbstollen,Burgaltendorf,1213375,https://historischesportal.essen.de/historischesportal_orte/bergbau_1/bergbau_detailseite_1213375.de.html,Himmelsfürster Erbstollen,Burgaltendorf,unklar,kein Betriebsbeleg bis 1936,1787,,
Vereinigte Himmelsfürster Erbstollen,Überruhr,1213373,https://historischesportal.essen.de/historischesportal_orte/bergbau_1/bergbau_detailseite_1213373.de.html,Ver. Himmelsfürster Erbstollen,Überruhr-Holthausen,stillgelegt,1915 Pachtvertrag zum Abbau durch Charlotte Bergbaugesellschaft 1925 zu Prinz Wilhelm,1915,,
Hitzberg,Baldeney,1213389,https://historischesportal.essen.de/historischesportal_orte/bergbau_1/bergbau_detailseite_1213389.de.html,Ver. Hitzberg,Baldeney,unklar,"kein Eintrag nach 1920, Ende unbekannt",1920,,
Hobeisen,Holsterhausen,1213399,https://historischesportal.essen.de/historischesportal_orte/bergbau_1/bergbau_detailseite_1213399.de.html,Hobeisen,Holsterhausen,stillgelegt,"1836 Stollen außer Betrieb, Konsolidation zu Ver. Hobeisen",1836,,
Hoffnung,Überruhr,1213411,https://historischesportal.essen.de/historischesportal_orte/bergbau_1/bergbau_detailseite_1213411.de.html,Hoffnung,Überruhr-Holthausen,stillgelegt,"1809 Abbau am Sch. 2 (12 Lachter Teufe), 24.9. Konsolidierung mit Zeche Wolff zu Hein",1809,,
Hoffnung,Heidhausen,1213413,https://historischesportal.essen.de/historischesportal_orte/bergbau_1/bergbau_detailseite_1213413.de.html,Hoffnung,Heidhausen,stillgelegt,1832 Ende Februar Stilllegung,1900,,
Höverscheider Siepen,Rellinghausen,,,,,unklar,im Portal-Index nicht gefunden,,,
Horster Erbstollen,Horst,1213429,https://historischesportal.essen.de/historischesportal_orte/bergbau_1/bergbau_detailseite_1213429.de.html,Horster Erbstollen,Horst,stillgelegt,"1862 mit Stilllegung von Ver. Maria Anna Steinbank außer Betrieb, nur noch Wasserabfü",1879,,
Huferbänke,Kupferdreh,1213459,https://historischesportal.essen.de/historischesportal_orte/bergbau_1/bergbau_detailseite_1213459.de.html,Huferbänke,Kupferdreh-Dilldorf,stillgelegt,"1802 50 Ringel/Tag, danach Trennung in Huf I (= vermutlich identisch mit Huferbank I)",1802,,
Hubert,Frillendorf,1213437,https://historischesportal.essen.de/historischesportal_orte/bergbau_1/bergbau_detailseite_1213437.de.html,Hubert,Frillendorf,unklar,keine Chronologie im Portal,,,
Hünninghauserbank,Königssteele,1213449,https://historischesportal.essen.de/historischesportal_orte/bergbau_1/bergbau_detailseite_1213449.de.html,Hünninghauserbank,Steele-Freisenbruch,stillgelegt,1827 Konsolidation zu Einigkeit,1827,,
Hünninghauser Erbstolln,Königssteele,,,,,unklar,im Portal-Index nicht gefunden,,,
Humboldt,?,,,,,unklar,keine Chronologie im Portal (1215345; 1215619),,,
Hundsknochen,Heisingen,,,,,unklar,im Portal-Index nicht gefunden,,,
Ilandsbraut,Werden,1213807,https://historischesportal.essen.de/historischesportal_orte/bergbau_1/bergbau_detailseite_1213807.de.html,Ilandsbraut,Heidhausen,stillgelegt,1881 zu Pauline,1881,,
Isenberg,Baldeney,1213811,https://historischesportal.essen.de/historischesportal_orte/bergbau_1/bergbau_detailseite_1213811.de.html,Isenberg,Bredeney,stillgelegt,1818 ab November außer Betrieb,1818,,
Jacke,Kettwig,1213813,https://historischesportal.essen.de/historischesportal_orte/bergbau_1/bergbau_detailseite_1213813.de.html,Jacke,Kettwig,stillgelegt,1854 Betrieb um 1900 zu Pauline,1854,,
Johann,Steele,1213819,https://historischesportal.essen.de/historischesportal_orte/bergbau_1/bergbau_detailseite_1213819.de.html,Johann,Steele,stillgelegt,1859 Konsolidation zu Ver. Johann,1859,,
Johann Deimelsberg,Steele,1213487,https://historischesportal.essen.de/historischesportal_orte/bergbau_1/bergbau_detailseite_1213487.de.html,Johann Deimelsberg,Steele,stillgelegt,1928 31.8. Stilllegung,1952,,
Johannisberg,Steele,1213497,https://historischesportal.essen.de/historischesportal_orte/bergbau_1/bergbau_detailseite_1213497.de.html,Johannisberg,Steele-Freisenbruch,stillgelegt,erst 1954: entstanden aus Johannesberg,1967,,
Vereinigte Johann,Steele,1213819,https://historischesportal.essen.de/historischesportal_orte/bergbau_1/bergbau_detailseite_1213819.de.html,Johann,Steele,stillgelegt,1859 Konsolidation zu Ver. Johann,1859,,
Joseph,Kupferdreh,1213503,https://historischesportal.essen.de/historischesportal_orte/bergbau_1/bergbau_detailseite_1213503.de.html,Joseph,Kupferdreh-Rodberg/Heidhausen-Hespertal,stillgelegt,1906 zu Adler,1906,,
Joseph II,Kupferdreh,,,,,unklar,im Portal-Index nicht gefunden,,,
Junkernbusch,Fischlaken,1213515,https://historischesportal.essen.de/historischesportal_orte/bergbau_1/bergbau_detailseite_1213515.de.html,Junkernbusch,"Fischlaken, Haus Scheppen",unklar,"kein Eintrag nach 1783, Ende unbekannt",1783,,
Kahrer Wiedertöpfe,Werden-Hamm,,,,,unklar,im Portal-Index nicht gefunden,,,
Kaiserin Augusta,Fischlaken,1214683,https://historischesportal.essen.de/historischesportal_orte/bergbau_1/bergbau_detailseite_1214683.de.html,Kaiserin Augusta,Fischlaken,stillgelegt,1892 Konkurs und Übernahme durch Ver. Pörtingssiepen,1892,,
Kalksieper Erbstolln,Bredeney,1213527,https://historischesportal.essen.de/historischesportal_orte/bergbau_1/bergbau_detailseite_1213527.de.html,Kalksieper Erbstolln,Bredeney-Baldeney,stillgelegt,"1875 und 1879 nochmals genannt, jedoch ohne Förderangaben, wahrscheinlich bereits sch",1875,,
Kämpgesbank,Baldeney,1213523,https://historischesportal.essen.de/historischesportal_orte/bergbau_1/bergbau_detailseite_1213523.de.html,Kämpgesbank,Bredeney,stillgelegt,1925 Berechtsame – 1 Geviertfeld – zu Langenbrahm,1925,,Die Berechtsame geht an Langenbrahm (1924).
Kampschacht,?,,,,,unklar,im Portal-Index nicht gefunden,,,
Kanzel,Kettwig,,,,,unklar,im Portal-Index nicht gefunden,,,
Kandanghauer,Burgaltendorf,1213529,https://historischesportal.essen.de/historischesportal_orte/bergbau_1/bergbau_detailseite_1213529.de.html,Kandanghauer,Burgaltendorf,stillgelegt,"1867 außer Betrieb, Erwerb durch Altendorf Tiefbau",1867,,
Katharina,Frillendorf,1213541,https://historischesportal.essen.de/historischesportal_orte/bergbau_1/bergbau_detailseite_1213541.de.html,Katharina,Kray,aktiv,"1935 347386 t, 846 B",1960,"1930 389924 t, 1076 B | 1931 Ausrichtung eines von Bonifacius angepachteten Feldesteiles | 1935 347386 t, 846 B | 1940 427273 t, 1172 B",
Kirschbaumisches Kunstkohlenbergwerk,Werden,1213549,https://historischesportal.essen.de/historischesportal_orte/bergbau_1/bergbau_detailseite_1213549.de.html,Kirschbaumisches Kunstkohlenbergwerk,Werden,unklar,"Abbau unter anderem Namen: 1763 Neuverleihung unter dem Namen Dicke-, Schmies- Mimelsbank",1763,,
Vereinigte Klosterbusch,Werden,1213559,https://historischesportal.essen.de/historischesportal_orte/bergbau_1/bergbau_detailseite_1213559.de.html,Ver. Klosterbusch,Bredeney,stillgelegt,"1883 Einstellung Erzabbau und Stilllegung, später Erwerb neuer Berechtsamen in Bochum",1883,,
König Wilhelm,Dellwig,1213575,https://historischesportal.essen.de/historischesportal_orte/bergbau_1/bergbau_detailseite_1213575.de.html,König Wilhelm,Borbeck,unklar,Portaltext abgeschnitten (endet 1927),1927,,
Königin Augusta,Dilldorf,1213565,https://historischesportal.essen.de/historischesportal_orte/bergbau_1/bergbau_detailseite_1213565.de.html,Königin Augusta,Dilldorf-Hamm,stillgelegt,1873 1.9. Konsolidation zu Kaiserin Augusta,1873,,
Königin Elisabeth,Frillendorf,1213567,https://historischesportal.essen.de/historischesportal_orte/bergbau_1/bergbau_detailseite_1213567.de.html,Königin Elisabeth,Frillendorf-Kray,unklar,Portaltext abgeschnitten (endet 1900),1900,,
Vereinigte Krebsenscheer,Baldeney,1213619,https://historischesportal.essen.de/historischesportal_orte/bergbau_1/bergbau_detailseite_1213619.de.html,Ver. Krebsenscheer,Stadtwald,stillgelegt,1888 zu Langenbrahm,1888,,
Kronprinz,"Frohnhausen, Schönebeck",1213623,https://historischesportal.essen.de/historischesportal_orte/bergbau_1/bergbau_detailseite_1213623.de.html,Ver. Kronprinz,Schönebeck,stillgelegt,"1895 Berechtsame: 4,2 km², zu Ver. Rosenblumendelle",1895,,
Vereinigte Krusenberg,Bredeney,1213627,https://historischesportal.essen.de/historischesportal_orte/bergbau_1/bergbau_detailseite_1213627.de.html,Ver. Krusenberg,Bredeney-Hügel,stillgelegt,"1878 kaum noch Vorräte, 49 t, 2 B, nachfolgend Stilllegung",1878,,
Kucks,Werden,1213629,https://historischesportal.essen.de/historischesportal_orte/bergbau_1/bergbau_detailseite_1213629.de.html,Kucks,Fischlaken,stillgelegt,1820 Konsolidation zu Ver. Kucks Schinkenbank,1820,,
Vereinigte Kucks & Schinkenbank,Werden,1213631,https://historischesportal.essen.de/historischesportal_orte/bergbau_1/bergbau_detailseite_1213631.de.html,Ver. Kucks Schinkenbank,Werden-Hamm,stillgelegt,1841 März: Stilllegung,1841,,
Kunstwerk,Bergerhausen,1213635,https://historischesportal.essen.de/historischesportal_orte/bergbau_1/bergbau_detailseite_1213635.de.html,Kunstwerk,Bergerhausen,stillgelegt,1865 Ende Mai: endgültige Stilllegung,2002,,
Kunstwerk,Burgaltendorf,1213635,https://historischesportal.essen.de/historischesportal_orte/bergbau_1/bergbau_detailseite_1213635.de.html,Kunstwerk,Bergerhausen,stillgelegt,1865 Ende Mai: endgültige Stilllegung,2002,,
Langenbrahm,Rüttenscheid,1213647,https://historischesportal.essen.de/historischesportal_orte/bergbau_1/bergbau_detailseite_1213647.de.html,Langenbrahm,Rüttenscheid,unklar,Portaltext abgeschnitten (endet 1828),1828,,1922 kauft man die Kuxe von Gewalt Gottvertraut (Überruhr-Hinsel) und 1938 die Berechtsame der stillgelegten Zeche Eintracht Tiefbau (Bochum-Dahlhausen). 1949 wird Schacht Ludwig (Bergerhausen) angepachtet.
Vereinigte Louise,Werden-Fischlaken,1213671,https://historischesportal.essen.de/historischesportal_orte/bergbau_1/bergbau_detailseite_1213671.de.html,Ver. Louise,Werden-Hamm,stillgelegt,1903 völlige Übernahme durch Richradt,1903,,
Ludwig,Bergerhausen,1213681,https://historischesportal.essen.de/historischesportal_orte/bergbau_1/bergbau_detailseite_1213681.de.html,Ludwig,Rellinghausen,aktiv,"1935 261034 t, 896 B",1949,"1930 301198 t, 985 B | 1935 261034 t, 896 B | 1937 max. Förderung: 371981 t, 1234 B, Berechtsame: 3,8 km² 1939-45 wieder Abbau von Kohleneisenstein | 1940 337288 t, 1027 B",
Maasbank,Werden-Fischlaken,1213689,https://historischesportal.essen.de/historischesportal_orte/bergbau_1/bergbau_detailseite_1213689.de.html,Maasbank,Werden-Fischlaken,stillgelegt,1881 zu Ver. Pörtingssiepen,1881,,
Mathias Stinnes,Karnap,1214818,https://historischesportal.essen.de/historischesportal_orte/bergbau_1/bergbau_detailseite_1214818.de.html,Mathias Stinnes,Karnap/Gladbeck,aktiv,"1935 1.682138 t, 4090 B",1959,"1930 Durchschlag 3/4 mit Welheim, 1/2/5: 1.11. Stilllegung Kokerei, 1.604049 t, 5222 B | 1931 Oktober: Übernahme Welheim und Stilllegung, Baufeld und Förderung nach 3/4, 1.12. Anpachtung Welheim (Sch. 1 bis 8. S. = 842 m(-801 m)/Sch. 2 bis 7. S. = 649 m(-608 m)), Baufeld: 8,9 km² | 1932 3/4: 11.4. Bruch Schüttelrutsche (4 T) 1933 1/2/5: 29.4. Schlagwetterexplosion (9 T) | 1935 1.682138 t, 4090 B | 1938 1/2/5: Sch. 5 bis 8. S., 7.6. Wiederinbetriebnahme Kokerei 1/2/5 | 1940 2.538226 t, 6415 B","Neben den Schächten 1 und 2 wird 1922 der Schacht 5 angesetzt, der 1924 die Förderung aufnimmt. 1943 fördert eine Belegschaft von 7.830 Bergleuten 2.656.660 t (339 t/B)."
Mecklingsbänker Erbstollen,Horst,1213703,https://historischesportal.essen.de/historischesportal_orte/bergbau_1/bergbau_detailseite_1213703.de.html,Mecklingsbänker Erbstollen,Steele-Horst,stillgelegt,1897 zu Ver. Charlotte,1897,,
Mecklingsbank,Steele,1213705,https://historischesportal.essen.de/historischesportal_orte/bergbau_1/bergbau_detailseite_1213705.de.html,Mecklingsbank,Steele-Horst,stillgelegt,1843 wahrscheinlich Berechtsame zu Mecklingsbänker Erbstollen,1843,,
Möningshoffsbank,Überruhr,,,,,unklar,im Portal-Index nicht gefunden,,,
Morgenstern,Stadtwald,1213727,https://historischesportal.essen.de/historischesportal_orte/bergbau_1/bergbau_detailseite_1213727.de.html,Morgenstern,Stadtwald,stillgelegt,1869 Konsolidation zu Langenbrahm,1869,,
Mosis,Burgaltendorf,,,,,unklar,im Portal-Index nicht gefunden,,,
Mühle,Werden,1213733,https://historischesportal.essen.de/historischesportal_orte/bergbau_1/bergbau_detailseite_1213733.de.html,Mühle,Bredeney,stillgelegt,"1900 45 t, 2 B, September: Stilllegung wegen Absatzmangel",1900,,
Mülheimerglück,Burgaltendorf,1213749,https://historischesportal.essen.de/historischesportal_orte/bergbau_1/bergbau_detailseite_1213749.de.html,Mülheimerglück,Burgaltendorf,stillgelegt,1840 September: Konsolidation der Berechtsame zu Ver. Mülheimerglück,1840,,Catharina und 1921 von Preußischer Adler übernommen. 1922 erzielt man eine Förderung von 20.904 t mit 130 Bergleuten (160 t/B). 1927 wird die Zeche stillgelegt.
Vereinigte Mülheimerglück,Burgaltendorf,1213749,https://historischesportal.essen.de/historischesportal_orte/bergbau_1/bergbau_detailseite_1213749.de.html,Mülheimerglück,Burgaltendorf,stillgelegt,1840 September: Konsolidation der Berechtsame zu Ver. Mülheimerglück,1840,,Catharina und 1921 von Preußischer Adler übernommen. 1922 erzielt man eine Förderung von 20.904 t mit 130 Bergleuten (160 t/B). 1927 wird die Zeche stillgelegt.
Mühlenbank,Kupferdreh,1213735,https://historischesportal.essen.de/historischesportal_orte/bergbau_1/bergbau_detailseite_1213735.de.html,Mühlenbank,Kupferdreh,stillgelegt,"1872 5660 t, 28 B, Konsolidation zu Prinz Friedrich",1872,,
Mühlmannsbank,Heisingen,1213743,https://historischesportal.essen.de/historischesportal_orte/bergbau_1/bergbau_detailseite_1213743.de.html,Mühlmannsbank,Heisingen,stillgelegt,1872 5.10. Konsolidation zu Ver. Flor Flörchen,1872,,
Mühlmannsdickebank,Heisingen,1213747,https://historischesportal.essen.de/historischesportal_orte/bergbau_1/bergbau_detailseite_1213747.de.html,Mühlmannsdickebank,Heisingen,stillgelegt,1872 5.10. Konsolidation zu Ver. Flor Flörchen,1872,,
Nachtigall,Kupferdreh,1213765,https://historischesportal.essen.de/historischesportal_orte/bergbau_1/bergbau_detailseite_1213765.de.html,Nachtigall,Byfang,stillgelegt,1873 Betrieb um 1875 zu Victoria (Essen-Kupferdreh/Hattingen-Niederbonsfeld),1873,,
Neu-Cöln,Bergeborbeck,1213781,https://historischesportal.essen.de/historischesportal_orte/bergbau_1/bergbau_detailseite_1213781.de.html,Neu-Cöln,Borbeck-Mitte,stillgelegt,"1859 49400 t, 161 B, 14.10. Wassereinbruch: Absaufen der Grubenbaue, 20.11. Stilllegu",1870,,"1922 beginnen die Abteufarbeiten an Schacht 2, der 1926 in Betrieb geht. 1928 übernimmt Christian Levin die Förderung. Die Kokerei Neu-Cöln arbeitet bis 1931 weiter."
Neu Essen,Altenessen,1213827,https://historischesportal.essen.de/historischesportal_orte/bergbau_1/bergbau_detailseite_1213827.de.html,Neu-Essen,Altenessen,unklar,"kein Eintrag nach 1912, Ende unbekannt",1912,,
Neuschölerpad,Altendorf,1213849,https://historischesportal.essen.de/historischesportal_orte/bergbau_1/bergbau_detailseite_1213849.de.html,Neuschölerpad,Altendorf-Bochold,stillgelegt,1898 Grubenfeld zu Hagenbeck,1898,,
Neuwesel,Borbeck,,,,,unklar,im Portal-Index nicht gefunden,,,
Neue Ak,Altendorf,1213787,https://historischesportal.essen.de/historischesportal_orte/bergbau_1/bergbau_detailseite_1213787.de.html,Neue Ak,Altendorf,stillgelegt,1804 Mutung auf Flöz Fünfhandbank (= Fünfhandbänkchen) sowie weitere unentdeckte Flöz,1806,,
Neue Aproche,Burgaltendorf,1213789,https://historischesportal.essen.de/historischesportal_orte/bergbau_1/bergbau_detailseite_1213789.de.html,Neue Aproche,Burgaltendorf,stillgelegt,"1872 1275 t, nachfolgend außer Betrieb",1876,,
Neue Sackberg,Burgaltendorf,1213821,https://historischesportal.essen.de/historischesportal_orte/bergbau_1/bergbau_detailseite_1213821.de.html,Neue Sackberg,Burgaltendorf,stillgelegt,"1802 27.2. Verleihung Längenfeld, 26.5. Konsolidation zu Ver. Neue Sackberg Schrutenb",1802,,
Vereinigte Neue Sackberg & Schrutenberend,Burgaltendorf,1213823,https://historischesportal.essen.de/historischesportal_orte/bergbau_1/bergbau_detailseite_1213823.de.html,Ver. Neue Sackberg Schrutenberend,Burgaltendorf,stillgelegt,1879 Stilllegung,1879,,
Neuglück,Überruhr,1213835,https://historischesportal.essen.de/historischesportal_orte/bergbau_1/bergbau_detailseite_1213835.de.html,Neuglück,Überruhr-Hinsel,stillgelegt,1859 Konsolidation zu Neuglück Gewalt,1859,,
Neuglück in Breuerssiepen,Kupferdreh,1213839,https://historischesportal.essen.de/historischesportal_orte/bergbau_1/bergbau_detailseite_1213839.de.html,Neuglück in Breuerssiepen,Kupferdreh,stillgelegt,1882 Konsolidation zu Victoria,1882,,
Nierbank,Werden-Fischlaken,1213859,https://historischesportal.essen.de/historischesportal_orte/bergbau_1/bergbau_detailseite_1213859.de.html,Nierbank,Werden-Fischlaken,unklar,"kein Eintrag nach 1855, Ende unbekannt",1855,,
Nöckerskottenbank,Werden-Fischlaken,1213871,https://historischesportal.essen.de/historischesportal_orte/bergbau_1/bergbau_detailseite_1213871.de.html,Nöckerskottenbank,Werden-Fischlaken,stillgelegt,1924 1.5. Stilllegung,1924,,
Nottekampsbank,Heisingen,1213877,https://historischesportal.essen.de/historischesportal_orte/bergbau_1/bergbau_detailseite_1213877.de.html,Nottekampsbank,Heisingen,stillgelegt,"1868 74 B, 21.12. Vereinigung zu Ver. Nottekampsbank",1868,,
Nottenkampsbank I,Heisingen,,,,,unklar,im Portal-Index nicht gefunden,,,
Oberschmalscheid,Werden-Fischlaken,1213889,https://historischesportal.essen.de/historischesportal_orte/bergbau_1/bergbau_detailseite_1213889.de.html,Oberschmalscheid,Werden-Fischlaken,stillgelegt,"1829 74440 Scheffel, August: Stilllegung um 1860 zu Ver. Pörtingssiepen",1829,,
Olga,Werden,1213899,https://historischesportal.essen.de/historischesportal_orte/bergbau_1/bergbau_detailseite_1213899.de.html,Olga,Werden-Hamm,stillgelegt,1924 1.5. Stilllegung,1924,,
Paul,Werden,,,,,unklar,keine Chronologie im Portal (1215171),,,
Pauline,Werden,1213923,https://historischesportal.essen.de/historischesportal_orte/bergbau_1/bergbau_detailseite_1213923.de.html,Pauline,Werden-Heidhausen,stillgelegt,1916 29.12. Stilllegung wegen Erschöpfung der Kohlenvorräte,1916,,
Plaetzgesbank,Heisingen,1213945,https://historischesportal.essen.de/historischesportal_orte/bergbau_1/bergbau_detailseite_1213945.de.html,Plaetzgesbank,Heisingen,aktiv,1936 20.1. - 20.3. Betrieb,1959,"1933 Neugründung, Berechtsame: 0,3 km², Förder- (+59 m NN) und Wetterstollen an der Wuppertaler Straße | 1936 20.1. - 20.3. Betrieb | 1937 18.10. - 4.12. Betrieb | 1938 28.3. - 25.6. und 3.8. - 30.11. Betrieb | 1939 ab 1.6. Betrieb, 48 t, 14 B | 1940 1 Stollen mit Abhauen, 3488 t, 32 B",
Vereinigte Pörtingssiepen,Heidhausen,1213951,https://historischesportal.essen.de/historischesportal_orte/bergbau_1/bergbau_detailseite_1213951.de.html,Ver. Pörtingssiepen,Werden-Fischlaken,unklar,Portaltext abgeschnitten (endet 1913),1913,,
Vereinigte Pörtingssiepen/Carl Funke,Heisingen,1213953,https://historischesportal.essen.de/historischesportal_orte/bergbau_1/bergbau_detailseite_1213953.de.html,Ver. Pörtingssiepen/Carl Funke,Werden-Heisingen/Bochum-Dahlhausen,stillgelegt,erst 1967: 1.10. Verbund von Ver. Pörtingssiepen und Carl Funke; Berech,1984,,
Vereinigte Preußische Adler,"Byfang, Burgaltendorf",,,,,unklar,"mehrdeutig: Preußische Adler (Burgaltendorf, 1213969); Ver. Preußische Adler (Byfang-Burgaltendorf, 1213971)",,,
Preutenborbeckssiepen,Werden,,,,,unklar,im Portal-Index nicht gefunden,,,
Prinz Friedrich,Kupferdreh,1213981,https://historischesportal.essen.de/historischesportal_orte/bergbau_1/bergbau_detailseite_1213981.de.html,Prinz Friedrich,Kupferdreh,stillgelegt,"1931 1.1. Übernahme durch Carl Funke, Schacht Prinz Friedrich wird Schacht Carl Funke",1931,"1930 30227 t, 188 B, 31.12. Fördereinstellung | 1931 1.1. Übernahme durch Carl Funke, Schacht Prinz Friedrich wird Schacht Carl Funke 3 Seilfahrt)",
Prinz Georg,Bredeney-Schuir,1213985,https://historischesportal.essen.de/historischesportal_orte/bergbau_1/bergbau_detailseite_1213985.de.html,Prinz Georg,Haarzopf,unklar,keine Chronologie im Portal,,,
Prinz Wilhelm,Byfang,1213987,https://historischesportal.essen.de/historischesportal_orte/bergbau_1/bergbau_detailseite_1213987.de.html,Prinz Wilhelm,Kupferdreh-Byfang,unklar,"kein Eintrag nach 1920, Ende unbekannt",1920,,
Prinz Wilhelm (Steingatt),Byfang,1213987,https://historischesportal.essen.de/historischesportal_orte/bergbau_1/bergbau_detailseite_1213987.de.html,Prinz Wilhelm,Kupferdreh-Byfang,unklar,"kein Eintrag nach 1920, Ende unbekannt",1920,,
Prosper,?,,,,,unklar,im Portal-Index nicht gefunden,,,
Providence,Borbeck,,,,,unklar,im Portal-Index nicht gefunden,,,
Quetterbank,Werden-Hamm,1213997,https://historischesportal.essen.de/historischesportal_orte/bergbau_1/bergbau_detailseite_1213997.de.html,Quetterbank,Kupferdreh,stillgelegt,1853 Konsolidation zu Ver. Reher Dickebank Erbstollen,1853,,
Rauensiepen,Heisingen,1214007,https://historischesportal.essen.de/historischesportal_orte/bergbau_1/bergbau_detailseite_1214007.de.html,Rauensiepen,Heisingen,stillgelegt,1858 3.7. Konsolidierung zu Ver. Flashoff,1858,,
Redlichkeit,Werden-Heisingen,1214009,https://historischesportal.essen.de/historischesportal_orte/bergbau_1/bergbau_detailseite_1214009.de.html,Redlichkeit,-Heidhausen,stillgelegt,1876 still um 1900 zu Pauline,1876,,
Regenbank,Burgaltendorf,,,,,unklar,im Portal-Index nicht gefunden,,,
Regina,Kupferdreh,1214015,https://historischesportal.essen.de/historischesportal_orte/bergbau_1/bergbau_detailseite_1214015.de.html,Regina,Byfang,stillgelegt,"erst 1952: 14.10. Inbetriebnahme, Zechenplatz an Einmündung Breddemannw",1963,,
Rettelstrucker Stolln,Holsterhausen,1214023,https://historischesportal.essen.de/historischesportal_orte/bergbau_1/bergbau_detailseite_1214023.de.html,Rettelstrucker Stolln,Holsterhausen,stillgelegt,1856 Konsolidation zu Humboldt,1856,,
Richradt,Fischlaken,1214029,https://historischesportal.essen.de/historischesportal_orte/bergbau_1/bergbau_detailseite_1214029.de.html,Richradt,Fischlaken,unklar,Portaltext abgeschnitten (endet 1898),1898,,
Robert,Burgaltendorf,,,,,unklar,"mehrdeutig: Robert (Fulerum, 1214037); Robert (Steele-Horst, 1214742); Robert (Horst, 1215761)",,,
Rosalie,Bredeney,1214049,https://historischesportal.essen.de/historischesportal_orte/bergbau_1/bergbau_detailseite_1214049.de.html,Rosalie,Bredeney,stillgelegt,1871 Stilllegung,1871,,
Röttgersbank,Altendorf,1214041,https://historischesportal.essen.de/historischesportal_orte/bergbau_1/bergbau_detailseite_1214041.de.html,Röttgersbank,Altendorf,stillgelegt,"1808 Stilllegung auf Beschluss des Bergamtes, Verfüllung der Schächte, Berechtsame zu",1808,,
Rubens,Burgaltendorf,1214057,https://historischesportal.essen.de/historischesportal_orte/bergbau_1/bergbau_detailseite_1214057.de.html,Rubens,Burgaltendorf,unklar,kein Betriebsbeleg bis 1936,1794,,
Rudolph,Kettwig,1214744,https://historischesportal.essen.de/historischesportal_orte/bergbau_1/bergbau_detailseite_1214744.de.html,Rudolph,Kettwig-Oefte,stillgelegt,1866 27.3./12.4.1867 Konsolidierung zu Ver. Rudolf,1866,,
Sälzer & Neuack,Westviertel,1214077,https://historischesportal.essen.de/historischesportal_orte/bergbau_1/bergbau_detailseite_1214077.de.html,Ver. Sälzer Neuack,Altendorf-Frohnhausen,unklar,"kein Eintrag nach 1826, Ende unbekannt",1826,,
Sandbank,Überruhr,1214079,https://historischesportal.essen.de/historischesportal_orte/bergbau_1/bergbau_detailseite_1214079.de.html,Sandbank,Überruhr-Holthausen,stillgelegt,1891 23.6./28.9.1892 Konsolidierung zu Steingatt,1891,,
Schacht Berger,?,,,,,unklar,im Portal-Index nicht gefunden,,,
Schellenberg,?,1214097,https://historischesportal.essen.de/historischesportal_orte/bergbau_1/bergbau_detailseite_1214097.de.html,Schellenberg,Rellinghausen,stillgelegt,"1925 6108 t, 33 B, 15.11. Stilllegung",1925,,
Schinkenbank,Werden-Hamm,1214107,https://historischesportal.essen.de/historischesportal_orte/bergbau_1/bergbau_detailseite_1214107.de.html,Schinkenbank,Werden-Hamm,stillgelegt,1883 Berechtsame zu Richradt vor 1892 Berechtsame bei Richradt und Paul,1883,,
Schinkenbank in der Honschaft Fischlaken,Werden-Fischlaken,1214109,https://historischesportal.essen.de/historischesportal_orte/bergbau_1/bergbau_detailseite_1214109.de.html,Schinkenbank in der Honschaft Fischlaken,Werden-Fischlaken,stillgelegt,1820 Konsolidation zu Ver. Kucks Schinkenbank,1820,,
Schmachtenberg,Kettwig,1214111,https://historischesportal.essen.de/historischesportal_orte/bergbau_1/bergbau_detailseite_1214111.de.html,Schmachtenberg,Kettwig,stillgelegt,1855 24.3./30.9. Konsolidation zu Kanzel,1855,,
Schmierfuß,Burgaltendorf,1214121,https://historischesportal.essen.de/historischesportal_orte/bergbau_1/bergbau_detailseite_1214121.de.html,Schmierfuß,Überruhr-Holthausen-Byfang-Burgaltendorf,stillgelegt,1831 1./2.12. Konsolidation zu Ver. Himmelsfürster Erbstollen,1831,,
Schnabel ins Osten,Rellinghausen,1214135,https://historischesportal.essen.de/historischesportal_orte/bergbau_1/bergbau_detailseite_1214135.de.html,Schnabel ins Osten,Bergerhausen-Rellinghausen,unklar,"kein Eintrag nach 1910, Ende unbekannt",1910,,
Schrutenberend,Burgaltendorf,1214153,https://historischesportal.essen.de/historischesportal_orte/bergbau_1/bergbau_detailseite_1214153.de.html,Schrutenberend,Burgaltendorf,stillgelegt,1802 26.5. Konsolidation zu Ver. Neue Sackberg Schrutenberend,1802,,
Schultenkämperbank,Horst-Eiberg,1214161,https://historischesportal.essen.de/historischesportal_orte/bergbau_1/bergbau_detailseite_1214161.de.html,Schultenkämperbank,Steele-Eiberg,stillgelegt,1871 Konsolidation von a) mit Wecklenbank zu Horst (1940 Konsolidation zu Ver. Wohlve,1871,,
Secretariusak,Stadtkern,1214173,https://historischesportal.essen.de/historischesportal_orte/bergbau_1/bergbau_detailseite_1214173.de.html,Secretariusak,Stadtmitte,stillgelegt,1805 19.2. Konsolidierung zu Ver. Hoffnung Secretarius Aak,1805,,
Silberbank,Werden-Hamm,1214185,https://historischesportal.essen.de/historischesportal_orte/bergbau_1/bergbau_detailseite_1214185.de.html,Silberbank,Werden-Hamm,stillgelegt,"1830 4806 Scheffel, Ende Juni Stilllegung",1830,,
Spiekbank,Heisingen,1214199,https://historischesportal.essen.de/historischesportal_orte/bergbau_1/bergbau_detailseite_1214199.de.html,Spiekbank,Heisingen,stillgelegt,"1815 Betrieb, Konsolidierung zu Ver. Wasserschneppe",1815,,
Spiekbank und Hoffnung,?,,,,,unklar,im Portal-Index nicht gefunden,,,
Stahlenbergsbank,Werden,1214217,https://historischesportal.essen.de/historischesportal_orte/bergbau_1/bergbau_detailseite_1214217.de.html,Stahlenbergsbank,Fischlaken,stillgelegt,1854 Betrieb vor 1892 zu Ver. Pörtingssiepen,1854,,
Stänkersgatt,Kupferdreh,1214215,https://historischesportal.essen.de/historischesportal_orte/bergbau_1/bergbau_detailseite_1214215.de.html,Stänkersgatt,Überruhr-Hinsel,stillgelegt,"1832 Teufen Versuchsschacht, Februar: Verfüllen des Schachtes, Stilllegung",1832,,
Steingatt,"Burgaltendorf, Byfang",1214225,https://historischesportal.essen.de/historischesportal_orte/bergbau_1/bergbau_detailseite_1214225.de.html,Steingatt,Burgaltendorf-Byfang,unklar,Portaltext abgeschnitten (endet 1886),1886,,"1920 wird der Betrieb erneut aufgenommen und unter Prinz Wilhelm-Steingatt weitergeführt. Die Zeche geht 1929 an Heinrich (Überruhr-Holthausen), arbeitet unter dem Namen Charlotte-Steingatt-Prinz Wilhelm und gelangt so 1935 zu Theodor."
Steut,?,1214315,https://historischesportal.essen.de/historischesportal_orte/bergbau_1/bergbau_detailseite_1214315.de.html,Steut,Altendorf,unklar,keine Chronologie im Portal,,,
Stolberg,Kupferdreh,,,,,unklar,im Portal-Index nicht gefunden,,,
Vereinigte Stöckgesbank & Dodelle,Werden,1214325,https://historischesportal.essen.de/historischesportal_orte/bergbau_1/bergbau_detailseite_1214325.de.html,Ver. Stöckgesbank Dodelle,Fischlaken,stillgelegt,1891 Stilllegung,1897,,
Stüpert,Bergerhausen,1214335,https://historischesportal.essen.de/historischesportal_orte/bergbau_1/bergbau_detailseite_1214335.de.html,Stüpert,Bergerhausen,stillgelegt,1859 15.2. Stilllegung,1859,,
Sutansbank,Heisingen,1214341,https://historischesportal.essen.de/historischesportal_orte/bergbau_1/bergbau_detailseite_1214341.de.html,Sutansbank,Heisingen,stillgelegt,1896 zu Rheinische Anthracit-Kohlenwerke,1896,,
Theodor,Burgaltendorf,1215303,https://historischesportal.essen.de/historischesportal_orte/bergbau_1/bergbau_detailseite_1215303.de.html,Theodor,Überruhr-Burgaltendorf,aktiv,"1936 Durchschlag 6. S. mit Heinrich, Sch. 2: Förderbeginn, Sch. 1: Fördereinstellung,",1964,"1935 entstanden durch Umbenennung von Ver. Charlotte-Steingatt-Prinz Wilhelm, Berechtsame: 5,3 km², Sch.1 = Charlotte: Förderung ab 5. S. bis Stollensohle = 40 m(+69 m NN) und durch den Stollen zur Aufbereitung, Sch. 2 = Theodor: Durchschlag mit 5. S. = 290 m(-218 m) und Ansetzen 6. S. = 441 m(- 333 m); Teufen Gesenk ab 6. S., 97682 t, 448 B | 1936 Durchschlag 6. S. mit Heinrich, Sch. 2: Förderbeginn, Sch. 1: Fördereinstellung, 1.10. Inbetriebnahme Brikettfabrik | 1937 Berechtsame: Geviertfelder: Theodor (konsolidierte Ver. Charlotte-Steingatt-Prinz Wilhelm), Flora, Heimannsberg, Zwerg sowie Horster Hoffnung Nr. 2, Längenfelder: Heimannsfeld 2, Stuputh, Waldhorn, Polina sowie Vereinigung unter der Stollensohle, zusammen 6 km² | 1939 Gesenk bis Ort 3 = 560 m(-488 m) | 1940 Teufbeginn Sch. 3 (zwischen Sch. 1 und Sch. 2), 372828 t, 1307 B","Entstanden ist die Zeche Theodor 1935 durch die Umbenennung von Charlotte-Steingatt-Prinz Wilhelm. 1936 geht die Brikettfabrik in Berieb, 1940 wird der Schacht 3 geteuft."
Trompete,Byfang,1214355,https://historischesportal.essen.de/historischesportal_orte/bergbau_1/bergbau_detailseite_1214355.de.html,Trompete,Byfang-Burgaltendorf,stillgelegt,"1856 Abbau im Byfang, nachfolgend Stilllegung, 14.5. Konsolidierung zu Steingatt",1856,,
Trompette,Kupferdreh-Dilldorf,1214357,https://historischesportal.essen.de/historischesportal_orte/bergbau_1/bergbau_detailseite_1214357.de.html,Trompette,Kupferdreh,stillgelegt,1906 zu Adler,1906,,
Trotz,Bredeney,1214359,https://historischesportal.essen.de/historischesportal_orte/bergbau_1/bergbau_detailseite_1214359.de.html,Trotz,Bredeney,stillgelegt,"1840 1913 preußische Tonnen, Ende April Stilllegung nach verlorenem Prozess gegen Ver",1840,,
Übereinkunft,Überruhr,1214369,https://historischesportal.essen.de/historischesportal_orte/bergbau_1/bergbau_detailseite_1214369.de.html,Übereinkunft,Überruhr,stillgelegt,1925 zu Prinz Wilhelm-Steingatt,1925,,Nach 1921 ist sie wieder selbstständig. 1922 fördern 37 Mann 3.102 t (83 t/B). 1923 kommt es zur Stilllegung und 1925 zur Konsolidierung zu Prinz Wilhelm-Steingatt.
Varst Bank,Burgaltendorf,1214377,https://historischesportal.essen.de/historischesportal_orte/bergbau_1/bergbau_detailseite_1214377.de.html,Varst Bank,Burgaltendorf,unklar,kein Betriebsbeleg bis 1936,1794,,
Victoria,Königssteele,,,,,unklar,"mehrdeutig: Victoria (Überruhr-Hinsel, 1214401); Victoria (Kupferdreh/Hattingen-Niederbonsfeld, 1214399)",,,
Victoria Mathias,Nordviertel,1214403,https://historischesportal.essen.de/historischesportal_orte/bergbau_1/bergbau_detailseite_1214403.de.html,Victoria Mathias,Nordviertel,unklar,Portaltext abgeschnitten (endet 1901),1901,,Etwa 1920 errichtet Koppers weitere 40 Regenerativ-Koksöfen. 1928 erzeugt die Kokerei 500 t Koks/Tag. Die Kokerei wird 1930 stillgelegt.
Viktoria,Kupferdreh,,,,,unklar,im Portal-Index nicht gefunden,,,
Vinzenz,Burgaltendorf,,,,,unklar,im Portal-Index nicht gefunden,,,
Voßhege,Heisingen,1214419,https://historischesportal.essen.de/historischesportal_orte/bergbau_1/bergbau_detailseite_1214419.de.html,Voßhege,Heisingen,stillgelegt,1800 Stollenbau Anfang des 19. Jahrhunderts Betrieb (nahe Stauseebogen) um 1871 zu Fl,1800,,1947 geht sie als Kleinzeche erneut in Betrieb; 1951 fördert sie 13.725 t mit 115 Bergleuten (119 t/B).
Wasserjungfer,Horst,1214437,https://historischesportal.essen.de/historischesportal_orte/bergbau_1/bergbau_detailseite_1214437.de.html,Wasserjungfer,Steele-Horst,stillgelegt,1901 zu Eintracht Tiefbau,1901,,
Wasserschneppe,Heisingen,1214441,https://historischesportal.essen.de/historischesportal_orte/bergbau_1/bergbau_detailseite_1214441.de.html,Ver. Wasserschneppe,Heisingen,stillgelegt,1880 13.5./26.8. Konsolidation zu Heisinger Mulde,1880,,
Vereinigte Wasserschneppe,Heisingen,1214441,https://historischesportal.essen.de/historischesportal_orte/bergbau_1/bergbau_detailseite_1214441.de.html,Ver. Wasserschneppe,Heisingen,stillgelegt,1880 13.5./26.8. Konsolidation zu Heisinger Mulde,1880,,
Wecklenbank,Horst-Eiberg,1214445,https://historischesportal.essen.de/historischesportal_orte/bergbau_1/bergbau_detailseite_1214445.de.html,Wecklenbank,Horst,stillgelegt,1871 a) Konsolidation zu Horst,1882,,
Werner,Kettwig Oeft,1214455,https://historischesportal.essen.de/historischesportal_orte/bergbau_1/bergbau_detailseite_1214455.de.html,Werner,Kettwig-Laupendahl,unklar,"kein Eintrag nach 1905, Ende unbekannt",1905,,
Werthsbank,Heisingen,1214459,https://historischesportal.essen.de/historischesportal_orte/bergbau_1/bergbau_detailseite_1214459.de.html,Werthsbank,Heisingen,unklar,"kein Eintrag nach 1856, Ende unbekannt",1856,,
Wilhelm,Burgaltendorf,1214479,https://historischesportal.essen.de/historischesportal_orte/bergbau_1/bergbau_detailseite_1214479.de.html,Wilhelm,Burgaltendorf,unklar,kein Betriebsbeleg bis 1936,1794,,
Wilhelm Emil,Frillendorf,1214483,https://historischesportal.essen.de/historischesportal_orte/bergbau_1/bergbau_detailseite_1214483.de.html,Wilhelm-Emil,Frillendorf,unklar,keine Chronologie im Portal,,,
Wilhelmine Victoria,Überruhr,,,,,unklar,im Portal-Index nicht gefunden,,,
Wohlgemuth,Kupferdreh,1214493,https://historischesportal.essen.de/historischesportal_orte/bergbau_1/bergbau_detailseite_1214493.de.html,Wohlgemuth,Kupferdreh,stillgelegt,1837 und nachfolgend in Fristen,1856,,
Wohlverwahrt,Horst,1214499,https://historischesportal.essen.de/historischesportal_orte/bergbau_1/bergbau_detailseite_1214499.de.html,Ver. Wohlverwahrt,Steele-Horst,unklar,"kein Eintrag nach 1917, Ende unbekannt",1917,,
Wohlverwahrt,Horst,1214499,https://historischesportal.essen.de/historischesportal_orte/bergbau_1/bergbau_detailseite_1214499.de.html,Ver. Wohlverwahrt,Steele-Horst,unklar,"kein Eintrag nach 1917, Ende unbekannt",1917,,
Wolff,Überruhr,1214501,https://historischesportal.essen.de/historischesportal_orte/bergbau_1/bergbau_detailseite_1214501.de.html,Wolff,Überruhr-Holthausen,stillgelegt,"1809 Abbau am Sch. 2 (12 Lachter Teufe), 24.9. Konsolidierung mit Hoffnung zu Heinric",1809,,
Vereinigte Wolfsbach,Burgaltendorf,1214503,https://historischesportal.essen.de/historischesportal_orte/bergbau_1/bergbau_detailseite_1214503.de.html,Ver. Wolfsbach,Werden-Schuir,stillgelegt,"1923 1.10. Stilllegung, Berechtsame danach teilweise zu Langenbrahm",1923,,
Wolfsbank,Borbeck-Schönebeck-Bochold,1214505,https://historischesportal.essen.de/historischesportal_orte/bergbau_1/bergbau_detailseite_1214505.de.html,Wolfsbank,Schönebeck-Bochold,unklar,Portaltext abgeschnitten (endet 1893),1893,,Er erreicht 1904 eine Teufe von 569 m und 1949 von 975 m. 1937 fördern 1.734 Bergleute 665.705 t (383 t/B). 1943 übernimmt die Friedrich Krupp AG die Schachtanlage.
Zollverein,Katernberg,1215759,https://historischesportal.essen.de/historischesportal_orte/bergbau_1/bergbau_detailseite_1215759.de.html,Zollverein,Katernberg-Stoppenberg,aktiv,"1936 1/2/8/12: Februar: Wiederinbetriebnahme Kokerei, 6/9: Sch. 9: Ansetzen 12. S. = ",2003,"1930 1/2/8/12: Sch. 12: Karbon bei 112 m; 3/7/10: 30.9. Stilllegung Kokerei; 2.568540 t, 7682 B | 1931 1/2/8/12: Sch. 12 bis 640 m Teufe, nur Ansetzen 12. S. = Zentralfördersohle = 605 m(-555 m) und Durchschlag mit 1/2/8; Durchschlag 1/2/8 und 3/7/10 auf 12. S. | 1932 1/2/8/12: 1.2. Förderaufnahme im Zentralförderschacht 12 und gleichzeitig Fördereinstellung auf 1/2/8, 3/7/10 und 4/5/11, Kohlen untertage nach Sch. 12; 4/5/11: Verfüllung Wetterschacht 5; 1/2/8/12: 6.2. Außerbetriebnahme Kokerei | 1934 1/2/8/12: Schächte 2 und 8 bis 12. S. | 1935 3.046390 t, 6057 B | 1936 1/2/8/12: Februar: Wiederinbetriebnahme Kokerei, 6/9: Sch. 9: Ansetzen 12. S. = 613 m(-554 m), Berechtsame: 13,8 km² | 1937 4/11: Sch. 11: Ansetzen 6. S. = 606 m(-556 m), 6/9: Tieferteufen Sch. 6 bis 12. S., max. Förderung: 3.588000 t, 6835 B | 1940 3.394200 t, 6624 B",
Zur Hoffnung,"Südviertel, Holsterhausen",1214531,https://historischesportal.essen.de/historischesportal_orte/bergbau_1/bergbau_detailseite_1214531.de.html,Zur Hoffnung,Stadtkern-Holsterhausen,stillgelegt,1805 19.2. Konsolidierung zu Ver. Hoffnung Secretarius Aak,1805,,
Zwergmutter,Heisingen,1214537,https://historischesportal.essen.de/historischesportal_orte/bergbau_1/bergbau_detailseite_1214537.de.html,Zwergmutter,Heisingen,stillgelegt,1858 3.7. Konsolidierung zu Ver. Flashoff,1858,,
