quelle,artikel_von,artikel_bis
https://de.wikipedia.org/wiki/Alte_Aproche,1734,
https://de.wikipedia.org/wiki/Altendorfer_Erbstollen,1722,1855
https://de.wikipedia.org/wiki/Bergwerk_Emil-Fritz,1965,1970
https://de.wikipedia.org/wiki/Hardenbergische_Kohlenbergwerke,1838,1861
https://de.wikipedia.org/wiki/Himmelsfürster_Erbstolln,1804,1831
https://de.wikipedia.org/wiki/Horster_Erbstollen,1835,1879
https://de.wikipedia.org/wiki/Hünninghauser_Erbstolln,1725,1815
https://de.wikipedia.org/wiki/Kalksieper_Erbstolln,1800,1865
https://de.wikipedia.org/wiki/Zeche_Abgunst,1799,1858
https://de.wikipedia.org/wiki/Zeche_Adler_(Essen),1908,1930
https://de.wikipedia.org/wiki/Zeche_Aline,1850,1875
https://de.wikipedia.org/wiki/Zeche_Alte_Sackberg,1791,1861
https://de.wikipedia.org/wiki/Zeche_Altendorf_Tiefbau,1855,1973
https://de.wikipedia.org/wiki/Zeche_Altendorfer_Bank,1775,1838
https://de.wikipedia.org/wiki/Zeche_Altendorfer_Mulde,1831,1855
https://de.wikipedia.org/wiki/Zeche_Amalie,1850,1966
https://de.wikipedia.org/wiki/Zeche_Anna,1851,1911
https://de.wikipedia.org/wiki/Zeche_Antonius_(Essen),1780,1834
https://de.wikipedia.org/wiki/Zeche_Augustus_Erbstollen,1812,1861
https://de.wikipedia.org/wiki/Zeche_Bongerbank,1724,1827
https://de.wikipedia.org/wiki/Zeche_Bonifacius,1861,1980
https://de.wikipedia.org/wiki/Zeche_Bonscheidt,1798,1868
https://de.wikipedia.org/wiki/Zeche_Bosselbank,1750,1812
https://de.wikipedia.org/wiki/Zeche_Braut_in_Fleckessiepen,1778,1900
https://de.wikipedia.org/wiki/Zeche_Bredeneyer_Crone,,
https://de.wikipedia.org/wiki/Zeche_Bruchkamp_&_Steinknapp,1789,1841
https://de.wikipedia.org/wiki/Zeche_Carl,1861,1929
https://de.wikipedia.org/wiki/Zeche_Carl_Funke,1804,1973
https://de.wikipedia.org/wiki/Zeche_Carl_Hugo,1848,1906
https://de.wikipedia.org/wiki/Zeche_Carolus_Magnus,1846,1951
https://de.wikipedia.org/wiki/Zeche_Catharina,1783,1927
https://de.wikipedia.org/wiki/Zeche_Centrum_4/6,1900,1972
https://de.wikipedia.org/wiki/Zeche_Christian_Levin,1856,1958
https://de.wikipedia.org/wiki/Zeche_Dohm’s_Erbstollen,1861,1961
https://de.wikipedia.org/wiki/Zeche_Duvenkampsbank,1780,1866
https://de.wikipedia.org/wiki/Zeche_Eiberg,1882,1914
https://de.wikipedia.org/wiki/Zeche_Eintracht_Tiefbau,1765,1925
https://de.wikipedia.org/wiki/Zeche_Emil-Emscher,1877,1965
https://de.wikipedia.org/wiki/Zeche_Emilie,1833,1923
https://de.wikipedia.org/wiki/Zeche_Erbenbank,1757,1893
https://de.wikipedia.org/wiki/Zeche_Erbenkampsbank,1805,1875
https://de.wikipedia.org/wiki/Zeche_Fettlappen,,1805
https://de.wikipedia.org/wiki/Zeche_Flor,1805,1854
https://de.wikipedia.org/wiki/Zeche_Flor_&_Flörchen,1855,1872
https://de.wikipedia.org/wiki/Zeche_Flörchen,1802,1804
https://de.wikipedia.org/wiki/Zeche_Flöte,1777,1927
https://de.wikipedia.org/wiki/Zeche_Fortuna_(Essen),1758,1880
https://de.wikipedia.org/wiki/Zeche_Freudenberg_(Essen),1734,1880
https://de.wikipedia.org/wiki/Zeche_Fridolin,,1899
https://de.wikipedia.org/wiki/Zeche_Friedrich_Ernestine,1873,1955
https://de.wikipedia.org/wiki/Zeche_Friedrich_Wilhelm_(Essen),1860,1903
https://de.wikipedia.org/wiki/Zeche_Fritz-Heinrich,1859,1973
https://de.wikipedia.org/wiki/Zeche_Gabe_Gottes_(Essen),1758,1861
https://de.wikipedia.org/wiki/Zeche_Geitling_(Burgaltendorf),1791,
https://de.wikipedia.org/wiki/Zeche_Geitling_(Steele-Horst),1788,1940
https://de.wikipedia.org/wiki/Zeche_Geitling_am_Wittenberge,,1888
https://de.wikipedia.org/wiki/Zeche_Geitlinger_Stolln,,
https://de.wikipedia.org/wiki/Zeche_Getreue_Freundschaft,1781,1874
https://de.wikipedia.org/wiki/Zeche_Gewalt,1770,1813
https://de.wikipedia.org/wiki/Zeche_Gierendeller_Siepen,1780,1860
https://de.wikipedia.org/wiki/Zeche_Gilles_Antoine,1853,1887
https://de.wikipedia.org/wiki/Zeche_Gitzkiel,1765,1856
https://de.wikipedia.org/wiki/Zeche_Gottessegen_(Essen),1800,1872
https://de.wikipedia.org/wiki/Zeche_Gottfried_Wilhelm,1909,1942
https://de.wikipedia.org/wiki/Zeche_Gottvertraut,1800,1886
https://de.wikipedia.org/wiki/Zeche_Graf_Beust,1842,1929
https://de.wikipedia.org/wiki/Zeche_Große_Bovermannswiese,1832,1870
https://de.wikipedia.org/wiki/Zeche_Große_Varstbank,1722,1881
https://de.wikipedia.org/wiki/Zeche_Hagenbeck,1757,1928
https://de.wikipedia.org/wiki/Zeche_Hammelsbeck,1732,1865
https://de.wikipedia.org/wiki/Zeche_Heimannsfeld,1804,1857
https://de.wikipedia.org/wiki/Zeche_Heinrich_(Essen-Werden),1880,1887
https://de.wikipedia.org/wiki/Zeche_Heinrich_(Essen-Überruhr),1852,1968
https://de.wikipedia.org/wiki/Zeche_Heisinger_Mulde,1880,1899
https://de.wikipedia.org/wiki/Zeche_Helene_(Essen)#Die_letzten_Jahre,1873,1965
https://de.wikipedia.org/wiki/Zeche_Henriette_Catharina,1800,1855
https://de.wikipedia.org/wiki/Zeche_Henriettenglück,1799,1806
https://de.wikipedia.org/wiki/Zeche_Hercules,1859,1925
https://de.wikipedia.org/wiki/Zeche_Hermann_(Essen),1948,1964
https://de.wikipedia.org/wiki/Zeche_Hero,1896,1900
https://de.wikipedia.org/wiki/Zeche_Herrenbank_(Altendorf),1749,1811
https://de.wikipedia.org/wiki/Zeche_Herrenbank_(Rellinghausen),1800,1855
https://de.wikipedia.org/wiki/Zeche_Hitzberg,1793,1879
https://de.wikipedia.org/wiki/Zeche_Hobeisen,1718,1841
https://de.wikipedia.org/wiki/Zeche_Hoffnung_(Essen-Heidhausen),1820,1832
https://de.wikipedia.org/wiki/Zeche_Hoffnung_(Essen-Überruhr),1798,1809
https://de.wikipedia.org/wiki/Zeche_Huferbänke,1802,1887
https://de.wikipedia.org/wiki/Zeche_Hünninghauserbank,1728,1823
https://de.wikipedia.org/wiki/Zeche_Ilandsbraut,1832,1877
https://de.wikipedia.org/wiki/Zeche_Isenberg_(Essen),1802,1818
https://de.wikipedia.org/wiki/Zeche_Jacke,1803,1854
https://de.wikipedia.org/wiki/Zeche_Johann_(Essen),1830,1859
https://de.wikipedia.org/wiki/Zeche_Johann_Deimelsberg,,1928
https://de.wikipedia.org/wiki/Zeche_Johannisberg,1952,1967
https://de.wikipedia.org/wiki/Zeche_Joseph_(Essen),1891,1906
https://de.wikipedia.org/wiki/Zeche_Joseph_II,1952,1957
https://de.wikipedia.org/wiki/Zeche_Junkernbusch,1755,1783
https://de.wikipedia.org/wiki/Zeche_Kahrer_Wiedertöpfe,1834,1848
https://de.wikipedia.org/wiki/Zeche_Kaiserin_Augusta,1873,1892
https://de.wikipedia.org/wiki/Zeche_Kandanghauer,1840,1867
https://de.wikipedia.org/wiki/Zeche_Kanzel,1859,1865
https://de.wikipedia.org/wiki/Zeche_Kanzel#Die_Kanzel,1859,1865
https://de.wikipedia.org/wiki/Zeche_Katharina,,1972
https://de.wikipedia.org/wiki/Zeche_Kirschbaumisches_Kunstkohlenbergwerk,1751,1763
https://de.wikipedia.org/wiki/Zeche_Klosterbusch,1918,1961
https://de.wikipedia.org/wiki/Zeche_Kronprinz,1838,1845
https://de.wikipedia.org/wiki/Zeche_Kucks,1802,1820
https://de.wikipedia.org/wiki/Zeche_Kunstwerk,,1862
https://de.wikipedia.org/wiki/Zeche_Kämpgesbank,1833,1872
https://de.wikipedia.org/wiki/Zeche_König_Wilhelm,,
https://de.wikipedia.org/wiki/Zeche_Königin_Augusta,1864,1873
https://de.wikipedia.org/wiki/Zeche_Königin_Elisabeth,1850,1966
https://de.wikipedia.org/wiki/Zeche_Langenbrahm,1800,1966
https://de.wikipedia.org/wiki/Zeche_Ludwig,1860,1966
https://de.wikipedia.org/wiki/Zeche_Maasbank,1760,1854
https://de.wikipedia.org/wiki/Zeche_Mathias_Stinnes,1872,1972
https://de.wikipedia.org/wiki/Zeche_Mecklingsbank,1725,1840
https://de.wikipedia.org/wiki/Zeche_Mecklingsbänker_Erbstollen,1838,1877
https://de.wikipedia.org/wiki/Zeche_Morgenstern_(Essen),1822,1869
https://de.wikipedia.org/wiki/Zeche_Mühle,1836,1900
https://de.wikipedia.org/wiki/Zeche_Mühlenbank_(Essen),1856,1872
https://de.wikipedia.org/wiki/Zeche_Mühlmannsbank,1827,1872
https://de.wikipedia.org/wiki/Zeche_Mühlmannsdickebank,1792,1870
https://de.wikipedia.org/wiki/Zeche_Mülheimerglück,1794,1840
https://de.wikipedia.org/wiki/Zeche_Nachtigall_(Essen),1784,1875
https://de.wikipedia.org/wiki/Zeche_Neu-Cöln,1855,1931
https://de.wikipedia.org/wiki/Zeche_Neue_Ak,1797,1804
https://de.wikipedia.org/wiki/Zeche_Neue_Aproche,1752,1872
https://de.wikipedia.org/wiki/Zeche_Neue_Sackberg,1755,1802
https://de.wikipedia.org/wiki/Zeche_Neuglück_(Essen),1787,1859
https://de.wikipedia.org/wiki/Zeche_Neuglück_in_Breuerssiepen,1827,1882
https://de.wikipedia.org/wiki/Zeche_Neuschölerpad,1851,1875
https://de.wikipedia.org/wiki/Zeche_Neuwesel,1842,1889
https://de.wikipedia.org/wiki/Zeche_Nierbank,,1856
https://de.wikipedia.org/wiki/Zeche_Nottekampsbank,1805,1880
https://de.wikipedia.org/wiki/Zeche_Nottekampsbank_I,1880,1924
https://de.wikipedia.org/wiki/Zeche_Nöckerskottenbank,1855,1924
https://de.wikipedia.org/wiki/Zeche_Oberschmalscheid,1776,1829
https://de.wikipedia.org/wiki/Zeche_Paul,1765,1911
https://de.wikipedia.org/wiki/Zeche_Pauline,,
https://de.wikipedia.org/wiki/Zeche_Plaetzgesbank,,
https://de.wikipedia.org/wiki/Zeche_Preutenborbeckssiepen,1751,1860
https://de.wikipedia.org/wiki/Zeche_Prinz_Friedrich,1923,1931
https://de.wikipedia.org/wiki/Zeche_Prinz_Wilhelm,1854,1903
https://de.wikipedia.org/wiki/Zeche_Quetterbank,1782,1846
https://de.wikipedia.org/wiki/Zeche_Rauensiepen,1773,1832
https://de.wikipedia.org/wiki/Zeche_Redlichkeit,1793,1876
https://de.wikipedia.org/wiki/Zeche_Regina_(Essen),1952,1962
https://de.wikipedia.org/wiki/Zeche_Rettelstrucker_Stolln,1809,1846
https://de.wikipedia.org/wiki/Zeche_Richradt,,1910
https://de.wikipedia.org/wiki/Zeche_Rosalie,1667,1871
https://de.wikipedia.org/wiki/Zeche_Rudolph_(Essen),1830,1966
https://de.wikipedia.org/wiki/Zeche_Röttgersbank,1803,1808
https://de.wikipedia.org/wiki/Zeche_Sandbank,1803,1876
https://de.wikipedia.org/wiki/Zeche_Schinkenbank,1802,1841
https://de.wikipedia.org/wiki/Zeche_Schinkenbank_in_der_Honschaft_Fischlaken,1800,1820
https://de.wikipedia.org/wiki/Zeche_Schmachtenberg,1748,1855
https://de.wikipedia.org/wiki/Zeche_Schmierfuß,1802,1831
https://de.wikipedia.org/wiki/Zeche_Schnabel_ins_Osten,1902,1910
https://de.wikipedia.org/wiki/Zeche_Schrutenberend,1737,1802
https://de.wikipedia.org/wiki/Zeche_Schultenkämperbank,1740,1839
https://de.wikipedia.org/wiki/Zeche_Secretariusak,1725,1805
https://de.wikipedia.org/wiki/Zeche_Silberbank,1800,1830
https://de.wikipedia.org/wiki/Zeche_Stahlenbergsbank,1830,1892
https://de.wikipedia.org/wiki/Zeche_Steingatt,,
https://de.wikipedia.org/wiki/Zeche_Stänkersgatt,1804,1832
https://de.wikipedia.org/wiki/Zeche_Stüpert,1749,1859
https://de.wikipedia.org/wiki/Zeche_Sutansbank,1770,1859
https://de.wikipedia.org/wiki/Zeche_Theodor,1933,1968
https://de.wikipedia.org/wiki/Zeche_Trompete,1761,1856
https://de.wikipedia.org/wiki/Zeche_Trompette_(Essen),1856,1869
https://de.wikipedia.org/wiki/Zeche_Trotz,1802,1840
https://de.wikipedia.org/wiki/Zeche_Vereinigte_Alte_Sackberg_&_Geitling,1802,1876
https://de.wikipedia.org/wiki/Zeche_Vereinigte_Braut,1802,1900
https://de.wikipedia.org/wiki/Zeche_Vereinigte_Brüderschaft,1822,1893
https://de.wikipedia.org/wiki/Zeche_Vereinigte_Capellenbank,1779,1875
https://de.wikipedia.org/wiki/Zeche_Vereinigte_Catharina,1811,1917
https://de.wikipedia.org/wiki/Zeche_Vereinigte_Deimelsberger_Erbstolln,1749,1887
https://de.wikipedia.org/wiki/Zeche_Vereinigte_Flor_&_Flörchen,1872,1880
https://de.wikipedia.org/wiki/Zeche_Vereinigte_Gewalt,1813,1886
https://de.wikipedia.org/wiki/Zeche_Vereinigte_Gewalt_und_Gottvertraut,,1924
https://de.wikipedia.org/wiki/Zeche_Vereinigte_Girendelle,1802,1865
https://de.wikipedia.org/wiki/Zeche_Vereinigte_Hagenbeck,1842,1928
https://de.wikipedia.org/wiki/Zeche_Vereinigte_Helene_&_Amalie,1873,1965
https://de.wikipedia.org/wiki/Zeche_Vereinigte_Henriette_(Essen),,1878
https://de.wikipedia.org/wiki/Zeche_Vereinigte_Hermann_(Essen),1838,1872
https://de.wikipedia.org/wiki/Zeche_Vereinigte_Himmelsfürster_Erbstollen,1831,1908
https://de.wikipedia.org/wiki/Zeche_Vereinigte_Johann,1859,1886
https://de.wikipedia.org/wiki/Zeche_Vereinigte_Krebsenscheer,1853,1878
https://de.wikipedia.org/wiki/Zeche_Vereinigte_Krusenberg,1841,1878
https://de.wikipedia.org/wiki/Zeche_Vereinigte_Kucks_&_Schinkenbank,1820,1841
https://de.wikipedia.org/wiki/Zeche_Vereinigte_Louise_(Essen),1839,1903
https://de.wikipedia.org/wiki/Zeche_Vereinigte_Mülheimerglück,1840,1927
https://de.wikipedia.org/wiki/Zeche_Vereinigte_Neue_Sackberg_&_Schrutenberend,1802,1879
https://de.wikipedia.org/wiki/Zeche_Vereinigte_Preußische_Adler,1834,1878
https://de.wikipedia.org/wiki/Zeche_Vereinigte_Stöckgesbank_&_Dodelle,1788,1897
https://de.wikipedia.org/wiki/Zeche_Vereinigte_Wasserschneppe,1819,1880
https://de.wikipedia.org/wiki/Zeche_Victoria_Mathias,1844,1965
https://de.wikipedia.org/wiki/Zeche_Voßhege,1800,1871
https://de.wikipedia.org/wiki/Zeche_Wasserjungfer,1845,1858
https://de.wikipedia.org/wiki/Zeche_Wasserschneppe,1792,1815
https://de.wikipedia.org/wiki/Zeche_Wecklenbank,1737,1836
https://de.wikipedia.org/wiki/Zeche_Werthsbank,1773,1859
https://de.wikipedia.org/wiki/Zeche_Wohlgemuth,1792,1856
https://de.wikipedia.org/wiki/Zeche_Wohlverwahrt,1791,1962
https://de.wikipedia.org/wiki/Zeche_Wolff,1796,1809
https://de.wikipedia.org/wiki/Zeche_Wolfsbank,,1966
https://de.wikipedia.org/wiki/Zeche_Zollverein,1851,1986
https://de.wikipedia.org/wiki/Zeche_Zur_Hoffnung,1623,1805
https://de.wikipedia.org/wiki/Zeche_Zwergmutter,1720,1832
https://de.wikipedia.org/wiki/Zeche_Übereinkunft,1834,1923
