name,stadtteil,lat,lon,betrieb_von,betrieb_bis,quelle,bearbeiter,datum,artikel_von,artikel_bis,plan_1935,status_1936,status_geprueft,hinweis
Abgunst,Heisingen,51.40333333,7.05065278,1799,1858,https://de.wikipedia.org/wiki/Zeche_Abgunst,wikipedia,2026-09-21,1799,1858,,stillgelegt,nein,
Adler,Kupferdreh,51.38244,7.08704,1906,1930,https://de.wikipedia.org/wiki/Zeche_Adler_(Essen),wikipedia,2026-09-21,1908,1930,Zeche Adler,stillgelegt,nein,im Plan 1935 noch beschriftet
Aline,Werden-Fischlaken,51.386069,7.031025,1850,1875,https://de.wikipedia.org/wiki/Zeche_Aline,wikipedia,2026-09-21,1850,1875,ehem. Zeche Paul u. Aline,stillgelegt,nein,
Alte Aproche,Burgaltendorf,51.413463,7.113804,,1876,https://de.wikipedia.org/wiki/Alte_Aproche,wikipedia,2026-09-21,1734,,,unklar,nein,Betriebsjahre in Wikipedia-Artikel unvollständig
Alte Sackberg,Burgaltendorf,51.421251,7.126714,1791,1860,https://de.wikipedia.org/wiki/Zeche_Alte_Sackberg,wikipedia,2026-09-21,1791,1861,,stillgelegt,nein,
Vereinigte Alte Sackberg & Geitling,Burgaltendorf,51.414216,7.125297,1802,1876,https://de.wikipedia.org/wiki/Zeche_Vereinigte_Alte_Sackberg_&_Geitling,wikipedia,2026-09-21,1802,1876,,stillgelegt,nein,
Altendorfer Bank,Burgaltendorf,51.419127,7.136009,1775,1838,https://de.wikipedia.org/wiki/Zeche_Altendorfer_Bank,wikipedia,2026-09-21,1775,1838,Zeche Altendorf,stillgelegt,nein,im Plan 1935 noch beschriftet
Altendorfer Erbstollen,Burgaltendorf,51.41969722,7.13731389,1722,1855,https://de.wikipedia.org/wiki/Altendorfer_Erbstollen,wikipedia,2026-09-21,1722,1855,Zeche Altendorf,stillgelegt,nein,im Plan 1935 noch beschriftet
Altendorfer Mulde,Burgaltendorf,51.424501,7.129218,1831,1855,https://de.wikipedia.org/wiki/Zeche_Altendorfer_Mulde,wikipedia,2026-09-21,1831,1855,Zeche Altendorf,stillgelegt,nein,im Plan 1935 noch beschriftet
Altendorf Tiefbau,Burgaltendorf,51.417309,7.132059,1855,1914,https://de.wikipedia.org/wiki/Zeche_Altendorf_Tiefbau,wikipedia,2026-09-21,1855,1973,Zeche Altendorf,unklar,nein,"Widerspruch: Liste 1855–1914, Artikel 1855–1973, Plan 1935: Zeche Altendorf"
Amalie,Nordviertel,51.46722222,6.98666667,,,https://de.wikipedia.org/wiki/Zeche_Amalie,wikipedia,2026-09-21,1850,1966,Zeche Helene u. Amalie,unklar,nein,Betriebsjahre in Wikipedia-Liste unvollständig
Anna,Altenessen,51.4875,6.99722222,1845,1925,https://de.wikipedia.org/wiki/Zeche_Anna,wikipedia,2026-09-21,1851,1911,Zeche Anna,stillgelegt,nein,im Plan 1935 noch beschriftet
Antonius,Baldeney,51.40861111,7.02305556,1780,1834,https://de.wikipedia.org/wiki/Zeche_Antonius_(Essen),wikipedia,2026-09-21,1780,1834,,stillgelegt,nein,
Arenberg,?,,,,1930,,wikipedia,2026-09-21,,,,unklar,nein,Betriebsjahre in Wikipedia-Artikel unvollständig
Augustus Erbstollen,Kupferdreh,51.37585,7.089583,1809,1861,https://de.wikipedia.org/wiki/Zeche_Augustus_Erbstollen,wikipedia,2026-09-21,1812,1861,,stillgelegt,nein,
Barenbank,Burgaltendorf,,,,,,wikipedia,2026-09-21,,,,unklar,nein,Betriebsjahre in Wikipedia-Liste unvollständig
Barnscheid,Heisingen,,,1566,1803,,wikipedia,2026-09-21,,,,unklar,nein,Betriebsjahre in Wikipedia-Artikel unvollständig
Beisenkamp,Byfang und Kupferdreh,51.393414,7.087836,1802,1851,https://de.wikipedia.org/wiki/Zeche_Gilles_Antoine,wikipedia,2026-09-21,1853,1887,,stillgelegt,nein,
"Berger, Schacht",?,,,1913,1914,,wikipedia,2026-09-21,,,,unklar,nein,Betriebsjahre in Wikipedia-Artikel unvollständig
Biberbach,Burgaltendorf,,,,,,wikipedia,2026-09-21,,,,unklar,nein,Betriebsjahre in Wikipedia-Liste unvollständig
Bongerbank,Steele,51.450975,7.09682,1724,1782,https://de.wikipedia.org/wiki/Zeche_Bongerbank,wikipedia,2026-09-21,1724,1827,,stillgelegt,nein,
Bonifacius,Kray,51.47361111,7.08444444,1851,1967,https://de.wikipedia.org/wiki/Zeche_Bonifacius,wikipedia,2026-09-21,1861,1980,Zeche Bonifacius,aktiv,nein,
Bonscheidt,Heisingen,51.396167,7.058609,1779,1868,https://de.wikipedia.org/wiki/Zeche_Bonscheidt,wikipedia,2026-09-21,1798,1868,,stillgelegt,nein,
Bosselbank,Stadtwald,51.414953,7.016014,1750,1812,https://de.wikipedia.org/wiki/Zeche_Bosselbank,wikipedia,2026-09-21,1750,1812,,stillgelegt,nein,
Braut in Fleckessiepen,Heidhausen,51.37681,7.009277,1778,1879,https://de.wikipedia.org/wiki/Zeche_Braut_in_Fleckessiepen,wikipedia,2026-09-21,1778,1900,,stillgelegt,nein,
Vereinigte Braut,Heidhausen,51.38027778,7.01361111,1866,1898,https://de.wikipedia.org/wiki/Zeche_Vereinigte_Braut,wikipedia,2026-09-21,1802,1900,,stillgelegt,nein,
Bredeneyer Crone,Heidhausen,51.419838,7.013548,1831,1900,https://de.wikipedia.org/wiki/Zeche_Bredeneyer_Crone,wikipedia,2026-09-21,,,,unklar,nein,Betriebsjahre in Wikipedia-Artikel unvollständig
Bruchkamp & Steinknapp,Heisingen,51.40780556,7.04038889,1789,1841,https://de.wikipedia.org/wiki/Zeche_Bruchkamp_&_Steinknapp,wikipedia,2026-09-21,1789,1841,,stillgelegt,nein,
Vereinigte Brüderschaft,Burgaltendorf,51.417667,7.13811,1780,1893,https://de.wikipedia.org/wiki/Zeche_Vereinigte_Brüderschaft,wikipedia,2026-09-21,1822,1893,,stillgelegt,nein,
Buch,Burgaltendorf,,,,,,wikipedia,2026-09-21,,,,unklar,nein,Betriebsjahre in Wikipedia-Liste unvollständig
Buschbank,Burgaltendorf,,,,,,wikipedia,2026-09-21,,,,unklar,nein,Betriebsjahre in Wikipedia-Liste unvollständig
Vereinigte Capellenbank,Baldeney-Stadtwald,51.408757,7.023079,1779,1875,https://de.wikipedia.org/wiki/Zeche_Vereinigte_Capellenbank,wikipedia,2026-09-21,1779,1875,,stillgelegt,nein,
Carl,Altenessen,51.49527778,7.01194444,1855,1973,https://de.wikipedia.org/wiki/Zeche_Carl,wikipedia,2026-09-21,1861,1929,Zeche Karl,unklar,nein,"Widerspruch: Liste 1855–1973, Artikel 1861–1929, Plan 1935: Zeche Karl"
Carl Funke,Heisingen,51.40388889,7.04972222,1850,1967,https://de.wikipedia.org/wiki/Zeche_Carl_Funke,wikipedia,2026-09-21,1804,1973,Zeche Karl Funke,aktiv,nein,
Carl Hugo,Dilldorf-Hamm,51.378899,7.064851,1870,1906,https://de.wikipedia.org/wiki/Zeche_Carl_Hugo,wikipedia,2026-09-21,1848,1906,,stillgelegt,nein,
Carolus Magnus,Bergeborbeck,51.48333,6.96969,,1954,https://de.wikipedia.org/wiki/Zeche_Carolus_Magnus,wikipedia,2026-09-21,1846,1951,Zeche Carolus Magnus,unklar,nein,Betriebsjahre in Wikipedia-Liste unvollständig
Catharina,Burgaltendorf,51.41372222,7.10763889,1766,1927,https://de.wikipedia.org/wiki/Zeche_Catharina,wikipedia,2026-09-21,1783,1927,,stillgelegt,nein,
Vereinigte Catharina,Überruhr,51.416827,7.108875,1811,1917,https://de.wikipedia.org/wiki/Zeche_Vereinigte_Catharina,wikipedia,2026-09-21,1811,1917,,stillgelegt,nein,
Centrum 4/6,Leithe,51.46666667,7.1075,,,https://de.wikipedia.org/wiki/Zeche_Centrum_4/6,wikipedia,2026-09-21,1900,1972,Zeche Centrum,unklar,nein,Betriebsjahre in Wikipedia-Liste unvollständig
Charlotte,Überruhr,,,,1930,,wikipedia,2026-09-21,,,,unklar,nein,Betriebsjahre in Wikipedia-Artikel unvollständig
Vereinigte Charlotte,Überruhr,,,1832,1929,,wikipedia,2026-09-21,,,,unklar,nein,Betriebsjahre in Wikipedia-Artikel unvollständig
Vereinigte Charlotte Steingatt,Überruhr,,,,,,wikipedia,2026-09-21,,,,unklar,nein,Betriebsjahre in Wikipedia-Liste unvollständig
Vereinigte Crone,Burgaltendorf,,,,1832,,wikipedia,2026-09-21,,,,unklar,nein,Betriebsjahre in Wikipedia-Artikel unvollständig
Christian Levin,Dellwig,51.49599,6.94321,,1960,https://de.wikipedia.org/wiki/Zeche_Christian_Levin,wikipedia,2026-09-21,1856,1958,Zeche Christ. Levin,unklar,nein,Betriebsjahre in Wikipedia-Liste unvollständig
Deimelsberger Erbstollen,Steele,51.44211111,7.06283056,1749,1887,https://de.wikipedia.org/wiki/Zeche_Vereinigte_Deimelsberger_Erbstolln,wikipedia,2026-09-21,1749,1887,,stillgelegt,nein,
Dicke Bank,Burgaltendorf,,,,,,wikipedia,2026-09-21,,,,unklar,nein,Betriebsjahre in Wikipedia-Liste unvollständig
Die Kanzel,Kettwig,51.371127,6.958762,1921,1930,https://de.wikipedia.org/wiki/Zeche_Kanzel#Die_Kanzel,wikipedia,2026-09-21,1859,1865,,stillgelegt,nein,
Dohm’s Erbstollen,Schuir,51.38225,6.96852778,1839,1961,https://de.wikipedia.org/wiki/Zeche_Dohm’s_Erbstollen,wikipedia,2026-09-21,1861,1961,,aktiv,nein,im Plan 1935 nicht beschriftet
Duvenkampsbank,Heisingen,51.40686111,7.04261111,1780,1866,https://de.wikipedia.org/wiki/Zeche_Duvenkampsbank,wikipedia,2026-09-21,1780,1866,,stillgelegt,nein,
Eiberg,Horst-Eiberg,51.4425,7.11611111,1850,1914,https://de.wikipedia.org/wiki/Zeche_Eiberg,wikipedia,2026-09-21,1882,1914,,stillgelegt,nein,
Einigkeit,Steele,,,1827,1856,,wikipedia,2026-09-21,,,,unklar,nein,Betriebsjahre in Wikipedia-Artikel unvollständig
Eintracht Erbstollen,Steele,,,1773,1925,,wikipedia,2026-09-21,,,,unklar,nein,Betriebsjahre in Wikipedia-Artikel unvollständig
Eintracht Tiefbau,Freisenbruch,51.45032,7.1076,1856,1925,https://de.wikipedia.org/wiki/Zeche_Eintracht_Tiefbau,wikipedia,2026-09-21,1765,1925,Zeche Eintracht,stillgelegt,nein,im Plan 1935 noch beschriftet
Elend,Burgaltendorf,,,,,,wikipedia,2026-09-21,,,,unklar,nein,Betriebsjahre in Wikipedia-Liste unvollständig
Emil-Emscher,Altenessen,51.49527778,6.9925,1966,1975,https://de.wikipedia.org/wiki/Zeche_Emil-Emscher,wikipedia,2026-09-21,1877,1965,Zeche Emscher,unklar,nein,"Widerspruch: Liste 1966–1975, Artikel 1877–1965, Plan 1935: Zeche Emscher"
Emil-Fritz,Altenessen,51.495774,7.005518,,,https://de.wikipedia.org/wiki/Bergwerk_Emil-Fritz,wikipedia,2026-09-21,1965,1970,,unklar,nein,Betriebsjahre in Wikipedia-Liste unvollständig
Emilie,Kettwig,51.351725,6.941128,1833,1923,https://de.wikipedia.org/wiki/Zeche_Emilie,wikipedia,2026-09-21,1833,1923,,stillgelegt,nein,
Erbenbank,Kettwig,51.368256,6.92786,1757,1893,https://de.wikipedia.org/wiki/Zeche_Erbenbank,wikipedia,2026-09-21,1757,1893,,stillgelegt,nein,
Erbenkampsbank,Bredeney,51.40795,7.007604,1805,1875,https://de.wikipedia.org/wiki/Zeche_Erbenkampsbank,wikipedia,2026-09-21,1805,1875,,stillgelegt,nein,
Faulevott,Überruhr,,,,1924,,wikipedia,2026-09-21,,,,unklar,nein,Betriebsjahre in Wikipedia-Artikel unvollständig
Fettlappen,Südviertel,51.44755556,7.00785556,1760,1805,https://de.wikipedia.org/wiki/Zeche_Fettlappen,wikipedia,2026-09-21,,1805,,stillgelegt,nein,
Flöte,Werden,51.39447222,6.99377778,1923,1930,https://de.wikipedia.org/wiki/Zeche_Flöte,wikipedia,2026-09-21,1777,1927,,stillgelegt,nein,
Flörchen,Heisingen,51.39903056,7.07544167,1793,1854,https://de.wikipedia.org/wiki/Zeche_Flörchen,wikipedia,2026-09-21,1802,1804,,stillgelegt,nein,
Flor,Heisingen,51.39903056,7.07544167,1793,1854,https://de.wikipedia.org/wiki/Zeche_Flor,wikipedia,2026-09-21,1805,1854,,stillgelegt,nein,
Flor & Flörchen,Heisingen,51.39903056,7.07544167,1854,1872,https://de.wikipedia.org/wiki/Zeche_Flor_&_Flörchen,wikipedia,2026-09-21,1855,1872,,stillgelegt,nein,
Vereinigte Flor & Flörchen,Heisingen,51.397082,7.075125,1872,1880,https://de.wikipedia.org/wiki/Zeche_Vereinigte_Flor_&_Flörchen,wikipedia,2026-09-21,1872,1880,,stillgelegt,nein,
Fortuna,Bredeney,51.41422222,6.98851667,1758,1880,https://de.wikipedia.org/wiki/Zeche_Fortuna_(Essen),wikipedia,2026-09-21,1758,1880,,stillgelegt,nein,
Franz,Schonnebeck,,,,,,wikipedia,2026-09-21,,,,unklar,nein,Betriebsjahre in Wikipedia-Liste unvollständig
Freudenberg,Bredeney,51.390476,6.994793,1705,1880,https://de.wikipedia.org/wiki/Zeche_Freudenberg_(Essen),wikipedia,2026-09-21,1734,1880,,stillgelegt,nein,
Fridolin,Steele,51.438909,7.11053,1836,1960,https://de.wikipedia.org/wiki/Zeche_Fridolin,wikipedia,2026-09-21,,1899,,unklar,nein,"Widerspruch: Liste 1836–1960, Artikel –1899, im Plan 1935 nicht beschriftet"
Friedrich Arthur,Burgaltendorf,,,,,,wikipedia,2026-09-21,,,,unklar,nein,Betriebsjahre in Wikipedia-Liste unvollständig
Friedrich Ernestine,Stoppenberg,51.47277778,7.04777778,,,https://de.wikipedia.org/wiki/Zeche_Friedrich_Ernestine,wikipedia,2026-09-21,1873,1955,Zeche Friedrich Ernes[tine] (rechts abgeschnitten),unklar,nein,Betriebsjahre in Wikipedia-Liste unvollständig
Friedrich Joachim,Schonnebeck,,,,1966,,wikipedia,2026-09-21,,,,unklar,nein,Betriebsjahre in Wikipedia-Liste unvollständig
Friedrich Wilhelm,Heisingen,51.40408611,7.04983056,1896,1903,https://de.wikipedia.org/wiki/Zeche_Friedrich_Wilhelm_(Essen),wikipedia,2026-09-21,1860,1903,,stillgelegt,nein,
Frisches Glück & Friedrich,Kupferdreh,,,,,,wikipedia,2026-09-21,,,,unklar,nein,Betriebsjahre in Wikipedia-Liste unvollständig
Fritz-Heinrich,Altenessen,51.50961,7.01119,1855,1967,https://de.wikipedia.org/wiki/Zeche_Fritz-Heinrich,wikipedia,2026-09-21,1859,1973,,aktiv,nein,im Plan 1935 nicht beschriftet
Gabe Gottes (Essen),Kupferdreh,51.37468333,7.07308333,1758,1861,https://de.wikipedia.org/wiki/Zeche_Gabe_Gottes_(Essen),wikipedia,2026-09-21,1758,1861,,stillgelegt,nein,
Garelsbank,Burgaltendorf,,,,,,wikipedia,2026-09-21,,,,unklar,nein,Betriebsjahre in Wikipedia-Liste unvollständig
Gartfeldische Kohlengruben,Steele,,,1645,1655,,wikipedia,2026-09-21,,,,unklar,nein,Betriebsjahre in Wikipedia-Artikel unvollständig
Geitling am Wittenberge,Rüttenscheid,51.429356,7.026496,1800,1888,https://de.wikipedia.org/wiki/Zeche_Geitling_am_Wittenberge,wikipedia,2026-09-21,,1888,,stillgelegt,nein,
Geitling,Burgaltendorf,51.41409,7.122402,1791,1869,https://de.wikipedia.org/wiki/Zeche_Geitling_(Burgaltendorf),wikipedia,2026-09-21,1791,,,unklar,nein,Betriebsjahre in Wikipedia-Artikel unvollständig
Geitling,Horst,51.42972222,7.1075,1788,1844,https://de.wikipedia.org/wiki/Zeche_Geitling_(Steele-Horst),wikipedia,2026-09-21,1788,1940,,unklar,nein,"Widerspruch: Liste 1788–1844, Artikel 1788–1940, im Plan 1935 nicht beschriftet"
Geitlinger Stolln,Frohnhausen,51.436864,6.971808,1924,1930,https://de.wikipedia.org/wiki/Zeche_Geitlinger_Stolln,wikipedia,2026-09-21,,,,unklar,nein,Betriebsjahre in Wikipedia-Artikel unvollständig
Getreue Freundschaft,Burgaltendorf,51.422367,7.102454,1781,1874,https://de.wikipedia.org/wiki/Zeche_Getreue_Freundschaft,wikipedia,2026-09-21,1781,1874,,stillgelegt,nein,
Gewalt,Überruhr,51.434449,7.078491,1770,1813,https://de.wikipedia.org/wiki/Zeche_Gewalt,wikipedia,2026-09-21,1770,1813,,stillgelegt,nein,
Vereinigte Gewalt,Überruhr,51.434477,7.078277,1813,1886,https://de.wikipedia.org/wiki/Zeche_Vereinigte_Gewalt,wikipedia,2026-09-21,1813,1886,,stillgelegt,nein,
Vereinigte Gewalt und Gottvertraut,Überruhr,51.436098,7.07681,1924,1957,https://de.wikipedia.org/wiki/Zeche_Vereinigte_Gewalt_und_Gottvertraut,wikipedia,2026-09-21,,1924,,unklar,nein,"Widerspruch: Liste 1924–1957, Artikel –1924, im Plan 1935 nicht beschriftet"
Gilles Antoine,Byfang-Kupferdreh,51.393414,7.087836,1853,1888,https://de.wikipedia.org/wiki/Zeche_Gilles_Antoine,wikipedia,2026-09-21,1853,1887,,stillgelegt,nein,
Girondelle,Stadtwald,,,1771,,,wikipedia,2026-09-21,,,,unklar,nein,Betriebsjahre in Wikipedia-Liste unvollständig
Girondelle,Stadtwald,51.40775,7.03907222,1802,1865,https://de.wikipedia.org/wiki/Zeche_Vereinigte_Girendelle,wikipedia,2026-09-21,1802,1865,,stillgelegt,nein,
Girondeller Siepen,Stadtwald,51.407563,7.038957,1780,1860,https://de.wikipedia.org/wiki/Zeche_Gierendeller_Siepen,wikipedia,2026-09-21,1780,1860,,stillgelegt,nein,
Gitzkiel,Fulerum,51.43965,6.98218889,1693,1856,https://de.wikipedia.org/wiki/Zeche_Gitzkiel,wikipedia,2026-09-21,1765,1856,,stillgelegt,nein,
Glückauf Erbstollen,Kupferdreh,,,1820,1920,,wikipedia,2026-09-21,,,,unklar,nein,Betriebsjahre in Wikipedia-Artikel unvollständig
Gottfried Wilhelm,Rellinghausen,51.41638889,7.03944444,1859,1913,https://de.wikipedia.org/wiki/Zeche_Gottfried_Wilhelm,wikipedia,2026-09-21,1909,1942,Zeche Gottfried Wilhelm,unklar,nein,"Widerspruch: Liste 1859–1913, Artikel 1909–1942, Plan 1935: Zeche Gottfried Wilhelm"
Gottessegen,Kupferdreh,51.392394,7.087812,1800,1872,https://de.wikipedia.org/wiki/Zeche_Gottessegen_(Essen),wikipedia,2026-09-21,1800,1872,,stillgelegt,nein,
Gottvertraut,Überruhr,51.42764,7.073515,1800,1886,https://de.wikipedia.org/wiki/Zeche_Gottvertraut,wikipedia,2026-09-21,1800,1886,,stillgelegt,nein,
Graf Beust,Altenessen,51.45992,7.02298,1840,1974,https://de.wikipedia.org/wiki/Zeche_Graf_Beust,wikipedia,2026-09-21,1842,1929,Zeche Graf Beust,unklar,nein,"Widerspruch: Liste 1840–1974, Artikel 1842–1929, Plan 1935: Zeche Graf Beust"
Graf Buttenbach,Burgaltendorf,,,,1952,,wikipedia,2026-09-21,,,,unklar,nein,Betriebsjahre in Wikipedia-Liste unvollständig
Grauners Bank,Burgaltendorf,,,,,,wikipedia,2026-09-21,,,,unklar,nein,Betriebsjahre in Wikipedia-Liste unvollständig
Große Bovermannswiese,Werden,51.383015,7.066111,1832,1870,https://de.wikipedia.org/wiki/Zeche_Große_Bovermannswiese,wikipedia,2026-09-21,1832,1870,,stillgelegt,nein,
Große Vaerstbank,Burgaltendorf,51.42274,7.132641,1772,1881,https://de.wikipedia.org/wiki/Zeche_Große_Varstbank,wikipedia,2026-09-21,1722,1881,,stillgelegt,nein,
Vereinigte Große Varstbank & Altendorfer Erbstollen,Burgaltendorf,,,1836,1908,,wikipedia,2026-09-21,,,,unklar,nein,Betriebsjahre in Wikipedia-Artikel unvollständig
Grünewald,?,,,,,,wikipedia,2026-09-21,,,,unklar,nein,Betriebsjahre in Wikipedia-Liste unvollständig
Gütling,Burgaltendorf,,,,,,wikipedia,2026-09-21,,,,unklar,nein,Betriebsjahre in Wikipedia-Liste unvollständig
Gyrondelle,Heisingen,,,,,,wikipedia,2026-09-21,,,,unklar,nein,Betriebsjahre in Wikipedia-Liste unvollständig
Hammelsbeck,Fulerum,51.43294444,6.94286111,1732,1865,https://de.wikipedia.org/wiki/Zeche_Hammelsbeck,wikipedia,2026-09-21,1732,1865,,stillgelegt,nein,
Hagenbeck,Altendorf,51.456739,6.972109,1550,1928,https://de.wikipedia.org/wiki/Zeche_Hagenbeck,wikipedia,2026-09-21,1757,1928,Zeche Hagenbeck,stillgelegt,nein,im Plan 1935 noch beschriftet
Vereinigte Hagenbeck,Altendorf,51.45691,6.96988,1550,1928,https://de.wikipedia.org/wiki/Zeche_Vereinigte_Hagenbeck,wikipedia,2026-09-21,1842,1928,Zeche Hagenbeck (kursive Beschriftung an der Bahnanlage),stillgelegt,nein,im Plan 1935 noch beschriftet
Handsbraut,Heidhausen,,,1824,1881,,wikipedia,2026-09-21,,,,unklar,nein,Betriebsjahre in Wikipedia-Artikel unvollständig
Hardenbergische Kohlenbergwerke,Kupferdreh-Dilldorf,51.382468,7.089824,1838,1866,https://de.wikipedia.org/wiki/Hardenbergische_Kohlenbergwerke,wikipedia,2026-09-21,1838,1861,,stillgelegt,nein,
Heimannsfeld,Byfang,51.409115,7.098638,1804,1857,https://de.wikipedia.org/wiki/Zeche_Heimannsfeld,wikipedia,2026-09-21,1804,1857,,stillgelegt,nein,
Heinrich,Überruhr,51.41833333,7.07472222,1809,1968,https://de.wikipedia.org/wiki/Zeche_Heinrich_(Essen-Überruhr),wikipedia,2026-09-21,1852,1968,Zeche Heinrich,aktiv,nein,
Heinrich,Werden,51.416946,7.074057,1880,1887,https://de.wikipedia.org/wiki/Zeche_Heinrich_(Essen-Werden),wikipedia,2026-09-21,1880,1887,Zeche Heinrich,stillgelegt,nein,im Plan 1935 noch beschriftet
Heinrich Theodor,Altenessen,,,,1928,,wikipedia,2026-09-21,,,,unklar,nein,Betriebsjahre in Wikipedia-Artikel unvollständig
Heisinger Mulde,Heisingen,51.39872,7.07086,1880,1899,https://de.wikipedia.org/wiki/Zeche_Heisinger_Mulde,wikipedia,2026-09-21,1880,1899,,stillgelegt,nein,
Heisinger Tiefbau,Heisingen,,,1871,1906,,wikipedia,2026-09-21,,,,unklar,nein,Betriebsjahre in Wikipedia-Artikel unvollständig
Helene,Altenessen,51.48222222,7.01916667,1927,1963,https://de.wikipedia.org/wiki/Zeche_Helene_(Essen)#Die_letzten_Jahre,wikipedia,2026-09-21,1873,1965,Zeche Helene,aktiv,nein,
Vereinigte Helene & Amalie,Altenessen,51.48222222,7.01916667,1839,1927,https://de.wikipedia.org/wiki/Zeche_Vereinigte_Helene_&_Amalie,wikipedia,2026-09-21,1873,1965,Zeche Helene,unklar,nein,"Widerspruch: Liste 1839–1927, Artikel 1873–1965, Plan 1935: Zeche Helene"
Vereinigte Henriette,Byfang,51.404642,7.088334,,1878,https://de.wikipedia.org/wiki/Zeche_Vereinigte_Henriette_(Essen),wikipedia,2026-09-21,,1878,,stillgelegt,nein,
Henriette Catharina,Werden-Hamm,51.388561,7.060927,1800,1858,https://de.wikipedia.org/wiki/Zeche_Henriette_Catharina,wikipedia,2026-09-21,1800,1855,,stillgelegt,nein,
Henriettenglück,Bergerhausen,51.431943,7.019963,1799,1806,https://de.wikipedia.org/wiki/Zeche_Henriettenglück,wikipedia,2026-09-21,1799,1806,,stillgelegt,nein,
Hercules,Ostviertel,51.45666667,7.02333333,1850,1965,https://de.wikipedia.org/wiki/Zeche_Hercules,wikipedia,2026-09-21,1859,1925,Zeche Herkules,unklar,nein,"Widerspruch: Liste 1850–1965, Artikel 1859–1925, Plan 1935: Zeche Herkules"
Herrenbank,Altendorf,51.454656,6.985972,1749,1811,https://de.wikipedia.org/wiki/Zeche_Herrenbank_(Altendorf),wikipedia,2026-09-21,1749,1811,,stillgelegt,nein,
Herrenbank,Rellinghausen,51.421855,7.045707,1802,1855,https://de.wikipedia.org/wiki/Zeche_Herrenbank_(Rellinghausen),wikipedia,2026-09-21,1800,1855,,stillgelegt,nein,
Hermann,Heidhausen,51.3752,7.0395,1948,1964,https://de.wikipedia.org/wiki/Zeche_Hermann_(Essen),wikipedia,2026-09-21,1948,1964,,stillgelegt,nein,
Vereinigte Hermann,Rüttenscheid,,,1838,1900,https://de.wikipedia.org/wiki/Zeche_Vereinigte_Hermann_(Essen),wikipedia,2026-09-21,1838,1872,,stillgelegt,nein,
Hero,Haarzopf,51.41479,6.9775,1896,1900,https://de.wikipedia.org/wiki/Zeche_Hero,wikipedia,2026-09-21,1896,1900,,stillgelegt,nein,
Himmelscroner Erbstollen,Byfang,,,1847,,,wikipedia,2026-09-21,,,,unklar,nein,Betriebsjahre in Wikipedia-Liste unvollständig
Himmelsfürster Erbstollen,Burgaltendorf,51.407363,7.0828,1787,1831,https://de.wikipedia.org/wiki/Himmelsfürster_Erbstolln,wikipedia,2026-09-21,1804,1831,,stillgelegt,nein,
Vereinigte Himmelsfürster Erbstollen,Überruhr,51.407353,7.083019,1831,1908,https://de.wikipedia.org/wiki/Zeche_Vereinigte_Himmelsfürster_Erbstollen,wikipedia,2026-09-21,1831,1908,,stillgelegt,nein,
Hitzberg,Baldeney,51.403895,7.007893,1793,1879,https://de.wikipedia.org/wiki/Zeche_Hitzberg,wikipedia,2026-09-21,1793,1879,,stillgelegt,nein,
Hobeisen,Holsterhausen,51.442364,6.986659,1718,1841,https://de.wikipedia.org/wiki/Zeche_Hobeisen,wikipedia,2026-09-21,1718,1841,,stillgelegt,nein,
Hoffnung,Überruhr,51.413824,7.07914,1798,1809,https://de.wikipedia.org/wiki/Zeche_Hoffnung_(Essen-Überruhr),wikipedia,2026-09-21,1798,1809,,stillgelegt,nein,
Hoffnung,Heidhausen,51.374318,6.99624,1820,1832,https://de.wikipedia.org/wiki/Zeche_Hoffnung_(Essen-Heidhausen),wikipedia,2026-09-21,1820,1832,,stillgelegt,nein,
Höverscheider Siepen,Rellinghausen,,,1922,1924,,wikipedia,2026-09-21,,,,unklar,nein,Betriebsjahre in Wikipedia-Artikel unvollständig
Horster Erbstollen,Horst,51.429317,7.108496,1835,1879,https://de.wikipedia.org/wiki/Horster_Erbstollen,wikipedia,2026-09-21,1835,1879,,stillgelegt,nein,
Huferbänke,Kupferdreh,51.37476111,7.07364167,1802,1887,https://de.wikipedia.org/wiki/Zeche_Huferbänke,wikipedia,2026-09-21,1802,1887,,stillgelegt,nein,
Hubert,Frillendorf,,,1897,1928,,wikipedia,2026-09-21,,,,unklar,nein,Betriebsjahre in Wikipedia-Artikel unvollständig
Hünninghauserbank,Königssteele,51.444393,7.092295,1728,1823,https://de.wikipedia.org/wiki/Zeche_Hünninghauserbank,wikipedia,2026-09-21,1728,1823,,stillgelegt,nein,
Hünninghauser Erbstolln,Königssteele,51.444579,7.086834,1725,1815,https://de.wikipedia.org/wiki/Hünninghauser_Erbstolln,wikipedia,2026-09-21,1725,1815,,stillgelegt,nein,
Humboldt,?,,,,,,wikipedia,2026-09-21,,,,unklar,nein,Betriebsjahre in Wikipedia-Liste unvollständig
Hundsknochen,Heisingen,,,1773,1870,,wikipedia,2026-09-21,,,,unklar,nein,Betriebsjahre in Wikipedia-Artikel unvollständig
Ilandsbraut,Werden,51.375085,7.016295,1832,1877,https://de.wikipedia.org/wiki/Zeche_Ilandsbraut,wikipedia,2026-09-21,1832,1877,,stillgelegt,nein,
Isenberg,Baldeney,51.408292,7.028772,1802,1818,https://de.wikipedia.org/wiki/Zeche_Isenberg_(Essen),wikipedia,2026-09-21,1802,1818,,stillgelegt,nein,
Jacke,Kettwig,51.358194,6.973985,1803,1900,https://de.wikipedia.org/wiki/Zeche_Jacke,wikipedia,2026-09-21,1803,1854,,stillgelegt,nein,
Johann,Steele,51.45125,7.07163,1830,1859,https://de.wikipedia.org/wiki/Zeche_Johann_(Essen),wikipedia,2026-09-21,1830,1859,,stillgelegt,nein,
Johann Deimelsberg,Steele,51.44189,7.06199,1887,1928,https://de.wikipedia.org/wiki/Zeche_Johann_Deimelsberg,wikipedia,2026-09-21,,1928,,stillgelegt,nein,
Johannisberg,Steele,51.447415,7.103597,1952,1967,https://de.wikipedia.org/wiki/Zeche_Johannisberg,wikipedia,2026-09-21,1952,1967,,stillgelegt,nein,
Vereinigte Johann,Steele,51.45125,7.070435,1859,1887,https://de.wikipedia.org/wiki/Zeche_Vereinigte_Johann,wikipedia,2026-09-21,1859,1886,,stillgelegt,nein,
Joseph,Kupferdreh,51.367232,7.04511,1845,1906,https://de.wikipedia.org/wiki/Zeche_Joseph_(Essen),wikipedia,2026-09-21,1891,1906,,stillgelegt,nein,
Joseph II,Kupferdreh,51.410396,7.093976,1952,1957,https://de.wikipedia.org/wiki/Zeche_Joseph_II,wikipedia,2026-09-21,1952,1957,,stillgelegt,nein,
Junkernbusch,Fischlaken,51.39789,7.04825,1755,1783,https://de.wikipedia.org/wiki/Zeche_Junkernbusch,wikipedia,2026-09-21,1755,1783,,stillgelegt,nein,
Kahrer Wiedertöpfe,Werden-Hamm,51.390619,7.057407,1834,1848,https://de.wikipedia.org/wiki/Zeche_Kahrer_Wiedertöpfe,wikipedia,2026-09-21,1834,1848,,stillgelegt,nein,
Kaiserin Augusta,Fischlaken,51.38412,7.065408,1873,1892,https://de.wikipedia.org/wiki/Zeche_Kaiserin_Augusta,wikipedia,2026-09-21,1873,1892,ehem. Zeche Kaiserin Augusta,stillgelegt,nein,
Kalksieper Erbstolln,Bredeney,51.399229,6.992178,1800,1865,https://de.wikipedia.org/wiki/Kalksieper_Erbstolln,wikipedia,2026-09-21,1800,1865,,stillgelegt,nein,
Kämpgesbank,Baldeney,51.405468,7.01203,1833,1872,https://de.wikipedia.org/wiki/Zeche_Kämpgesbank,wikipedia,2026-09-21,1833,1872,,stillgelegt,nein,
Kampschacht,?,,,1903,,,wikipedia,2026-09-21,,,,unklar,nein,Betriebsjahre in Wikipedia-Liste unvollständig
Kanzel,Kettwig,51.371127,6.958762,1855,1865,https://de.wikipedia.org/wiki/Zeche_Kanzel,wikipedia,2026-09-21,1859,1865,,stillgelegt,nein,
Kandanghauer,Burgaltendorf,51.416062,7.13194,1840,1866,https://de.wikipedia.org/wiki/Zeche_Kandanghauer,wikipedia,2026-09-21,1840,1867,,stillgelegt,nein,
Katharina,Frillendorf,51.4575,7.05777778,1901,1972,https://de.wikipedia.org/wiki/Zeche_Katharina,wikipedia,2026-09-21,,1972,Schacht Katharina,unklar,nein,Betriebsjahre in Wikipedia-Artikel unvollständig
Kirschbaumisches Kunstkohlenbergwerk,Werden,51.392405,7.039911,1751,1763,https://de.wikipedia.org/wiki/Zeche_Kirschbaumisches_Kunstkohlenbergwerk,wikipedia,2026-09-21,1751,1763,,stillgelegt,nein,
Vereinigte Klosterbusch,Werden,51.43918827,7.27032095,1857,1883,https://de.wikipedia.org/wiki/Zeche_Klosterbusch,wikipedia,2026-09-21,1918,1961,,unklar,nein,"Widerspruch: Liste 1857–1883, Artikel 1918–1961, im Plan 1935 nicht beschriftet"
König Wilhelm,Dellwig,51.49599,6.94321,1870,,https://de.wikipedia.org/wiki/Zeche_König_Wilhelm,wikipedia,2026-09-21,,,,unklar,nein,Betriebsjahre in Wikipedia-Liste unvollständig
Königin Augusta,Dilldorf,51.383822,7.066012,1864,1873,https://de.wikipedia.org/wiki/Zeche_Königin_Augusta,wikipedia,2026-09-21,1864,1873,,stillgelegt,nein,
Königin Elisabeth,Frillendorf,51.46326,7.03589,1845,1955,https://de.wikipedia.org/wiki/Zeche_Königin_Elisabeth,wikipedia,2026-09-21,1850,1966,Zeche Königin Elisabeth,aktiv,nein,
Vereinigte Krebsenscheer,Baldeney,,,1853,1888,https://de.wikipedia.org/wiki/Zeche_Vereinigte_Krebsenscheer,wikipedia,2026-09-21,1853,1878,,stillgelegt,nein,
Kronprinz,"Frohnhausen, Schönebeck",51.45916667,6.92583333,1830,,https://de.wikipedia.org/wiki/Zeche_Kronprinz,wikipedia,2026-09-21,1838,1845,"e Kronprinz (Fortsetzung von ""Zeche"" aus k_09_01)",unklar,nein,Betriebsjahre in Wikipedia-Liste unvollständig
Vereinigte Krusenberg,Bredeney,51.404085,7.00563,1805,1878,https://de.wikipedia.org/wiki/Zeche_Vereinigte_Krusenberg,wikipedia,2026-09-21,1841,1878,,stillgelegt,nein,
Kucks,Werden,51.395,7.0523,1802,1820,https://de.wikipedia.org/wiki/Zeche_Kucks,wikipedia,2026-09-21,1802,1820,,stillgelegt,nein,
Vereinigte Kucks & Schinkenbank,Werden,51.395,7.0523,1820,1841,https://de.wikipedia.org/wiki/Zeche_Vereinigte_Kucks_&_Schinkenbank,wikipedia,2026-09-21,1820,1841,,stillgelegt,nein,
Kunstwerk,Bergerhausen,51.4335,7.0537,1764,1865,https://de.wikipedia.org/wiki/Zeche_Kunstwerk,wikipedia,2026-09-21,,1862,,stillgelegt,nein,
Kunstwerk,Burgaltendorf,,,1922,1922,,wikipedia,2026-09-21,,,,unklar,nein,Betriebsjahre in Wikipedia-Artikel unvollständig
Langenbrahm,Rüttenscheid,51.42166667,7.00555556,1800,1983,https://de.wikipedia.org/wiki/Zeche_Langenbrahm,wikipedia,2026-09-21,1800,1966,Zeche Langenbrahm,aktiv,nein,
Vereinigte Louise,Werden-Fischlaken,51.392826,7.055318,1839,1901,https://de.wikipedia.org/wiki/Zeche_Vereinigte_Louise_(Essen),wikipedia,2026-09-21,1839,1903,,stillgelegt,nein,
Ludwig,Bergerhausen,51.43274,7.03483,1830,1947,https://de.wikipedia.org/wiki/Zeche_Ludwig,wikipedia,2026-09-21,1860,1966,Zeche Ludwig,aktiv,nein,
Maasbank,Werden-Fischlaken,51.399854,7.037217,1760,1854,https://de.wikipedia.org/wiki/Zeche_Maasbank,wikipedia,2026-09-21,1760,1854,,stillgelegt,nein,
Mathias Stinnes,Karnap,51.52605,7.00707,1854,1969,https://de.wikipedia.org/wiki/Zeche_Mathias_Stinnes,wikipedia,2026-09-21,1872,1972,Zeche Math. Stinnes,aktiv,nein,
Mecklingsbänker Erbstollen,Horst,51.438013,7.108444,1786,1897,https://de.wikipedia.org/wiki/Zeche_Mecklingsbänker_Erbstollen,wikipedia,2026-09-21,1838,1877,,stillgelegt,nein,
Mecklingsbank,Steele,51.434085,7.098675,1725,1843,https://de.wikipedia.org/wiki/Zeche_Mecklingsbank,wikipedia,2026-09-21,1725,1840,,stillgelegt,nein,
Möningshoffsbank,Überruhr,,,1673,1867,,wikipedia,2026-09-21,,,,unklar,nein,Betriebsjahre in Wikipedia-Artikel unvollständig
Morgenstern,Stadtwald,,,1798,1869,https://de.wikipedia.org/wiki/Zeche_Morgenstern_(Essen),wikipedia,2026-09-21,1822,1869,,stillgelegt,nein,
Mosis,Burgaltendorf,,,,,,wikipedia,2026-09-21,,,,unklar,nein,Betriebsjahre in Wikipedia-Liste unvollständig
Mühle,Werden,51.392267,6.994632,1834,1900,https://de.wikipedia.org/wiki/Zeche_Mühle,wikipedia,2026-09-21,1836,1900,,stillgelegt,nein,
Mülheimerglück,Burgaltendorf,51.423907,7.126401,1787,1840,https://de.wikipedia.org/wiki/Zeche_Mülheimerglück,wikipedia,2026-09-21,1794,1840,,stillgelegt,nein,
Vereinigte Mülheimerglück,Burgaltendorf,51.42191667,7.11483333,1840,1927,https://de.wikipedia.org/wiki/Zeche_Vereinigte_Mülheimerglück,wikipedia,2026-09-21,1840,1927,,stillgelegt,nein,
Mühlenbank,Kupferdreh,51.393458,7.097067,1800,1872,https://de.wikipedia.org/wiki/Zeche_Mühlenbank_(Essen),wikipedia,2026-09-21,1856,1872,,stillgelegt,nein,
Mühlmannsbank,Heisingen,51.398654,7.075097,1782,1872,https://de.wikipedia.org/wiki/Zeche_Mühlmannsbank,wikipedia,2026-09-21,1827,1872,,stillgelegt,nein,
Mühlmannsdickebank,Heisingen,51.39683333,7.07526389,1792,1870,https://de.wikipedia.org/wiki/Zeche_Mühlmannsdickebank,wikipedia,2026-09-21,1792,1870,,stillgelegt,nein,
Nachtigall,Kupferdreh,51.387611,7.110193,1784,1873,https://de.wikipedia.org/wiki/Zeche_Nachtigall_(Essen),wikipedia,2026-09-21,1784,1875,,stillgelegt,nein,
Neu-Cöln,Bergeborbeck,51.48416667,6.95611111,,1930,https://de.wikipedia.org/wiki/Zeche_Neu-Cöln,wikipedia,2026-09-21,1855,1931,,stillgelegt,nein,
Neu Essen,Altenessen,,,,,,wikipedia,2026-09-21,,,,unklar,nein,Betriebsjahre in Wikipedia-Liste unvollständig
Neuschölerpad,Altendorf,51.45845,6.96408,1851,1898,https://de.wikipedia.org/wiki/Zeche_Neuschölerpad,wikipedia,2026-09-21,1851,1875,,stillgelegt,nein,
Neuwesel,Borbeck,51.47141,6.937,,1920,https://de.wikipedia.org/wiki/Zeche_Neuwesel,wikipedia,2026-09-21,1842,1889,Zeche Neuwesel,stillgelegt,nein,im Plan 1935 noch beschriftet
Neue Ak,Altendorf,51.460104,6.986489,1797,1806,https://de.wikipedia.org/wiki/Zeche_Neue_Ak,wikipedia,2026-09-21,1797,1804,,stillgelegt,nein,
Neue Aproche,Burgaltendorf,51.41789,7.129312,1752,1872,https://de.wikipedia.org/wiki/Zeche_Neue_Aproche,wikipedia,2026-09-21,1752,1872,,stillgelegt,nein,
Neue Sackberg,Burgaltendorf,51.415348,7.126586,1754,1802,https://de.wikipedia.org/wiki/Zeche_Neue_Sackberg,wikipedia,2026-09-21,1755,1802,,stillgelegt,nein,
Vereinigte Neue Sackberg & Schrutenberend,Burgaltendorf,,,1802,1879,https://de.wikipedia.org/wiki/Zeche_Vereinigte_Neue_Sackberg_&_Schrutenberend,wikipedia,2026-09-21,1802,1879,,stillgelegt,nein,
Neuglück,Überruhr,51.4357,7.073,1787,1859,https://de.wikipedia.org/wiki/Zeche_Neuglück_(Essen),wikipedia,2026-09-21,1787,1859,,stillgelegt,nein,
Neuglück in Breuerssiepen,Kupferdreh,51.39723,7.100944,1825,1882,https://de.wikipedia.org/wiki/Zeche_Neuglück_in_Breuerssiepen,wikipedia,2026-09-21,1827,1882,,stillgelegt,nein,
Nierbank,Werden-Fischlaken,51.400004,7.035353,,1856,https://de.wikipedia.org/wiki/Zeche_Nierbank,wikipedia,2026-09-21,,1856,,stillgelegt,nein,
Nöckerskottenbank,Werden-Fischlaken,51.386607,7.042923,1788,1924,https://de.wikipedia.org/wiki/Zeche_Nöckerskottenbank,wikipedia,2026-09-21,1855,1924,,stillgelegt,nein,
Nottekampsbank,Heisingen,51.406798,7.072996,1805,1880,https://de.wikipedia.org/wiki/Zeche_Nottekampsbank,wikipedia,2026-09-21,1805,1880,,stillgelegt,nein,
Nottenkampsbank I,Heisingen,51.406798,7.072996,1880,1924,https://de.wikipedia.org/wiki/Zeche_Nottekampsbank_I,wikipedia,2026-09-21,1880,1924,,stillgelegt,nein,
Oberschmalscheid,Werden-Fischlaken,51.398228,7.031379,,1860,https://de.wikipedia.org/wiki/Zeche_Oberschmalscheid,wikipedia,2026-09-21,1776,1829,,stillgelegt,nein,
Olga,Werden,,,1917,1924,,wikipedia,2026-09-21,,,,unklar,nein,Betriebsjahre in Wikipedia-Artikel unvollständig
Paul,Werden,51.394065,7.054768,1763,1911,https://de.wikipedia.org/wiki/Zeche_Paul,wikipedia,2026-09-21,1765,1911,,stillgelegt,nein,
Pauline,Werden,51.37438889,6.99838889,1880,1916,https://de.wikipedia.org/wiki/Zeche_Pauline,wikipedia,2026-09-21,,,ehem. Zeche Pauline,unklar,nein,Betriebsjahre in Wikipedia-Artikel unvollständig
Plaetzgesbank,Heisingen,51.415677,7.067631,1830,1959,https://de.wikipedia.org/wiki/Zeche_Plaetzgesbank,wikipedia,2026-09-21,,,,unklar,nein,Betriebsjahre in Wikipedia-Artikel unvollständig
Vereinigte Pörtingssiepen,Heidhausen,51.39604,7.04216,1780,1975,,stadtplan-1935,2026-09-21,,,Zeche Pörtingssiepen,unklar,nein,Betriebsjahre in Wikipedia-Artikel unvollständig
Vereinigte Pörtingssiepen/Carl Funke,Heisingen,,,1967,1984,,wikipedia,2026-09-21,,,,unklar,nein,Betriebsjahre in Wikipedia-Artikel unvollständig
Vereinigte Preußische Adler,"Byfang, Burgaltendorf",51.41318,7.124805,1765,1921,https://de.wikipedia.org/wiki/Zeche_Vereinigte_Preußische_Adler,wikipedia,2026-09-21,1834,1878,,stillgelegt,nein,
Preutenborbeckssiepen,Werden,51.376602,6.992841,1751,1909,https://de.wikipedia.org/wiki/Zeche_Preutenborbeckssiepen,wikipedia,2026-09-21,1751,1860,,stillgelegt,nein,
Prinz Friedrich,Kupferdreh,51.3905,7.07866,1920,1973,https://de.wikipedia.org/wiki/Zeche_Prinz_Friedrich,wikipedia,2026-09-21,1923,1931,Zeche Prinz Friedr.,unklar,nein,"Widerspruch: Liste 1920–1973, Artikel 1923–1931, Plan 1935: Zeche Prinz Friedr."
Prinz Georg,Bredeney-Schuir,,,,,,wikipedia,2026-09-21,,,,unklar,nein,Betriebsjahre in Wikipedia-Liste unvollständig
Prinz Wilhelm,Byfang,51.399821,7.086717,1846,1920,https://de.wikipedia.org/wiki/Zeche_Prinz_Wilhelm,wikipedia,2026-09-21,1854,1903,Zeche Prinz Wilhelm,stillgelegt,nein,im Plan 1935 noch beschriftet
Prinz Wilhelm (Steingatt),Byfang,,,1800,1925,,wikipedia,2026-09-21,,,,unklar,nein,Betriebsjahre in Wikipedia-Artikel unvollständig
Prosper,?,,,,,,wikipedia,2026-09-21,,,,unklar,nein,Betriebsjahre in Wikipedia-Liste unvollständig
Providence,Borbeck,,,,,,wikipedia,2026-09-21,,,,unklar,nein,Betriebsjahre in Wikipedia-Liste unvollständig
Quetterbank,Werden-Hamm,51.383283,7.06529,1782,1853,https://de.wikipedia.org/wiki/Zeche_Quetterbank,wikipedia,2026-09-21,1782,1846,,stillgelegt,nein,
Rauensiepen,Heisingen,51.402013,7.052851,1773,1858,https://de.wikipedia.org/wiki/Zeche_Rauensiepen,wikipedia,2026-09-21,1773,1832,,stillgelegt,nein,
Redlichkeit,Werden-Heisingen,51.372906,6.997347,1792,1900,https://de.wikipedia.org/wiki/Zeche_Redlichkeit,wikipedia,2026-09-21,1793,1876,,stillgelegt,nein,
Regenbank,Burgaltendorf,,,,,,wikipedia,2026-09-21,,,,unklar,nein,Betriebsjahre in Wikipedia-Liste unvollständig
Regina,Kupferdreh,51.398738,7.106057,1952,1963,https://de.wikipedia.org/wiki/Zeche_Regina_(Essen),wikipedia,2026-09-21,1952,1962,,stillgelegt,nein,
Rettelstrucker Stolln,Holsterhausen,51.43574,6.982847,1748,1856,https://de.wikipedia.org/wiki/Zeche_Rettelstrucker_Stolln,wikipedia,2026-09-21,1809,1846,,stillgelegt,nein,
Richradt,Fischlaken,51.388606,7.044542,1578,1910,https://de.wikipedia.org/wiki/Zeche_Richradt,wikipedia,2026-09-21,,1910,,stillgelegt,nein,
Robert,Burgaltendorf,,,1915,1934,,wikipedia,2026-09-21,,,,unklar,nein,Betriebsjahre in Wikipedia-Artikel unvollständig
Rosalie,Bredeney,51.393583,6.993871,1667,1871,https://de.wikipedia.org/wiki/Zeche_Rosalie,wikipedia,2026-09-21,1667,1871,,stillgelegt,nein,
Röttgersbank,Altendorf,51.449353,6.985159,1749,1808,https://de.wikipedia.org/wiki/Zeche_Röttgersbank,wikipedia,2026-09-21,1803,1808,,stillgelegt,nein,
Rubens,Burgaltendorf,,,,,,wikipedia,2026-09-21,,,,unklar,nein,Betriebsjahre in Wikipedia-Liste unvollständig
Rudolph,Kettwig,51.36462,6.97915,1866,1966,https://de.wikipedia.org/wiki/Zeche_Rudolph_(Essen),wikipedia,2026-09-21,1830,1966,,aktiv,nein,im Plan 1935 nicht beschriftet
Sälzer & Neuack,Westviertel,51.45865,6.99111,,1800,,stadtplan-1935,2026-09-21,,,Zeche Sälzer u. Neuack,unklar,nein,Betriebsjahre in Wikipedia-Artikel unvollständig
Sandbank,Überruhr,51.408675,7.082851,1803,1891,https://de.wikipedia.org/wiki/Zeche_Sandbank,wikipedia,2026-09-21,1803,1876,,stillgelegt,nein,
Schacht Berger,?,,,1913,1914,,wikipedia,2026-09-21,,,,unklar,nein,Betriebsjahre in Wikipedia-Artikel unvollständig
Schellenberg,?,,,1922,1924,,wikipedia,2026-09-21,,,,unklar,nein,Betriebsjahre in Wikipedia-Artikel unvollständig
Schinkenbank,Werden-Hamm,51.39452,7.053866,1790,1892,https://de.wikipedia.org/wiki/Zeche_Schinkenbank,wikipedia,2026-09-21,1802,1841,,stillgelegt,nein,
Schinkenbank in der Honschaft Fischlaken,Werden-Fischlaken,51.387676,7.038117,1800,1820,https://de.wikipedia.org/wiki/Zeche_Schinkenbank_in_der_Honschaft_Fischlaken,wikipedia,2026-09-21,1800,1820,,stillgelegt,nein,
Schmachtenberg,Kettwig,51.370507,6.949609,1748,1855,https://de.wikipedia.org/wiki/Zeche_Schmachtenberg,wikipedia,2026-09-21,1748,1855,,stillgelegt,nein,
Schmierfuß,Burgaltendorf,,,1794,1831,https://de.wikipedia.org/wiki/Zeche_Schmierfuß,wikipedia,2026-09-21,1802,1831,,stillgelegt,nein,
Schnabel ins Osten,Rellinghausen,51.42841,7.04395,1767,1912,https://de.wikipedia.org/wiki/Zeche_Schnabel_ins_Osten,wikipedia,2026-09-21,1902,1910,,stillgelegt,nein,
Schrutenberend,Burgaltendorf,51.412249,7.111845,1724,1802,https://de.wikipedia.org/wiki/Zeche_Schrutenberend,wikipedia,2026-09-21,1737,1802,,stillgelegt,nein,
Schultenkämperbank,Horst-Eiberg,,,1740,1871,https://de.wikipedia.org/wiki/Zeche_Schultenkämperbank,wikipedia,2026-09-21,1740,1839,,stillgelegt,nein,
Secretariusak,Stadtkern,51.4516,7.002282,1725,1805,https://de.wikipedia.org/wiki/Zeche_Secretariusak,wikipedia,2026-09-21,1725,1805,,stillgelegt,nein,
Silberbank,Werden-Hamm,51.3924,7.0556,1800,1830,https://de.wikipedia.org/wiki/Zeche_Silberbank,wikipedia,2026-09-21,1800,1830,,stillgelegt,nein,
Spiekbank,Heisingen,,,1803,1815,,wikipedia,2026-09-21,,,,unklar,nein,Betriebsjahre in Wikipedia-Artikel unvollständig
Spiekbank und Hoffnung,?,,,1789,,,wikipedia,2026-09-21,,,,unklar,nein,Betriebsjahre in Wikipedia-Liste unvollständig
Stahlenbergsbank,Werden,51.397586,7.023869,1826,1892,https://de.wikipedia.org/wiki/Zeche_Stahlenbergsbank,wikipedia,2026-09-21,1830,1892,,stillgelegt,nein,
Stänkersgatt,Kupferdreh,,,1802,1832,https://de.wikipedia.org/wiki/Zeche_Stänkersgatt,wikipedia,2026-09-21,1804,1832,,stillgelegt,nein,
Steingatt,"Burgaltendorf, Byfang",51.41141,7.10037,1702,1904,https://de.wikipedia.org/wiki/Zeche_Steingatt,wikipedia,2026-09-21,,,Z.Steingatt,unklar,nein,Betriebsjahre in Wikipedia-Artikel unvollständig
Steut,?,,,,,,wikipedia,2026-09-21,,,,unklar,nein,Betriebsjahre in Wikipedia-Liste unvollständig
Stolberg,Kupferdreh,,,,1909,,wikipedia,2026-09-21,,,,unklar,nein,Betriebsjahre in Wikipedia-Artikel unvollständig
Vereinigte Stöckgesbank & Dodelle,Werden,51.40086564,7.01528549,1868,1891,https://de.wikipedia.org/wiki/Zeche_Vereinigte_Stöckgesbank_&_Dodelle,wikipedia,2026-09-21,1788,1897,,stillgelegt,nein,
Stüpert,Bergerhausen,,,1749,1859,https://de.wikipedia.org/wiki/Zeche_Stüpert,wikipedia,2026-09-21,1749,1859,,stillgelegt,nein,
Sutansbank,Heisingen,51.405785,7.046034,1770,1859,https://de.wikipedia.org/wiki/Zeche_Sutansbank,wikipedia,2026-09-21,1770,1859,,stillgelegt,nein,
Theodor,Burgaltendorf,51.42305556,7.09833333,1830,1968,https://de.wikipedia.org/wiki/Zeche_Theodor,wikipedia,2026-09-21,1933,1968,,aktiv,nein,im Plan 1935 nicht beschriftet
Trompete,Byfang,51.408266,7.091307,1761,1856,https://de.wikipedia.org/wiki/Zeche_Trompete,wikipedia,2026-09-21,1761,1856,,stillgelegt,nein,
Trompette,Kupferdreh-Dilldorf,51.385017,7.082525,1850,1906,https://de.wikipedia.org/wiki/Zeche_Trompette_(Essen),wikipedia,2026-09-21,1856,1869,,stillgelegt,nein,
Trotz,Bredeney,51.417248,7.017131,1755,1840,https://de.wikipedia.org/wiki/Zeche_Trotz,wikipedia,2026-09-21,1802,1840,,stillgelegt,nein,
Übereinkunft,Überruhr,51.415186,7.086229,1834,1925,https://de.wikipedia.org/wiki/Zeche_Übereinkunft,wikipedia,2026-09-21,1834,1923,,stillgelegt,nein,
Varst Bank,Burgaltendorf,,,,,,wikipedia,2026-09-21,,,,unklar,nein,Betriebsjahre in Wikipedia-Liste unvollständig
Victoria,Königssteele,,,1858,1898,,wikipedia,2026-09-21,,,,unklar,nein,Betriebsjahre in Wikipedia-Artikel unvollständig
Victoria Mathias,Nordviertel,51.4675,7.01305556,1845,1967,https://de.wikipedia.org/wiki/Zeche_Victoria_Mathias,wikipedia,2026-09-21,1844,1965,Zeche Victoria Mathias,aktiv,nein,
Viktoria,Kupferdreh,51.38326,7.11323,1857,1945,,stadtplan-1935,2026-09-21,,,Zeche Victoria,unklar,nein,Betriebsjahre in Wikipedia-Artikel unvollständig
Vinzenz,Burgaltendorf,,,1918,1930,,wikipedia,2026-09-21,,,,unklar,nein,Betriebsjahre in Wikipedia-Artikel unvollständig
Voßhege,Heisingen,51.393569,7.063211,1800,1952,https://de.wikipedia.org/wiki/Zeche_Voßhege,wikipedia,2026-09-21,1800,1871,,unklar,nein,"Widerspruch: Liste 1800–1952, Artikel 1800–1871, im Plan 1935 nicht beschriftet"
Wasserjungfer,Horst,51.4385,7.102,1798,1901,https://de.wikipedia.org/wiki/Zeche_Wasserjungfer,wikipedia,2026-09-21,1845,1858,,stillgelegt,nein,
Wasserschneppe,Heisingen,51.395189,7.062964,1792,1815,https://de.wikipedia.org/wiki/Zeche_Wasserschneppe,wikipedia,2026-09-21,1792,1815,,stillgelegt,nein,
Vereinigte Wasserschneppe,Heisingen,51.395203,7.062342,1815,1880,https://de.wikipedia.org/wiki/Zeche_Vereinigte_Wasserschneppe,wikipedia,2026-09-21,1819,1880,,stillgelegt,nein,
Wecklenbank,Horst-Eiberg,51.42915,7.106414,1737,1882,https://de.wikipedia.org/wiki/Zeche_Wecklenbank,wikipedia,2026-09-21,1737,1836,,stillgelegt,nein,
Werner,Kettwig Oeft,,,1903,1904,,wikipedia,2026-09-21,,,,unklar,nein,Betriebsjahre in Wikipedia-Artikel unvollständig
Werthsbank,Heisingen,51.405899,7.0473,1773,1899,https://de.wikipedia.org/wiki/Zeche_Werthsbank,wikipedia,2026-09-21,1773,1859,,stillgelegt,nein,
Wilhelm,Burgaltendorf,,,,,,wikipedia,2026-09-21,,,,unklar,nein,Betriebsjahre in Wikipedia-Liste unvollständig
Wilhelm Emil,Frillendorf,,,1910,1956,,wikipedia,2026-09-21,,,,unklar,nein,Betriebsjahre in Wikipedia-Artikel unvollständig
Wilhelmine Victoria,Überruhr,,,1803,1924,,wikipedia,2026-09-21,,,,unklar,nein,Betriebsjahre in Wikipedia-Artikel unvollständig
Wohlgemuth,Kupferdreh,51.398817,7.08292,1792,1856,https://de.wikipedia.org/wiki/Zeche_Wohlgemuth,wikipedia,2026-09-21,1792,1856,,stillgelegt,nein,
Wohlverwahrt,Horst,,,1791,1853,,wikipedia,2026-09-21,,,,unklar,nein,Betriebsjahre in Wikipedia-Artikel unvollständig
Wohlverwahrt,Horst,51.42972222,7.1075,1918,1962,https://de.wikipedia.org/wiki/Zeche_Wohlverwahrt,wikipedia,2026-09-21,1791,1962,,aktiv,nein,im Plan 1935 nicht beschriftet
Wolff,Überruhr,51.41222222,7.07777778,1796,1809,https://de.wikipedia.org/wiki/Zeche_Wolff,wikipedia,2026-09-21,1796,1809,,stillgelegt,nein,
Vereinigte Wolfsbach,Burgaltendorf,,,1920,1923,,wikipedia,2026-09-21,,,,unklar,nein,Betriebsjahre in Wikipedia-Artikel unvollständig
Wolfsbank,Borbeck-Schönebeck-Bochold,51.4725,6.95972222,1750,1966,https://de.wikipedia.org/wiki/Zeche_Wolfsbank,wikipedia,2026-09-21,,1966,Zeche Wolfsbank,unklar,nein,Betriebsjahre in Wikipedia-Artikel unvollständig
Zollverein,Katernberg,51.48652778,7.04408333,1847,1986,https://de.wikipedia.org/wiki/Zeche_Zollverein,wikipedia,2026-09-21,1851,1986,Zeche Zollverein,aktiv,nein,
Zur Hoffnung,"Südviertel, Holsterhausen",51.453261,7.005369,1623,1805,https://de.wikipedia.org/wiki/Zeche_Zur_Hoffnung,wikipedia,2026-09-21,1623,1805,,stillgelegt,nein,
Zwergmutter,Heisingen,51.403248,7.050004,1720,1858,https://de.wikipedia.org/wiki/Zeche_Zwergmutter,wikipedia,2026-09-21,1720,1832,,stillgelegt,nein,
