name,stadtteil,lat,lon,liste,artikel,plan_1935,hinweis,quelle
Alte Aproche,Burgaltendorf,51.413463,7.113804,–1876,1734–,,Betriebsjahre in Wikipedia-Artikel unvollständig,https://de.wikipedia.org/wiki/Alte_Aproche
Altendorf Tiefbau,Burgaltendorf,51.417309,7.132059,1855–1914,1855–1973,Zeche Altendorf,"Widerspruch: Liste 1855–1914, Artikel 1855–1973, Plan 1935: Zeche Altendorf",https://de.wikipedia.org/wiki/Zeche_Altendorf_Tiefbau
Amalie,Nordviertel,51.46722222,6.98666667,–,1850–1966,Zeche Helene u. Amalie,Betriebsjahre in Wikipedia-Liste unvollständig,https://de.wikipedia.org/wiki/Zeche_Amalie
Bredeneyer Crone,Heidhausen,51.419838,7.013548,1831–1900,–,,Betriebsjahre in Wikipedia-Artikel unvollständig,https://de.wikipedia.org/wiki/Zeche_Bredeneyer_Crone
Carl,Altenessen,51.49527778,7.01194444,1855–1973,1861–1929,Zeche Karl,"Widerspruch: Liste 1855–1973, Artikel 1861–1929, Plan 1935: Zeche Karl",https://de.wikipedia.org/wiki/Zeche_Carl
Carolus Magnus,Bergeborbeck,51.48333,6.96969,–1954,1846–1951,Zeche Carolus Magnus,Betriebsjahre in Wikipedia-Liste unvollständig,https://de.wikipedia.org/wiki/Zeche_Carolus_Magnus
Centrum 4/6,Leithe,51.46666667,7.1075,–,1900–1972,Zeche Centrum,Betriebsjahre in Wikipedia-Liste unvollständig,https://de.wikipedia.org/wiki/Zeche_Centrum_4/6
Christian Levin,Dellwig,51.49599,6.94321,–1960,1856–1958,Zeche Christ. Levin,Betriebsjahre in Wikipedia-Liste unvollständig,https://de.wikipedia.org/wiki/Zeche_Christian_Levin
Emil-Emscher,Altenessen,51.49527778,6.9925,1966–1975,1877–1965,Zeche Emscher,"Widerspruch: Liste 1966–1975, Artikel 1877–1965, Plan 1935: Zeche Emscher",https://de.wikipedia.org/wiki/Zeche_Emil-Emscher
Emil-Fritz,Altenessen,51.495774,7.005518,–,1965–1970,,Betriebsjahre in Wikipedia-Liste unvollständig,https://de.wikipedia.org/wiki/Bergwerk_Emil-Fritz
Fridolin,Steele,51.438909,7.11053,1836–1960,–1899,,"Widerspruch: Liste 1836–1960, Artikel –1899, im Plan 1935 nicht beschriftet",https://de.wikipedia.org/wiki/Zeche_Fridolin
Friedrich Ernestine,Stoppenberg,51.47277778,7.04777778,–,1873–1955,Zeche Friedrich Ernes[tine] (rechts abgeschnitten),Betriebsjahre in Wikipedia-Liste unvollständig,https://de.wikipedia.org/wiki/Zeche_Friedrich_Ernestine
Geitling,Burgaltendorf,51.41409,7.122402,1791–1869,1791–,,Betriebsjahre in Wikipedia-Artikel unvollständig,https://de.wikipedia.org/wiki/Zeche_Geitling_(Burgaltendorf)
Geitling,Horst,51.42972222,7.1075,1788–1844,1788–1940,,"Widerspruch: Liste 1788–1844, Artikel 1788–1940, im Plan 1935 nicht beschriftet",https://de.wikipedia.org/wiki/Zeche_Geitling_(Steele-Horst)
Geitlinger Stolln,Frohnhausen,51.436864,6.971808,1924–1930,–,,Betriebsjahre in Wikipedia-Artikel unvollständig,https://de.wikipedia.org/wiki/Zeche_Geitlinger_Stolln
Gottfried Wilhelm,Rellinghausen,51.41638889,7.03944444,1859–1913,1909–1942,Zeche Gottfried Wilhelm,"Widerspruch: Liste 1859–1913, Artikel 1909–1942, Plan 1935: Zeche Gottfried Wilhelm",https://de.wikipedia.org/wiki/Zeche_Gottfried_Wilhelm
Graf Beust,Altenessen,51.45992,7.02298,1840–1974,1842–1929,Zeche Graf Beust,"Widerspruch: Liste 1840–1974, Artikel 1842–1929, Plan 1935: Zeche Graf Beust",https://de.wikipedia.org/wiki/Zeche_Graf_Beust
Hercules,Ostviertel,51.45666667,7.02333333,1850–1965,1859–1925,Zeche Herkules,"Widerspruch: Liste 1850–1965, Artikel 1859–1925, Plan 1935: Zeche Herkules",https://de.wikipedia.org/wiki/Zeche_Hercules
Katharina,Frillendorf,51.4575,7.05777778,1901–1972,–1972,Schacht Katharina,Betriebsjahre in Wikipedia-Artikel unvollständig,https://de.wikipedia.org/wiki/Zeche_Katharina
Kronprinz,"Frohnhausen, Schönebeck",51.45916667,6.92583333,1830–,1838–1845,"e Kronprinz (Fortsetzung von ""Zeche"" aus k_09_01)",Betriebsjahre in Wikipedia-Liste unvollständig,https://de.wikipedia.org/wiki/Zeche_Kronprinz
König Wilhelm,Dellwig,51.49599,6.94321,1870–,–,,Betriebsjahre in Wikipedia-Liste unvollständig,https://de.wikipedia.org/wiki/Zeche_König_Wilhelm
Pauline,Werden,51.37438889,6.99838889,1880–1916,–,ehem. Zeche Pauline,Betriebsjahre in Wikipedia-Artikel unvollständig,https://de.wikipedia.org/wiki/Zeche_Pauline
Plaetzgesbank,Heisingen,51.415677,7.067631,1830–1959,–,,Betriebsjahre in Wikipedia-Artikel unvollständig,https://de.wikipedia.org/wiki/Zeche_Plaetzgesbank
Prinz Friedrich,Kupferdreh,51.3905,7.07866,1920–1973,1923–1931,Zeche Prinz Friedr.,"Widerspruch: Liste 1920–1973, Artikel 1923–1931, Plan 1935: Zeche Prinz Friedr.",https://de.wikipedia.org/wiki/Zeche_Prinz_Friedrich
Steingatt,"Burgaltendorf, Byfang",51.41141,7.10037,1702–1904,–,Z.Steingatt,Betriebsjahre in Wikipedia-Artikel unvollständig,https://de.wikipedia.org/wiki/Zeche_Steingatt
Sälzer & Neuack,Westviertel,51.45865,6.99111,–1800,–,Zeche Sälzer u. Neuack,Betriebsjahre in Wikipedia-Artikel unvollständig,
Vereinigte Gewalt und Gottvertraut,Überruhr,51.436098,7.07681,1924–1957,–1924,,"Widerspruch: Liste 1924–1957, Artikel –1924, im Plan 1935 nicht beschriftet",https://de.wikipedia.org/wiki/Zeche_Vereinigte_Gewalt_und_Gottvertraut
Vereinigte Helene & Amalie,Altenessen,51.48222222,7.01916667,1839–1927,1873–1965,Zeche Helene,"Widerspruch: Liste 1839–1927, Artikel 1873–1965, Plan 1935: Zeche Helene",https://de.wikipedia.org/wiki/Zeche_Vereinigte_Helene_&_Amalie
Vereinigte Klosterbusch,Werden,51.43918827,7.27032095,1857–1883,1918–1961,,"Widerspruch: Liste 1857–1883, Artikel 1918–1961, im Plan 1935 nicht beschriftet",https://de.wikipedia.org/wiki/Zeche_Klosterbusch
Vereinigte Pörtingssiepen,Heidhausen,51.39604,7.04216,1780–1975,–,Zeche Pörtingssiepen,Betriebsjahre in Wikipedia-Artikel unvollständig,
Viktoria,Kupferdreh,51.38326,7.11323,1857–1945,–,Zeche Victoria,Betriebsjahre in Wikipedia-Artikel unvollständig,
Voßhege,Heisingen,51.393569,7.063211,1800–1952,1800–1871,,"Widerspruch: Liste 1800–1952, Artikel 1800–1871, im Plan 1935 nicht beschriftet",https://de.wikipedia.org/wiki/Zeche_Voßhege
Wolfsbank,Borbeck-Schönebeck-Bochold,51.4725,6.95972222,1750–1966,–1966,Zeche Wolfsbank,Betriebsjahre in Wikipedia-Artikel unvollständig,https://de.wikipedia.org/wiki/Zeche_Wolfsbank
Arenberg,?,,,–1930,–,,Betriebsjahre in Wikipedia-Artikel unvollständig,
Barenbank,Burgaltendorf,,,–,–,,Betriebsjahre in Wikipedia-Liste unvollständig,
Barnscheid,Heisingen,,,1566–1803,–,,Betriebsjahre in Wikipedia-Artikel unvollständig,
"Berger, Schacht",?,,,1913–1914,–,,Betriebsjahre in Wikipedia-Artikel unvollständig,
Biberbach,Burgaltendorf,,,–,–,,Betriebsjahre in Wikipedia-Liste unvollständig,
Buch,Burgaltendorf,,,–,–,,Betriebsjahre in Wikipedia-Liste unvollständig,
Buschbank,Burgaltendorf,,,–,–,,Betriebsjahre in Wikipedia-Liste unvollständig,
Charlotte,Überruhr,,,–1930,–,,Betriebsjahre in Wikipedia-Artikel unvollständig,
Dicke Bank,Burgaltendorf,,,–,–,,Betriebsjahre in Wikipedia-Liste unvollständig,
Einigkeit,Steele,,,1827–1856,–,,Betriebsjahre in Wikipedia-Artikel unvollständig,
Eintracht Erbstollen,Steele,,,1773–1925,–,,Betriebsjahre in Wikipedia-Artikel unvollständig,
Elend,Burgaltendorf,,,–,–,,Betriebsjahre in Wikipedia-Liste unvollständig,
Faulevott,Überruhr,,,–1924,–,,Betriebsjahre in Wikipedia-Artikel unvollständig,
Franz,Schonnebeck,,,–,–,,Betriebsjahre in Wikipedia-Liste unvollständig,
Friedrich Arthur,Burgaltendorf,,,–,–,,Betriebsjahre in Wikipedia-Liste unvollständig,
Friedrich Joachim,Schonnebeck,,,–1966,–,,Betriebsjahre in Wikipedia-Liste unvollständig,
Frisches Glück & Friedrich,Kupferdreh,,,–,–,,Betriebsjahre in Wikipedia-Liste unvollständig,
Garelsbank,Burgaltendorf,,,–,–,,Betriebsjahre in Wikipedia-Liste unvollständig,
Gartfeldische Kohlengruben,Steele,,,1645–1655,–,,Betriebsjahre in Wikipedia-Artikel unvollständig,
Girondelle,Stadtwald,,,1771–,–,,Betriebsjahre in Wikipedia-Liste unvollständig,
Glückauf Erbstollen,Kupferdreh,,,1820–1920,–,,Betriebsjahre in Wikipedia-Artikel unvollständig,
Graf Buttenbach,Burgaltendorf,,,–1952,–,,Betriebsjahre in Wikipedia-Liste unvollständig,
Grauners Bank,Burgaltendorf,,,–,–,,Betriebsjahre in Wikipedia-Liste unvollständig,
Grünewald,?,,,–,–,,Betriebsjahre in Wikipedia-Liste unvollständig,
Gyrondelle,Heisingen,,,–,–,,Betriebsjahre in Wikipedia-Liste unvollständig,
Gütling,Burgaltendorf,,,–,–,,Betriebsjahre in Wikipedia-Liste unvollständig,
Handsbraut,Heidhausen,,,1824–1881,–,,Betriebsjahre in Wikipedia-Artikel unvollständig,
Heinrich Theodor,Altenessen,,,–1928,–,,Betriebsjahre in Wikipedia-Artikel unvollständig,
Heisinger Tiefbau,Heisingen,,,1871–1906,–,,Betriebsjahre in Wikipedia-Artikel unvollständig,
Himmelscroner Erbstollen,Byfang,,,1847–,–,,Betriebsjahre in Wikipedia-Liste unvollständig,
Hubert,Frillendorf,,,1897–1928,–,,Betriebsjahre in Wikipedia-Artikel unvollständig,
Humboldt,?,,,–,–,,Betriebsjahre in Wikipedia-Liste unvollständig,
Hundsknochen,Heisingen,,,1773–1870,–,,Betriebsjahre in Wikipedia-Artikel unvollständig,
Höverscheider Siepen,Rellinghausen,,,1922–1924,–,,Betriebsjahre in Wikipedia-Artikel unvollständig,
Kampschacht,?,,,1903–,–,,Betriebsjahre in Wikipedia-Liste unvollständig,
Kunstwerk,Burgaltendorf,,,1922–1922,–,,Betriebsjahre in Wikipedia-Artikel unvollständig,
Mosis,Burgaltendorf,,,–,–,,Betriebsjahre in Wikipedia-Liste unvollständig,
Möningshoffsbank,Überruhr,,,1673–1867,–,,Betriebsjahre in Wikipedia-Artikel unvollständig,
Neu Essen,Altenessen,,,–,–,,Betriebsjahre in Wikipedia-Liste unvollständig,
Olga,Werden,,,1917–1924,–,,Betriebsjahre in Wikipedia-Artikel unvollständig,
Prinz Georg,Bredeney-Schuir,,,–,–,,Betriebsjahre in Wikipedia-Liste unvollständig,
Prinz Wilhelm (Steingatt),Byfang,,,1800–1925,–,,Betriebsjahre in Wikipedia-Artikel unvollständig,
Prosper,?,,,–,–,,Betriebsjahre in Wikipedia-Liste unvollständig,
Providence,Borbeck,,,–,–,,Betriebsjahre in Wikipedia-Liste unvollständig,
Regenbank,Burgaltendorf,,,–,–,,Betriebsjahre in Wikipedia-Liste unvollständig,
Robert,Burgaltendorf,,,1915–1934,–,,Betriebsjahre in Wikipedia-Artikel unvollständig,
Rubens,Burgaltendorf,,,–,–,,Betriebsjahre in Wikipedia-Liste unvollständig,
Schacht Berger,?,,,1913–1914,–,,Betriebsjahre in Wikipedia-Artikel unvollständig,
Schellenberg,?,,,1922–1924,–,,Betriebsjahre in Wikipedia-Artikel unvollständig,
Spiekbank,Heisingen,,,1803–1815,–,,Betriebsjahre in Wikipedia-Artikel unvollständig,
Spiekbank und Hoffnung,?,,,1789–,–,,Betriebsjahre in Wikipedia-Liste unvollständig,
Steut,?,,,–,–,,Betriebsjahre in Wikipedia-Liste unvollständig,
Stolberg,Kupferdreh,,,–1909,–,,Betriebsjahre in Wikipedia-Artikel unvollständig,
Varst Bank,Burgaltendorf,,,–,–,,Betriebsjahre in Wikipedia-Liste unvollständig,
Vereinigte Charlotte,Überruhr,,,1832–1929,–,,Betriebsjahre in Wikipedia-Artikel unvollständig,
Vereinigte Charlotte Steingatt,Überruhr,,,–,–,,Betriebsjahre in Wikipedia-Liste unvollständig,
Vereinigte Crone,Burgaltendorf,,,–1832,–,,Betriebsjahre in Wikipedia-Artikel unvollständig,
Vereinigte Große Varstbank & Altendorfer Erbstollen,Burgaltendorf,,,1836–1908,–,,Betriebsjahre in Wikipedia-Artikel unvollständig,
Vereinigte Pörtingssiepen/Carl Funke,Heisingen,,,1967–1984,–,,Betriebsjahre in Wikipedia-Artikel unvollständig,
Vereinigte Wolfsbach,Burgaltendorf,,,1920–1923,–,,Betriebsjahre in Wikipedia-Artikel unvollständig,
Victoria,Königssteele,,,1858–1898,–,,Betriebsjahre in Wikipedia-Artikel unvollständig,
Vinzenz,Burgaltendorf,,,1918–1930,–,,Betriebsjahre in Wikipedia-Artikel unvollständig,
Werner,Kettwig Oeft,,,1903–1904,–,,Betriebsjahre in Wikipedia-Artikel unvollständig,
Wilhelm,Burgaltendorf,,,–,–,,Betriebsjahre in Wikipedia-Liste unvollständig,
Wilhelm Emil,Frillendorf,,,1910–1956,–,,Betriebsjahre in Wikipedia-Artikel unvollständig,
Wilhelmine Victoria,Überruhr,,,1803–1924,–,,Betriebsjahre in Wikipedia-Artikel unvollständig,
Wohlverwahrt,Horst,,,1791–1853,–,,Betriebsjahre in Wikipedia-Artikel unvollständig,
