Dateiname;Datensätze;Online-Datenbank;Genwiki-Seite;Digitalisat;Digitalisat-Lizenz extern;Orte;Titel;Verlagsort;Verlag;Erscheinungsjahr
aachen1887.csv;29661;https://adressbuecher.genealogy.net/addressbook/547482c71e6272f5d2301726;http://wiki-de.genealogy.net/Gedbas4all:Source_547482c71e6272f5d2301726;urn:nbn:de:hbz:5:1-257115;cc:pd;Aachen, Burtscheid;Adreßbuch für Aachen und Burtscheid;Aachen;J. Stercken;1887
aachen1929.csv;79025;https://des.genealogy.net/aachen1929/search;http://wiki-de.genealogy.net/Aachen/Adressbuch_1929;urn:nbn:de:hbz:5:1-257686;cc:pd;Aachen, Burtscheid;Aachener Adreßbuch 1929: unter Benutzung amtl. Quellen ;Aachen;August Scherl Deutsche Adressbuch-Gesellschaft m.b.H.;1929
bonn1856-57.csv;4515;http://des.genealogy.net/bonn1856-57/search/index;http://wiki-de.genealogy.net/Bonn/Adressbuch_1856-57;urn:nbn:de:hbz:5:1-249842 ;cc:pd;Bonn;Erstes Adressbuch der königlich-preussischen Universität-Stadt Bonn: für 1856 & 1857. Mit einer kurzgefassten Geschichte der Stadt, von ihrer Gründung bis zur Gegenwart;Bonn;H. B. König;1856
bonn1907.csv;14971;https://des.genealogy.net/bonn1907/search;https://wiki-de.genealogy.net/Landkreis_Bonn/Adressbuch_1907;urn:nbn:de:hbz:5:1-249923 ;cc:pd;LK Bonn;Adressbuch des Landkreises Bonn: umfassend die Bürgermeistereien Duisdorf, Godesberg, Hersel, Oedekoven, Sechtem, Vilich, Villip, Waldorf;Bonn;P. Hauptmann;1907
Camen_1895.csv;1860;https://adressbuecher.genealogy.net/addressbook/547482281e6272f5d2237c57;http://wiki-de.genealogy.net/Gedbas4all:Source_547482281e6272f5d2237c57;https://www.digibib.genealogy.net/viewer/image/00000003CGD_1895/;;Kamen (weitere Orte im LK Hamm nicht erfasst);Adreßbuch und Geschäfts-Anzeiger für den Kreis Hamm i. W. umfassend die Städte: Hamm, Unna, Camen, die Aemter: Rhynern, Pelkum, Unna-Camen, Fröndenberg mit sämtlichen Landgemeinden des Kreises. Aus amtlichen Quellen zusammengestellt.;Hamm i.W.;Griebsch;1895
Camen_1902.csv;1764;https://adressbuecher.genealogy.net/addressbook/54747f361e6272f5d1e70952;http://wiki-de.genealogy.net/Gedbas4all:Source_54747f361e6272f5d1e70952;keines;;Kamen (weitere Orte in der Stadt Unna nicht erfasst);Adressbuch Unna (fraglicher Titel, liegt im Stadtarchiv Kamen);unbekannt;unbekannt;1902
dinslaken1935.csv;17449;http://des.genealogy.net/dinslaken1935/search/index;http://wiki-de.genealogy.net/Dinslaken_(Kreis)/Adressbuch_1935;http://wiki-de.genealogy.net/w/index.php?title=Datei:Dinslaken-Kreis-AB-1935.djvu;cc:pd;Dinslaken, Gahlen zu Hünxe, Voerde, Walsum, andere in LK Dinslaken;Adreßbuch für den Kreis Dinslaken 1935: Dinslaken / Walsum / Voerde / Gahlen zu Hünxe ;Duisburg;National-Zeitung Niederrhein-Verlag G.m.b.H.;1935
dueren1932.csv;33492;http://des.genealogy.net/dueren1932/search/index;http://wiki-de.genealogy.net/D%C3%BCren/Adressbuch_1932-33;http://wiki-de.genealogy.net/w/index.php?title=Datei:Dueren-AB-1932.djvu;cc:pd;LK Düren;Adreßbuch von Stadt und Kreis Düren 1932/33;Düren;Hamel'sche Druckerei und Verlagsgesellschaft;1932
essen1936.csv;242604;https://adressbuecher.genealogy.net/addressbook/54747f7a1e6272f5d1ec771c;http://wiki-de.genealogy.net/Essen/Adressbuch_1936;http://wiki-de.genealogy.net/w/index.php?title=Datei:Essen-AB-1936.djvu;;Essen;Essener Adreßbuch 1936: unter Benutzung amtl. Quellen ;Essen;August Scherl Deutsche Adressbuch-Gesellschaft m.b.H.;1936
grevenbroichKreis1906.csv;10032;http://des.genealogy.net/grevenbroichKreis1906/search/index;http://wiki-de.genealogy.net/Kreis_Grevenbroich/Adressbuch_1906;mehrere auf Genwiki-Seite verlinkt;;LK Grevenbroich;Grevenbroicher Kreisadreßbuch 1906 enthaltend die Bürgermeistereien Bedburdyck, Elsen, Evinghoven, Frimmersdorf, Garzweiler, Grevenbroich, Gustorf, Hemmerden, Hochneukirch, Hülchrath, Jüchen, Kelzenberg, Wanlo, Wevelinghoven, Wickrath. Nach amtlichem Material zusammengestellt.;Jüchen;Fritz Brandt;1906
grevenbroichKreis1912.csv;10504;http://des.genealogy.net/grevenbroichKreis1912/search/index;http://wiki-de.genealogy.net/Kreis_Grevenbroich/Adressbuch_1912;mehrere auf Genwiki-Seite verlinkt;;LK Grevenbroich;Grevenbroicher Kreisadreßbuch 1912 enthaltend die Bürgermeistereien Bedburdyck, Elsen, Evinghoven, Frimmersdorf, Garzweiler, Grevenbroich, Gustorf, Hemmerden, Hochneukirch, Hülchrath, Jüchen, Kelzenberg, Wanlo, Wevelinghoven, Wickrath. Nach amtlichem Material zusammengestellt.;Jüchen?;Fritz Brandt?;1912
hamm1895.csv;31069;http://des.genealogy.net/hamm1895/search/index;https://wiki-de.genealogy.net/Kreis_Hamm/Adressbuch_1895;mehrere auf Genwiki-Seite verlinkt;;LK Hamm (auch: Zweiterfassung von Kamen, schlechtere Qualität);Adreßbuch und Geschäfts-Anzeiger für den Kreis Hamm i. W. umfassend die Städte: Hamm, Unna, Camen, die Aemter: Rhynern, Pelkum, Unna-Camen, Fröndenberg mit sämtlichen Landgemeinden des Kreises. Aus amtlichen Quellen zusammengestellt. ;Hamm i.W.;Griebsch;1895
Hattingen_Kreis_1908.csv;7968;http://www.adressbuecher.net/addressbook/54746fb21e6272f5d0a2a26c;https://wiki-de.genealogy.net/Kreis_Hattingen/Adressbuch_1908;https://wiki-de.genealogy.net/w/index.php?title=Datei:Hattingen-1908.djvu (Teildigitalisat);;LK Hattingen (nur teilerfasst: Altendorf, Eiberg, Freisenbruch, Horst, Königssteele, Niederwenigern);Adreßbuch für den Kreis Hattingen;Hattingen Ruhr;Kaufmännischer Verein;1908
kempenKrefeldAB1953.csv;84956;http://des.genealogy.net/kempenKrefeldAB1953/search/index;https://wiki-de.genealogy.net/Kreis_Kempen-Krefeld/Adressbuch_1953;http://wiki-de.genealogy.net/w/index.php?title=Datei:Krefeld-AB-1953.djvu;;LK Kempen-Krefeld;Einwohner-Adreßbuch für den Kreis Kempen-Krefeld;Rheidt;Heinrich Jakobs;1953
kreisDuerenKöln1954.csv;20031;http://des.genealogy.net/kreisDuerenK%C3%B6ln1954/search/index;http://wiki-de.genealogy.net/Kreis_D%C3%BCren/Adressbuch_1954;http://wiki-de.genealogy.net/w/index.php?title=Datei%3ADueren-AB-1954.djvu;;LK Düren (nicht: Köln!);Einwohner-Adreßbuch für den Kreis Düren. Bearbeitet und zusammengestellt nach amtlichen Unterlagen. 1. Nachkriegsauflage.;Rheydt;Heinrich Jakobs;1954
landkreis_dortmund_1900.csv;36129;http://des.genealogy.net/landkreis_dortmund_1900/search/index;http://wiki-de.genealogy.net/Landkreis_Dortmund/Adressbuch_1900;urn:nbn:de:hbz:6:1-123299;cc:pd;LK Dortmund ;Adreßbuch für den Landkreis Dortmund 1900. Nach amtlichen Quellen bearbeitet und herausgegeben von Friedrich Weiberg;Dortmund;Selbstverlag;1900
lünen_1907.csv;7012;http://des.genealogy.net/l%C3%BCnen_1907/search/index;http://wiki-de.genealogy.net/L%C3%BCnen/Adressbuch_1907;https://www.digibib.genealogy.net/viewer/image/00000005CGD_1907/;;Lünen, Altenderne-Niederbecker, Altenderne-Oberbecker, Beckinghausen,Gahmen, Horstmar, Hostedde, Kirchderne, Lippholthausen;Adreßbuch für Lünen u. Umgegend. Bearbeitet nach amtlichem Material.;Lünen;Bongers;1907
mettmannKreisNrw1922.csv;65171;http://des.genealogy.net/mettmannKreisNrw1922/search/index;http://wiki-de.genealogy.net/Kreis_Mettmann/Adressbuch_1922;http://wiki-de.genealogy.net/w/index.php?title=Datei:Mettmann-AB-1922.djvu;;LK Mettmann;Adreßbuch des Kreises Mettmann umfassend die Bürgermeistereien: Cronenberg, Gruiten, Haan, Hardenberg, Neviges, Heiligenhaus, Langenberg, Mettmann, Velbert, Vohwinkel, Wülfrath.;Siegen;Montanus;1922
mettmannNRW1939.csv;4571;http://des.genealogy.net/mettmannNRW1939/search/index;http://wiki-de.genealogy.net/Mettmann/Adressbuch_1939;http://wiki-de.genealogy.net/w/index.php?title=Datei:Mettmann-AB-1939.djvu;;Mettmann;Einwohnerbuch für die Stadt Mettmann. Bearbeitet nach amtlichen Unterlagen.;Hösel;Berkenkopf;1939
remscheidABNRW1935.csv;66661;http://des.genealogy.net/remscheidABNRW1935/search/index;http://wiki-de.genealogy.net/Remscheid/Adressbuch_1935;http://wiki-de.genealogy.net/w/index.php?title=Datei:Remscheid-AB-1935.djvu;;Remscheid;Einwohner- und Geschäfts-Handbuch für Groß-Remscheid: Remscheid - Lennep - Lüttringhausen [Einband] Einwohner- und Geschäfts-Handbuch für Groß-Remscheid (Adreßbuch). Bearbeitet in der städtischen Verwaltung [Titelseite];Remscheid;Ziegler;1935
Schalke_1898.csv;8653;http://adressbuecher.genealogy.net/addressbook/5474609e1e6272f5cfdf1bb1?sort=placeName&order=desc;http://wiki-de.genealogy.net/Schalke/Adressbuch_1898;keines;;Schalke (ohne Hessler) ;Adress-Buch der Gemeinden Schalke und Hessler mit Zusammenstellung der Handel- und Gewerbetreibenden. Nach amtlichen Quellen bearbeitet;Schalke;Schaff;1898
unna1911_12.csv;17561;http://des.genealogy.net/unna1911_12/search/index;http://wiki-de.genealogy.net/Unna/Adressbuch_1911-12;https://www.digibib.genealogy.net/viewer/image/171218361D_1911/;;Unna und Umgebung (Kreis?);Adreßbuch für die Stadt Unna einschl. Königsborn und die umliegenden Ortschaften [Einband] Adreßbuch für die Stadt Unna einschließlich Königsborn und die Gemeinden Obermassen, Niedermassen, Heeren, Werwe, Afferde, Uelzen, Mühlhausen, Lünern, Stockum, Westhemmerde, Hemmerde, Siddinghausen, Bönen, Altenbögge (Dorf und Kolonie), Bramey, Lenningsen, Flierich, Brüggen, Holzwickede, Opherdicke, Hengsen, Altendorf, Ardey, Bausenhagen, Bentrop, Billmerich, Dellwig, Fohnhausen, Frömern, Kessebüren, Langschede, Neimen, Ostbüren, Stentrop, Strickherdicke und Warmen. 1911/1912. Nach amtlichen Quellen bearbeitet und herausgegeben von Verwaltungs-Sekretär Kienast in Unna. [Titelseite];Unna;Selbstverlag;1911
Viersen-AB-1950.csv;6822;http://adressbuecher.genealogy.net/addressbook/54747eaf1e6272f5d1dc252e;http://genwiki.genealogy.net/Viersen,_D%C3%BClken,_S%C3%BCchteln/Adressbuch_1950;http://genwiki.genealogy.net/w/index.php?title=Datei:Viersen-AB-1950.djvu;;Viersen (mehr nicht erfasst);Einwohner-Adressbuch für die Städte Viersen-Dülken-Süchteln (Dreistädte-Adressbuch). Bearbeitet und zusammengestellt nach amtlichen Unterlagen ;Rheydt;Heinrich Jakobs;1950
Wattenscheid-AB-1925.csv;26883;http://adressbuecher.genealogy.net/addressbook/54747ebe1e6272f5d1dc776f;http://genwiki.genealogy.net/Wattenscheid/Adressbuch_1925-26;http://genwiki.genealogy.net/w/index.php?title=Datei:Wattenscheid-AB-1925.djvu&page=1;;Wattenscheid und Amt Wattenscheid;Adressbuch für Stadt und Amt Wattenscheid 1925/1926. Auf Grund amtlichen Materials erfolgte die Zusammenstellung, doch ohne Gewähr für unbedingte Genauigkeit des Inhalts [Titelseite];Wattenscheid;Karl Busch;1925
westerholtHerten1939.csv;3263;http://des.genealogy.net/westerholtHerten1939/search/index;http://wiki-de.genealogy.net/Westerholt_(Herten)/Adressbuch_1939;;;Westerholt;Einwohnerbuch 1939  Stadt Westerholt;Recklinghausen (?);Fritz Sauer (?);1939
