stufe,strasse_roh,hausnr,hausnr_zusatz,stadtteil,strasse_heute,display_name,lat,lon,urteil,bemerkung
haus,Byfanger Straße,110,,Byfang; Kupferdreh,Byfanger Straße,"110, Byfanger Straße, Kupferdreh, Stadtbezirk VIII, Essen, Nordrhein-Westfalen, 45257, Deutschland",51.39452595,7.09008085,,
haus,Müllerstr.,2,,Holsterhausen,Müllerstraße,"2, Müllerstraße, Holsterhausen, Stadtbezirk III, Essen, Nordrhein-Westfalen, 45147, Deutschland",51.437572200000005,6.98411319687689,,
haus,Bochumer Str.,36,a,Steele,Bochumer Straße,"Fritsche, 36, Bochumer Straße, Steele, Stadtbezirk VII, Essen, Nordrhein-Westfalen, 45276, Deutschland",51.4461732,7.078055,,
haus,Alfredstraße,229,,Rüttenscheid; Bredeney,Alfredstraße,"229, Alfredstraße, Rüttenscheid, Stadtbezirk II, Essen, Nordrhein-Westfalen, 45131, Deutschland",51.4249214,6.9999176259297755,,
haus,Waldeck,3,,Bredeney,Waldeck,"3, Waldeck, Bredeney, Stadtbezirk IX, Essen, Nordrhein-Westfalen, 45133, Deutschland",51.41844795,7.007137850860948,,
haus,Im Arlenkamp,11,,Karnap,Im Arlenkamp,"11, Im Arlenkamp, Karnap, Stadtbezirk V, Essen, Nordrhein-Westfalen, 45329, Deutschland",51.5170227,6.9955343,,
haus,Laubenweg,14,,Margaretenhöhe,Laubenweg,"14, Laubenweg, Margarethenhöhe, Stadtbezirk III, Essen, Nordrhein-Westfalen, 45149, Deutschland",51.43195415,6.975759187519923,,
haus,Theklastr.,13,,Rüttenscheid,Theklastraße,"13, Theklastraße, Witteringsfeld, Rüttenscheid, Stadtbezirk II, Essen, Nordrhein-Westfalen, 45130, Deutschland",51.43866265,7.013996885152254,,
haus,Freistattstr.,7,,Nordviertel,Freistattstraße,"7, Freistattstraße, Segeroth, Nordviertel, Stadtbezirk I, Essen, Nordrhein-Westfalen, 45141, Deutschland",51.465588350000004,7.0002352530749725,,
haus,Kötterstr.,10,,Altendorf,Kötterstraße,"10, Kötterstraße, Altendorf, Stadtbezirk III, Essen, Nordrhein-Westfalen, 45143, Deutschland",51.4623622,6.9733972157663375,,
haus,Frankfurter Straße,20,,Frohnhausen,Frankfurter Straße,"20, Frankfurter Straße, Frohnhausen, Stadtbezirk III, Essen, Nordrhein-Westfalen, 45145, Deutschland",51.44836585,6.976395549933244,,
haus,Kanzelweg,17,,Bochold,Kanzelweg,"17, Kanzelweg, Bochold, Stadtbezirk IV, Essen, Nordrhein-Westfalen, 45355, Deutschland",51.4666512,6.951388708880474,,
haus,Staelsfeld,41,,Heisingen,Staelsfeld,"41, Staelsfeld, Heisingen, Stadtbezirk VIII, Essen, Nordrhein-Westfalen, 45259, Deutschland",51.397554,7.072469733389973,,
haus,Frankenstr.,312,,Bredeney; Stadtwald; Rellinghausen,Frankenstraße,"312, Frankenstraße, Bredeney, Stadtbezirk IX, Essen, Nordrhein-Westfalen, 45133, Deutschland",51.4169168,7.006500296905419,,
haus,Helmstr.,26,,Frintrop; Dellwig,Helmstraße,"26, Helmstraße, Frintrop, Stadtbezirk IV, Essen, Nordrhein-Westfalen, 45359, Deutschland",51.48527285,6.9074544787005525,,
haus,Mercatorstraße,46,,Altendorf,Hirtsieferstraße,"46, Hirtsieferstraße, Kleinhaussiedlung Altendorf, Altendorf, Stadtbezirk III, Essen, Nordrhein-Westfalen, 45143, Deutschland",51.45850575,6.964416847618265,,
haus,Wordstr.,53,,Altendorf,Wordstraße,"53, Wordstraße, Altendorf, Stadtbezirk III, Essen, Nordrhein-Westfalen, 45143, Deutschland",51.46521615,6.979341869613585,,
haus,Steinbrink,6,,Bochold,Steinbrink,"6, Steinbrink, Bochold, Stadtbezirk IV, Essen, Nordrhein-Westfalen, 45355, Deutschland",51.4711868,6.963047331555457,,
haus,Bocholder Straße,237,,Bochold; Borbeck-Mitte,Bocholder Straße,"237, Bocholder Straße, Bochold, Stadtbezirk IV, Essen, Nordrhein-Westfalen, 45356, Deutschland",51.474852,6.970894264011671,,
haus,Ursulastraße,35,,Rüttenscheid,Ursulastraße,"35, Ursulastraße, Rüttenscheid, Stadtbezirk II, Essen, Nordrhein-Westfalen, 45131, Deutschland",51.4277803,7.0048967310028765,,
haus,Wattenscheider Str.,47,b,Kray; Leithe,Wattenscheider Straße,"47, Wattenscheider Straße, Leithe, Stadtbezirk VII, Essen, Nordrhein-Westfalen, 45307, Deutschland",51.4625117,7.088232199079139,,
haus,Jüngstallee,13,,Stadtwald,Jüngstallee,"13, Jüngstallee, Stadtwald, Stadtbezirk II, Essen, Nordrhein-Westfalen, 45133, Deutschland",51.426075999999995,7.014737362205884,,
haus,Hopfenstr.,59,,Schonnebeck,Hopfenstraße,"59, Hopfenstraße, Schönebeck, Stadtbezirk IV, Essen, Nordrhein-Westfalen, 45359, Deutschland",51.45957455,6.956321549668923,,
haus,Bertramstr.,50,,Karnap,Bertramstraße,"50, Bertramstraße, Karnap, Stadtbezirk V, Essen, Nordrhein-Westfalen, 45329, Deutschland",51.5227433,7.005332072369324,,
haus,Hatzper Str.,131,,Bredeney; Haarzopf; Margaretenhöhe; Schuir,Hatzper Straße,"131, Hatzper Straße, Haarzopf, Stadtbezirk III, Essen, Nordrhein-Westfalen, 45149, Deutschland",51.4177453,6.9659237048015905,,
haus,Wachtstr.,16,,Borbeck-Mitte,Wachtstraße,"16, Wachtstraße, Borbeck-Mitte, Stadtbezirk IV, Essen, Nordrhein-Westfalen, 45355, Deutschland",51.4783795,6.945267816019703,,
haus,Hatzper Straße,183,,Bredeney; Haarzopf; Margaretenhöhe; Schuir,Hatzper Straße,"183, Hatzper Straße, Haarzopf, Stadtbezirk III, Essen, Nordrhein-Westfalen, 45149, Deutschland",51.41966515,6.959223304489541,,
haus,Lydiastraße,9,,Rüttenscheid,Lydiastraße,"9, Lydiastraße, Rüttenscheid, Stadtbezirk II, Essen, Nordrhein-Westfalen, 45131, Deutschland",51.42571425,7.003086126286384,,
haus,Pookweg,13,,Bochold,Pookweg,"13, Pookweg, Bochold, Stadtbezirk IV, Essen, Nordrhein-Westfalen, 45355, Deutschland",51.47261255,6.966380592007115,,
haus,Goebenstr.,18,,Südostviertel,Goebenstraße,"18, Goebenstraße, Südostviertel, Stadtbezirk I, Essen, Nordrhein-Westfalen, 45139, Deutschland",51.454097399999995,7.032574857368418,,
haus,Elsaßstr.,44,,Heisingen,Elsaßstraße,"44, Elsaßstraße, Heisingen, Stadtbezirk VIII, Essen, Nordrhein-Westfalen, 45259, Deutschland",51.41295555,7.05896374588036,,
haus,Justusstr.,11,,Rüttenscheid,Joseph-Lenné-Straße,"11, Joseph-Lenné-Straße, Rüttenscheid, Stadtbezirk II, Essen, Nordrhein-Westfalen, 45131, Deutschland",51.428129,7.0012837357988165,,
haus,Kampstr.,24,,Bochold,Kampstraße,"24, Kampstraße, Bochold, Stadtbezirk IV, Essen, Nordrhein-Westfalen, 45355, Deutschland",51.464660499999994,6.957065623700808,,
haus,Gerscheder Str.,131,,Gerschede,Gerscheder Straße,"131, Gerscheder Straße, Gerschede, Stadtbezirk IV, Essen, Nordrhein-Westfalen, 45357, Deutschland",51.48112355,6.932108816450226,,
haus,Körnerstr.,13,,Altendorf,Körnerstraße,"13, Körnerstraße, Altendorf, Stadtbezirk III, Essen, Nordrhein-Westfalen, 45143, Deutschland",51.45774475,6.975310640537998,,
haus,Mintropstraße,43,,Werden; Heidhausen,Mintropstraße,"43, Mintropstraße, Werden, Stadtbezirk IX, Essen, Nordrhein-Westfalen, 45239, Deutschland",51.3867362,7.011234459087808,,
haus,Krayer Straße,272,a,Kray; Steele,Krayer Straße,"272a, Krayer Straße, Kray, Stadtbezirk VII, Essen, Nordrhein-Westfalen, 45307, Deutschland",51.468691,7.0820340636955885,,
haus,Ernastraße,19,,Rüttenscheid,Ernastraße,"19, Ernastraße, Witteringsfeld, Rüttenscheid, Stadtbezirk II, Essen, Nordrhein-Westfalen, 45130, Deutschland",51.4403832,7.013265917592593,,
haus,Neustr.,157,,Borbeck-Mitte; Bergeborbeck,Neustraße,"157, Neustraße, Borbeck-Mitte, Stadtbezirk IV, Essen, Nordrhein-Westfalen, 45355, Deutschland",51.4819982,6.955154192769058,,
haus,Kordulastr.,6,,Rüttenscheid,Kordulastraße,"6, Kordulastraße, Rüttenscheid, Stadtbezirk II, Essen, Nordrhein-Westfalen, 45131, Deutschland",51.432036800000006,7.006729250372051,,
haus,Höhenweg,60,,Frintrop,Höhenweg,"60, Höhenweg, Frintrop, Stadtbezirk IV, Essen, Nordrhein-Westfalen, 45359, Deutschland",51.4807915,6.9091844,,
haus,Steubenstr.,68,,Südostviertel,Steubenstraße,"68, Steubenstraße, Südostviertel, Stadtbezirk I, Essen, Nordrhein-Westfalen, 45138, Deutschland",51.448347749999996,7.028416591572618,,
haus,Dahlhauser Str.,42,,Horst,Dahlhauser Straße,"42, Dahlhauser Straße, Horst, Stadtbezirk VII, Essen, Nordrhein-Westfalen, 45279, Deutschland",51.443511599999994,7.088420653411877,,
haus,Frillendorfer Str.,44,,Ostviertel; Frillendorf,Frillendorfer Straße,"44, Frillendorfer Straße, Ostviertel, Stadtbezirk I, Essen, Nordrhein-Westfalen, 45139, Deutschland",51.45880165,7.029932680273019,,
haus,Bergmühle,20,,Bochold,Bergmühle,"20, Bergmühle, Bochold, Stadtbezirk IV, Essen, Nordrhein-Westfalen, 45356, Deutschland",51.47374375,6.974803631250765,,
haus,Alt-Steele,12,,Steele,Im Kirchspiel,"12, Im Kirchspiel, Steele, Stadtbezirk VII, Essen, Nordrhein-Westfalen, 45276, Deutschland",51.4477744,7.0747050263811,,
haus,Nootstr.,7,,Altenessen-Süd,Nootstraße,"7, Nootstraße, Großenbruch, Altenessen-Süd, Altenessen, Stadtbezirk V, Essen, Nordrhein-Westfalen, 45326, Deutschland",51.478160900000006,7.007499690561538,,
haus,Haus-Berge-Straße,232,,Altendorf; Bochold,Haus-Berge-Straße,"232, Haus-Berge-Straße, Bochold, Stadtbezirk IV, Essen, Nordrhein-Westfalen, 45356, Deutschland",51.4793893,6.976514005740808,,
haus,Rembrandtstraße,22,,Holsterhausen,Rembrandtstraße,"22, Rembrandtstraße, Holsterhausen, Stadtbezirk III, Essen, Nordrhein-Westfalen, 45147, Deutschland",51.43898625,6.987147106575181,,
haus,Bruchstr.,36,,Stoppenberg,Bruchstraße,"36, Bruchstraße, Stoppenberg, Stadtbezirk VI, Essen, Nordrhein-Westfalen, 45327, Deutschland",51.4948502,7.0285270053633235,,
haus,Hektorstr.,21,,Rüttenscheid,Hektorstraße,"21, Hektorstraße, Rüttenscheid, Stadtbezirk II, Essen, Nordrhein-Westfalen, 45131, Deutschland",51.4276842,7.001815786856456,,
haus,Weithönerstr.,133,,Borbeck-Mitte; Dellwig; Gerschede,Levinstraße,"133, Levinstraße, Gerschede, Stadtbezirk IV, Essen, Nordrhein-Westfalen, 45356, Deutschland",51.49312745,6.9427845670638515,,
haus,Kruppstr.,99,,Holsterhausen; Südviertel,Kruppstraße,"99, Kruppstraße, Holsterhausen, Stadtbezirk III, Essen, Nordrhein-Westfalen, 45147, Deutschland",51.446049450000004,6.995830220446516,,
haus,Schonnefeldstr.,111,,Altenessen-Süd,Schonnefeldstraße,"111, Schonnefeldstraße, Altenessen-Süd, Altenessen, Stadtbezirk V, Essen, Nordrhein-Westfalen, 45326, Deutschland",51.4888764,6.999899527648868,,
haus,Brachtstr.,6,,Bredeney,Brachtstraße,"6, Brachtstraße, Bredeney, Stadtbezirk IX, Essen, Nordrhein-Westfalen, 45133, Deutschland",51.41792025,6.996279843879057,,
haus,Forsthausstr.,65,,Stadtwald,Forsthausstraße,"65, Forsthausstraße, Stadtwald, Stadtbezirk II, Essen, Nordrhein-Westfalen, 45134, Deutschland",51.41950955,7.0393420351634575,,
haus,Heißener Str.,26,,Borbeck-Mitte,Heißener Weg,"26, Heißener Weg, Borbeck-Mitte, Stadtbezirk IV, Essen, Nordrhein-Westfalen, 45355, Deutschland",51.464657349999996,6.943882191939892,,
haus,Silberbankstraße,42,,Rellinghausen,Silberbankstraße,"42, Silberbankstraße, Rellinghausen, Stadtbezirk II, Essen, Nordrhein-Westfalen, 45134, Deutschland",51.42540325,7.0506078241809025,,
haus,Bismarckstraße,13,,Südviertel,Bismarckstraße,"Pizzeria Mailand, 13, Bismarckstraße, Sternviertel, Südviertel, Stadtbezirk I, Essen, Nordrhein-Westfalen, 45128, Deutschland",51.4481806,7.0074239,,
haus,Bocholder Str.,86,,Bochold; Borbeck-Mitte,Bocholder Straße,"86, Bocholder Straße, Bochold, Stadtbezirk IV, Essen, Nordrhein-Westfalen, 45355, Deutschland",51.4678236,6.955683056426766,,
haus,Vogelheimer Straße,132,,Vogelheim; Altenessen-Nord; Altenessen-Süd,Vogelheimer Straße,"132, Vogelheimer Straße, Vogelheim, Stadtbezirk V, Essen, Nordrhein-Westfalen, 45329, Deutschland",51.49255465,6.996133491886102,,
haus,Stemmeringstr.,40,,Heisingen,Stemmering,"40, Stemmering, Heisingen, Stadtbezirk VIII, Essen, Nordrhein-Westfalen, 45259, Deutschland",51.399311850000004,7.059753908088863,,
haus,Schinkelstr.,57,,Südostviertel; Huttrop,Schinkelstraße,"57, Schinkelstraße, Huttrop, Stadtbezirk I, Essen, Nordrhein-Westfalen, 45136, Deutschland",51.44287645,7.027597096487603,,
haus,Pilotystr.,67,,Holsterhausen,Pilotystraße,"67, Pilotystraße, Holsterhausen, Stadtbezirk III, Essen, Nordrhein-Westfalen, 45147, Deutschland",51.4369992,6.979251377267101,,
haus,Limbecker Straße,59,,Stadtkern,Limbecker Straße,"TK Maxx, 59, Limbecker Straße, Stadtkern, Stadtbezirk I, Essen, Nordrhein-Westfalen, 45127, Deutschland",51.4577041,7.0084405,,
haus,Beulestr.,1,,Horst,Beulestraße,"1, Beulestraße, Horst, Stadtbezirk VII, Essen, Nordrhein-Westfalen, 45279, Deutschland",51.431394100000006,7.099107870413309,,
haus,Katernberger Straße,114,,Altenessen-Süd,Palmbuschweg,"114, Palmbuschweg, Altenessen-Süd, Altenessen, Stadtbezirk V, Essen, Nordrhein-Westfalen, 45326, Deutschland",51.48742755,7.017819058000551,,
haus,Goldfinkstr.,15,,Stadtwald,Goldfinkstraße,"15, Goldfinkstraße, Stadtwald, Stadtbezirk II, Essen, Nordrhein-Westfalen, 45134, Deutschland",51.4179106,7.025900789131784,,
haus,Germaniastr.,140,a,Bochold; Borbeck-Mitte,Germaniastraße,"140, Germaniastraße, Bochold, Stadtbezirk IV, Essen, Nordrhein-Westfalen, 45355, Deutschland",51.4750835,6.96172536055318,,
haus,Am Zehnthof,5,,Frillendorf; Kray,Am Zehnthof,"5, Am Zehnthof, Frillendorf, Stadtbezirk I, Essen, Nordrhein-Westfalen, 45139, Deutschland",51.459123399999996,7.05246640089679,,
haus,Camphausenstr.,50,,Holsterhausen,Camphausenstraße,"50, Camphausenstraße, Holsterhausen, Stadtbezirk III, Essen, Nordrhein-Westfalen, 45147, Deutschland",51.4396943,6.984487610967501,,
haus,Altendorfer Str.,51,,Horst,Horster Straße,"51, Horster Straße, Horst, Stadtbezirk VII, Essen, Nordrhein-Westfalen, 45279, Deutschland",51.43137295,7.098907049273962,,
haus,Simsonstr.,74,,Holsterhausen,Simsonstraße,"74, Simsonstraße, Holsterhausen, Stadtbezirk III, Essen, Nordrhein-Westfalen, 45147, Deutschland",51.44180455,6.9887961008341755,,
haus,Tiegelstr.,39,,Nordviertel,Tiegelstraße,"39, Tiegelstraße, Segeroth, Nordviertel, Stadtbezirk I, Essen, Nordrhein-Westfalen, 45141, Deutschland",51.46685855,7.006349653156201,,
haus,Schulzstraße,9,,Steele,Poschfüerhöhe,"9, Poschfüerhöhe, Steele, Stadtbezirk VII, Essen, Nordrhein-Westfalen, 45276, Deutschland",51.445942349999996,7.068605124082774,,
haus,Weidkamp,232,,Borbeck-Mitte; Bergeborbeck,Weidkamp,"232, Weidkamp, Bergeborbeck, Stadtbezirk IV, Essen, Nordrhein-Westfalen, 45356, Deutschland",51.48945115,6.953308968315263,,
haus,Brahmkampstr.,22,,Frohnhausen; Holsterhausen,Bramkampstraße,"22, Bramkampstraße, Wickenburgsiedlung, Frohnhausen, Stadtbezirk III, Essen, Nordrhein-Westfalen, 45147, Deutschland",51.440326999999996,6.973693809735457,,
haus,Ruhrtalstr.,69,,Kettwig; Werden,Ruhrtalstraße,"69, Ruhrtalstraße, Werden, Stadtbezirk IX, Essen, Nordrhein-Westfalen, 45239, Deutschland",51.382414600000004,6.988003748941338,,
haus,Am Freistein,50,,Nordviertel,Am Freistein,"50, Am Freistein, Eltingviertel, Nordviertel, Stadtbezirk I, Essen, Nordrhein-Westfalen, 45141, Deutschland",51.467102600000004,7.021469178724741,,
haus,Sibyllastr.,20,,Rüttenscheid,Sibyllastraße,"20, Sibyllastraße, Rüttenscheid, Stadtbezirk II, Essen, Nordrhein-Westfalen, 45136, Deutschland",51.43820055,7.024261364834095,,
haus,Theobaldstr.,42,,Katernberg,Theobaldstraße,"42, Theobaldstraße, Katernberg, Stadtbezirk VI, Essen, Nordrhein-Westfalen, 45327, Deutschland",51.496704,7.041214337651397,,
haus,Dachsfeld,14,,Dellwig,Dachsfeld,"14, Dachsfeld, Dellwig, Stadtbezirk IV, Essen, Nordrhein-Westfalen, 45357, Deutschland",51.4844866,6.931115305959598,,
haus,Steinhausenstraße,14,,Holsterhausen,Steinhausenstraße,"14, Steinhausenstraße, Holsterhausen, Stadtbezirk III, Essen, Nordrhein-Westfalen, 45147, Deutschland",51.43933965,6.985988872177657,,
haus,Dellwiger Straße,69,,Dellwig; Frintrop,Dellwiger Straße,"69, Dellwiger Straße, Dellwig, Stadtbezirk IV, Essen, Nordrhein-Westfalen, 45357, Deutschland",51.48696885,6.914508341288771,,
haus,Johannisstr.,3,,Nordviertel,Johannisstraße,"3, Johannisstraße, Segeroth, Nordviertel, Stadtbezirk I, Essen, Nordrhein-Westfalen, 45141, Deutschland",51.4647905,6.998130857664011,,
haus,Michaelstr.,8,,Südostviertel,Michaelstraße,"8, Michaelstraße, Südostviertel, Stadtbezirk I, Essen, Nordrhein-Westfalen, 45138, Deutschland",51.4490691,7.022989093781224,,
haus,Alfredstr.,250,,Rüttenscheid; Bredeney,Alfredstraße,"250, Alfredstraße, Bredeney, Stadtbezirk IX, Essen, Nordrhein-Westfalen, 45133, Deutschland",51.42168695,6.998324528519021,,
haus,Dellwiger Straße,63,,Dellwig; Frintrop,Dellwiger Straße,"63, Dellwiger Straße, Dellwig, Stadtbezirk IV, Essen, Nordrhein-Westfalen, 45357, Deutschland",51.4870373,6.915250315964045,,
haus,Am Gellenberg,10,,Heidhausen,Am Gellenberg,"10, Am Gellenberg, Heidhausen, Stadtbezirk IX, Essen, Nordrhein-Westfalen, 45239, Deutschland",51.36459245,6.9953100451231265,,
haus,Ahornstraße,15,,Stadtwald,Ahornstraße,"15, Ahornstraße, Stadtwald, Stadtbezirk II, Essen, Nordrhein-Westfalen, 45134, Deutschland",51.4217948,7.0244148687169305,,
haus,Thiesstr.,34,,Altenessen-Nord,Thiesstraße,"34, Thiesstraße, Altenessen-Nord, Stadtbezirk V, Essen, Nordrhein-Westfalen, 45329, Deutschland",51.506779949999995,7.004747286568476,,
haus,Schulstr.,16,,Kray; Schonnebeck,Joachimstraße,"16, Joachimstraße, Kray, Stadtbezirk VII, Essen, Nordrhein-Westfalen, 45307, Deutschland",51.46728715,7.079373149958242,,
haus,Twentmannstraße,100,,Altenessen-Süd; Stoppenberg,Twentmannstraße,"100, Twentmannstraße, Altenessen-Süd, Stoppenberg, Stadtbezirk VI, Essen, Nordrhein-Westfalen, 45141, Deutschland",51.4809744,7.021981658870968,,
haus,Kolibristr.,10,,Kray,Kolibristraße,"10, Kolibristraße, Kray, Stadtbezirk VII, Essen, Nordrhein-Westfalen, 45309, Deutschland",51.48217425,7.078962599461516,,
haus,Rabenhorst,73,,Bedingrade; Borbeck-Mitte,Rabenhorst,"73, Rabenhorst, Borbeck-Mitte, Stadtbezirk IV, Essen, Nordrhein-Westfalen, 45355, Deutschland",51.467883799999996,6.933519189080178,,
haus,Hiegemannsgasse,2,,Horst,Hiegemannsgasse,"2, Hiegemannsgasse, Horst, Stadtbezirk VII, Essen, Nordrhein-Westfalen, 45279, Deutschland",51.438132100000004,7.09929784040718,,
haus,Phönixberg,23,,Kupferdreh,Phönixberg,"23, Phönixberg, Dilldorfer Höhe, Kupferdreh, Stadtbezirk VIII, Essen, Nordrhein-Westfalen, 45257, Deutschland",51.3863894,7.077645477203388,,
haus,Krefelder Str.,35,,Frohnhausen,Krefelder Straße,"35, Krefelder Straße, Frohnhausen, Stadtbezirk III, Essen, Nordrhein-Westfalen, 45145, Deutschland",51.44829435,6.970906811466804,,
haus,Oberstr.,25,,Rellinghausen; Stadtwald,Oberstraße,"25, Oberstraße, Rellinghausen, Stadtbezirk II, Essen, Nordrhein-Westfalen, 45134, Deutschland",51.4245436,7.041562051928286,,
haus,Mövenstr.,13,,Borbeck-Mitte,Mövenstraße,"13, Mövenstraße, Borbeck-Mitte, Stadtbezirk IV, Essen, Nordrhein-Westfalen, 45355, Deutschland",51.4819804,6.945454969371834,,
haus,Fürstäbtissinstr.,80,,Borbeck-Mitte,Fürstäbtissinstraße,"80, Fürstäbtissinstraße, Borbeck-Mitte, Stadtbezirk IV, Essen, Nordrhein-Westfalen, 45355, Deutschland",51.470596900000004,6.942044855551507,,
haus,Krayer Str.,229,,Kray; Steele,Krayer Straße,"229, Krayer Straße, Kray, Stadtbezirk VII, Essen, Nordrhein-Westfalen, 45307, Deutschland",51.467006049999995,7.080289756306309,,
haus,Möllhoven,114,a,Bedingrade; Borbeck-Mitte,Möllhoven,"114a, Möllhoven, Bedingrade, Stadtbezirk IV, Essen, Nordrhein-Westfalen, 45357, Deutschland",51.474043300000005,6.930148389361312,,
haus,Friedbergstr.,69,,Holsterhausen,Friedbergstraße,"69, Friedbergstraße, Holsterhausen, Stadtbezirk III, Essen, Nordrhein-Westfalen, 45147, Deutschland",51.44363045,6.98837609541674,,
haus,Nöckersberg,10,,Byfang,Nöckersberg,"10, Nöckersberg, Byfang, Stadtbezirk VIII, Essen, Nordrhein-Westfalen, 45257, Deutschland",51.40417345,7.0860372142058825,,
haus,Helmholtzstraße,31,,Altendorf,Heinrich-Strunk-Straße,"31, Heinrich-Strunk-Straße, Altendorf, Stadtbezirk III, Essen, Nordrhein-Westfalen, 45143, Deutschland",51.459283549999995,6.975972671656655,,
haus,Gummertstraße,8,,Rüttenscheid,Gummertstraße,"8, Gummertstraße, Rüttenscheid, Stadtbezirk II, Essen, Nordrhein-Westfalen, 45131, Deutschland",51.427284400000005,7.003420654193335,,
haus,Steeler Str.,542,,Stadtkern; Ostviertel; Südostviertel; Huttrop; Steele,Steeler Straße,"542, Steeler Straße, Steele, Stadtbezirk VII, Essen, Nordrhein-Westfalen, 45276, Deutschland",51.4471966,7.064227829306795,,
haus,Altstr.,29,,Schonnebeck,Altstraße,"29, Altstraße, Schönebeck, Stadtbezirk IV, Essen, Nordrhein-Westfalen, 45359, Deutschland",51.461753099999996,6.941765641865317,,
haus,Obernitzstraße,10,,Südostviertel; Huttrop,Obernitzstraße,"10, Obernitzstraße, Südostviertel, Stadtbezirk I, Essen, Nordrhein-Westfalen, 45139, Deutschland",51.4549964,7.037805026769197,,
haus,Haus-Horl-Str.,74,,Dellwig; Gerschede,Haus-Horl-Straße,"74, Haus-Horl-Straße, Gerschede, Stadtbezirk IV, Essen, Nordrhein-Westfalen, 45357, Deutschland",51.49177535,6.941799580290354,,
haus,Ursulastr.,11,,Rüttenscheid,Ursulastraße,"11, Ursulastraße, Rüttenscheid, Stadtbezirk II, Essen, Nordrhein-Westfalen, 45131, Deutschland",51.4291353,7.0053045872612945,,
haus,Markt,6,,Werden,Werdener Markt,"6, Werdener Markt, Werden, Stadtbezirk IX, Essen, Nordrhein-Westfalen, 45239, Deutschland",51.38808965,7.002600474967897,,
haus,Silberbankstr.,53,,Rellinghausen,Silberbankstraße,"53, Silberbankstraße, Rellinghausen, Stadtbezirk II, Essen, Nordrhein-Westfalen, 45134, Deutschland",51.425226550000005,7.0521475347197615,,
haus,Scharpenhang,28,,Kupferdreh,Scharpenhang,"28, Scharpenhang, Kupferdreh, Stadtbezirk VIII, Essen, Nordrhein-Westfalen, 45257, Deutschland",51.3965182,7.0975004530660355,,
haus,Elfriedenstr.,11,,Rüttenscheid,Elfriedenstraße,"11, Elfriedenstraße, Witteringsfeld, Rüttenscheid, Stadtbezirk II, Essen, Nordrhein-Westfalen, 45130, Deutschland",51.43453035,7.008334124576071,,
haus,Gemarkenstraße,22,,Holsterhausen,Gemarkenstraße,"22, Gemarkenstraße, Holsterhausen, Stadtbezirk III, Essen, Nordrhein-Westfalen, 45147, Deutschland",51.4424998,6.999489864195841,,
haus,Adolf-Hitler-Str.,28,,Stadtkern,Kettwiger Straße,"28, Kettwiger Straße, Stadtkern, Stadtbezirk I, Essen, Nordrhein-Westfalen, 45127, Deutschland",51.4542827,7.013079521787149,,
haus,Wattenscheider Str.,75,,Kray; Leithe,Wattenscheider Straße,"75, Wattenscheider Straße, Leithe, Stadtbezirk VII, Essen, Nordrhein-Westfalen, 45307, Deutschland",51.4634162,7.091410913063311,,
haus,Ludgerusstr.,1,,Rüttenscheid,Wegenerstraße,"Sushi Haus, 1, Wegenerstraße, Rüttenscheid, Stadtbezirk II, Essen, Nordrhein-Westfalen, 45131, Deutschland",51.4322194,7.0035736,,
haus,Gottfried-Wilhelm-Straße,30,,Rellinghausen,Gottfried-Wilhelm-Straße,"30, Gottfried-Wilhelm-Straße, Rellinghausen, Stadtbezirk II, Essen, Nordrhein-Westfalen, 45134, Deutschland",51.42626905,7.0498874450262825,,
haus,Brigittastr.,10,a,Rüttenscheid,Brigittastraße,"10, Brigittastraße, Witteringsfeld, Rüttenscheid, Stadtbezirk II, Essen, Nordrhein-Westfalen, 45130, Deutschland",51.4404057,7.009916134600512,,
haus,Brandhövel,68,,Frillendorf,Brandhövel,"68, Brandhövel, Frillendorf, Stadtbezirk I, Essen, Nordrhein-Westfalen, 45139, Deutschland",51.4599309,7.051295021785713,,
haus,Humboldtstr.,43,,Fulerum; Haarzopf,Humboldtstraße,"43, Humboldtstraße, Fulerum, Stadtbezirk III, Essen, Nordrhein-Westfalen, 45149, Deutschland",51.4362617,6.957535080525635,,
haus,Paulstr.,9,,Nordviertel,Paulstraße,"9, Paulstraße, Segeroth, Nordviertel, Stadtbezirk I, Essen, Nordrhein-Westfalen, 45141, Deutschland",51.465830100000005,6.999041099451784,,
haus,Manfredstr.,10,,Rüttenscheid,Manfredstraße,"Maximilian, 10, Manfredstraße, Rüttenscheid, Stadtbezirk II, Essen, Nordrhein-Westfalen, 45131, Deutschland",51.42444815,7.0004789456512375,,
haus,Dreilindenstr.,78,,Südviertel,Dreilindenstraße,"78, Dreilindenstraße, Sternviertel, Südviertel, Stadtbezirk I, Essen, Nordrhein-Westfalen, 45128, Deutschland",51.44763175,7.008091091109112,,
haus,Werrastr.,7,,Bergerhausen,Werrastraße,"7, Werrastraße, Bergerhausen, Stadtbezirk II, Essen, Nordrhein-Westfalen, 45136, Deutschland",51.4373085,7.032531281069959,,
haus,Hatzper Str.,194,,Bredeney; Haarzopf; Margaretenhöhe; Schuir,Hatzper Straße,"194, Hatzper Straße, Haarzopf, Stadtbezirk III, Essen, Nordrhein-Westfalen, 45149, Deutschland",51.41906255,6.9632105593845,,
haus,Meerbruchstr.,82,,Katernberg,Meerbruchstraße,"82, Meerbruchstraße, Kolonie Hegemannshof, Katernberg, Stadtbezirk VI, Essen, Nordrhein-Westfalen, 45327, Deutschland",51.507248399999995,7.045405974973857,,
haus,Charlottenstraße,5,,Rüttenscheid,Dohmanns Kamp,"5, Dohmanns Kamp, Witteringsfeld, Rüttenscheid, Stadtbezirk II, Essen, Nordrhein-Westfalen, 45130, Deutschland",51.43925845,7.008123109333766,,
haus,Harkortstraße,45,,Holsterhausen,Harkortstraße,"45, Harkortstraße, Holsterhausen, Stadtbezirk III, Essen, Nordrhein-Westfalen, 45145, Deutschland",51.44889995,6.989436613490014,,
haus,Steeler Str.,526,,Stadtkern; Ostviertel; Südostviertel; Huttrop; Steele,Steeler Straße,"526, Steeler Straße, Steele, Stadtbezirk VII, Essen, Nordrhein-Westfalen, 45276, Deutschland",51.44670465,7.06351173647059,,
haus,Mainzer Str.,5,,Frohnhausen,Mainzer Straße,"5, Mainzer Straße, Frohnhausen, Stadtbezirk III, Essen, Nordrhein-Westfalen, 45145, Deutschland",51.4490931,6.976105533994069,,
haus,Heisinger Str.,30,,Stadtwald; Heisingen; Bredeney,Heisinger Straße,"30, Heisinger Straße, Stadtwald, Stadtbezirk II, Essen, Nordrhein-Westfalen, 45134, Deutschland",51.41711805,7.024398518939394,,
haus,Kaulbachstr,7,,Holsterhausen,Kaulbachstraße,"7, Kaulbachstraße, Holsterhausen, Stadtbezirk III, Essen, Nordrhein-Westfalen, 45147, Deutschland",51.437097,6.9866463377415,,
haus,Gußmannplatz,1,,Rüttenscheid,Gußmannplatz,"1, Gußmannplatz, Rüttenscheid, Stadtbezirk II, Essen, Nordrhein-Westfalen, 45131, Deutschland",51.42690865,7.002933695558054,,
haus,Schwanhildenstr.,24,,Stoppenberg,Schwanhildenstraße,"24, Schwanhildenstraße, Stoppenberg, Stadtbezirk VI, Essen, Nordrhein-Westfalen, 45141, Deutschland",51.4745139,7.038459431539712,,
haus,Richard-Wagner-Str.,32,,Südviertel; Rüttenscheid,Richard-Wagner-Straße,"32, Richard-Wagner-Straße, Sternviertel, Südviertel, Stadtbezirk I, Essen, Nordrhein-Westfalen, 45128, Deutschland",51.4432841,7.02220408153303,,
haus,Lennestr.,13,,Bergerhausen,Lennestraße,"13, Lennestraße, Bergerhausen, Stadtbezirk II, Essen, Nordrhein-Westfalen, 45136, Deutschland",51.436898850000006,7.04196173046673,,
haus,Von-der-Tann-Str.,23,,Südostviertel,Von-der-Tann-Straße,"23, Von-der-Tann-Straße, Südostviertel, Stadtbezirk I, Essen, Nordrhein-Westfalen, 45139, Deutschland",51.452850999999995,7.031460537004952,,
haus,Rellinghauser Str.,136,,Südviertel; Rüttenscheid; Huttrop; Bergerhausen; Rellinghausen,Rellinghauser Straße,"Stadtkrug, 136, Rellinghauser Straße, Sternviertel, Südviertel, Stadtbezirk I, Essen, Nordrhein-Westfalen, 45128, Deutschland",51.4416408,7.0191305,,
haus,Am Deimelsberg,5,,Steele,Am Deimelsberg,"5, Am Deimelsberg, Steele, Stadtbezirk VII, Essen, Nordrhein-Westfalen, 45276, Deutschland",51.44509745,7.059466361237767,,
haus,Frohnhauser Str.,141,,Stadtkern; Westviertel; Holsterhausen; Frohnhausen,Frohnhauser Straße,"141, Frohnhauser Straße, Holsterhausen, Stadtbezirk III, Essen, Nordrhein-Westfalen, 45144, Deutschland",51.45005275,6.9856817774837445,,
haus,Münstersteinbruch,11,,Holsterhausen,Münstersteinbruch,"11, Münstersteinbruch, Holsterhausen, Stadtbezirk III, Essen, Nordrhein-Westfalen, 45147, Deutschland",51.4445334,6.991177884744834,,
haus,Dortmunder Straße,9,,Kray,Dorstfelder Straße,"9, Dorstfelder Straße, Kray, Stadtbezirk VII, Essen, Nordrhein-Westfalen, 45307, Deutschland",51.4647018,7.065991488778235,,
haus,Hochstraße,28,a,Steele,Hochstraße,"28, Hochstraße, Steele, Stadtbezirk VII, Essen, Nordrhein-Westfalen, 45276, Deutschland",51.455277949999996,7.074746423212342,,
haus,Feuerbachstr.,12,,Holsterhausen,Feuerbachstraße,"12, Feuerbachstraße, Holsterhausen, Stadtbezirk III, Essen, Nordrhein-Westfalen, 45147, Deutschland",51.44276835,6.996939920879672,,
haus,Eintrachtstr.,3,,Südostviertel,Eintrachtstraße,"3, Eintrachtstraße, Südostviertel, Stadtbezirk I, Essen, Nordrhein-Westfalen, 45139, Deutschland",51.455643949999995,7.0372658849507514,,
haus,Kämpenstraße,22,,Frohnhausen; Holsterhausen,Kämpenstraße,"22, Kämpenstraße, Frohnhausen, Stadtbezirk III, Essen, Nordrhein-Westfalen, 45147, Deutschland",51.44312295,6.976678634090904,,
haus,Sommerburgstr.,48,a,Margaretenhöhe,Sommerburgstraße,"48, Sommerburgstraße, Margarethenhöhe, Stadtbezirk III, Essen, Nordrhein-Westfalen, 45149, Deutschland",51.4305848,6.972980050370017,,
haus,Hubertstr.,106,,Frillendorf; Kray,Hubertstraße,"106, Hubertstraße, Frillendorf, Stadtbezirk I, Essen, Nordrhein-Westfalen, 45139, Deutschland",51.46663435,7.057311769784705,,
haus,Fürstäbtissinstr.,68,,Borbeck-Mitte,Fürstäbtissinstraße,"68, Fürstäbtissinstraße, Borbeck-Mitte, Stadtbezirk IV, Essen, Nordrhein-Westfalen, 45355, Deutschland",51.47091285,6.943209605040556,,
haus,Haus-Berge-Str.,214,,Altendorf; Bochold,Haus-Berge-Straße,"Fun-Games, 214, Haus-Berge-Straße, Bochold, Stadtbezirk IV, Essen, Nordrhein-Westfalen, 45356, Deutschland",51.4783289,6.9775212,,
haus,Keplerstr.,24,,Holsterhausen,Keplerstraße,"24, Keplerstraße, Holsterhausen, Stadtbezirk III, Essen, Nordrhein-Westfalen, 45147, Deutschland",51.4415967,6.988320510149711,,
haus,Seminarstraße,13,,Huttrop,Seminarstraße,"Direktorenvilla, 13, Seminarstraße, Huttrop, Stadtbezirk I, Essen, Nordrhein-Westfalen, 45138, Deutschland",51.4449565,7.045015019324358,,
haus,Frintroper Str.,384,,Frintrop; Bedingrade; Schonnebeck; Borbeck-Mitte,Frintroper Straße,"384, Frintroper Straße, Bedingrade, Stadtbezirk IV, Essen, Nordrhein-Westfalen, 45359, Deutschland",51.4729361,6.91747944850102,,
haus,Steinstr.,49,,Südviertel,Steinstraße,"49, Steinstraße, Sternviertel, Südviertel, Stadtbezirk I, Essen, Nordrhein-Westfalen, 45128, Deutschland",51.44747755,7.018508665936077,,
haus,Hauptstr.,170,,Kupferdreh,Kupferdreher Straße,"Design Lab KU 170, 170, Kupferdreher Straße, Kupferdreh, Stadtbezirk VIII, Essen, Nordrhein-Westfalen, 45257, Deutschland",51.3905745,7.0827065,,
haus,Hatzper Str.,171,,Bredeney; Haarzopf; Margaretenhöhe; Schuir,Hatzper Straße,"171, Hatzper Straße, Haarzopf, Stadtbezirk III, Essen, Nordrhein-Westfalen, 45149, Deutschland",51.4190209,6.961526008490567,,
haus,Woldrüggen,22,,Kray; Steele,Woldrüggen,"22, Woldrüggen, Kray, Stadtbezirk VII, Essen, Nordrhein-Westfalen, 45307, Deutschland",51.45430705,7.072489972796443,,
haus,Hohe Warte,36,a,Holsterhausen,Hohe Warte,"36, Hohe Warte, Holsterhausen, Stadtbezirk III, Essen, Nordrhein-Westfalen, 45147, Deutschland",51.4375051,6.976388179189785,,
haus,Heisinger Str.,14,,Stadtwald; Heisingen; Bredeney,Heisinger Straße,"Beauté Sensuelle, 14, Heisinger Straße, Stadtwald, Stadtbezirk II, Essen, Nordrhein-Westfalen, 45134, Deutschland",51.4182362,7.0245528,,
haus,Frillendorfer Str.,87,,Ostviertel; Frillendorf,Frillendorfer Straße,"87, Frillendorfer Straße, Ostviertel, Stadtbezirk I, Essen, Nordrhein-Westfalen, 45139, Deutschland",51.45920905,7.031765700872617,,
haus,Buchenkamp,5,,Stoppenberg,Buchenkamp,"5, Buchenkamp, Stoppenberg, Stadtbezirk VI, Essen, Nordrhein-Westfalen, 45141, Deutschland",51.4751332,7.041462999759844,,
haus,Buddestr.,9,,Altendorf,Buddestraße,"9, Buddestraße, Altendorf, Stadtbezirk III, Essen, Nordrhein-Westfalen, 45143, Deutschland",51.45593205,6.981140700387709,,
haus,Gladbecker Str.,283,,Stadtkern; Nordviertel; Altenessen-Süd; Altenessen-Nord; Vogelheim; Karnap,Gladbecker Straße,"283, Gladbecker Straße, Großenbruch, Altenessen-Süd, Altenessen, Stadtbezirk V, Essen, Nordrhein-Westfalen, 45326, Deutschland",51.4796099,7.002608908269775,,
haus,Harscheidweg,45,,Fulerum; Haarzopf,Harscheidweg,"45, Harscheidweg, Haarzopf, Stadtbezirk III, Essen, Nordrhein-Westfalen, 45149, Deutschland",51.423536600000006,6.955182455008246,,
haus,Lentorfstraße,80,,Leithe,Lentorfstraße,"80, Lentorfstraße, Leithe, Stadtbezirk VII, Essen, Nordrhein-Westfalen, 45307, Deutschland",51.470775599999996,7.099465617847603,,
haus,Borbecker Str.,231,f,Borbeck-Mitte; Bochold,Borbecker Straße,"231, Borbecker Straße, Borbeck-Mitte, Stadtbezirk IV, Essen, Nordrhein-Westfalen, 45355, Deutschland",51.467319200000006,6.9454560338704905,,
haus,Alfredstraße,42,,Rüttenscheid; Bredeney,Alfredstraße,"42, Alfredstraße, Witteringsfeld, Rüttenscheid, Stadtbezirk II, Essen, Nordrhein-Westfalen, 45130, Deutschland",51.43808335,7.002845402908049,,
haus,Neuessener Str.,26,,Altenessen-Nord,Neuessener Straße,"26, Neuessener Straße, Altenessen-Nord, Altenessen, Stadtbezirk V, Essen, Nordrhein-Westfalen, 45329, Deutschland",51.50401635,7.00498891393401,,
haus,Lohstr.,62,,Stoppenberg,Arendahls Wiese,"62, Arendahls Wiese, Stoppenberg, Stadtbezirk VI, Essen, Nordrhein-Westfalen, 45141, Deutschland",51.48237935,7.030677356086071,,
haus,Drehscheibe,52,,Überruhr-Hinsel,Drehscheibe,"52, Drehscheibe, Überruhr-Hinsel, Stadtbezirk VIII, Essen, Nordrhein-Westfalen, 45277, Deutschland",51.4366241,7.0824544963437,,
haus,Alfredstr.,181,,Rüttenscheid; Bredeney,Alfredstraße,"181, Alfredstraße, Rüttenscheid, Stadtbezirk II, Essen, Nordrhein-Westfalen, 45131, Deutschland",51.427827300000004,7.000718963808872,,
haus,Langeheide,9,,Heidhausen,Langeheide,"9, Langeheide, Heidhausen, Stadtbezirk IX, Essen, Nordrhein-Westfalen, 45239, Deutschland",51.3721376,6.999370864166664,,
haus,Werneraue,19,,Horst,Werneraue,"19, Werneraue, Horst, Stadtbezirk VII, Essen, Nordrhein-Westfalen, 45279, Deutschland",51.441605749999994,7.089395442274501,,
haus,Sellscheidt,20,,Fischlaken,Sellscheidt,"20, Sellscheidt, Fischlaken, Stadtbezirk IX, Essen, Nordrhein-Westfalen, 45257, Deutschland",51.38495735,7.065499779402778,,
haus,Provinzialstraße,88,,Katernberg; Schonnebeck; Stoppenberg,Gelsenkirchener Straße,"88, Gelsenkirchener Straße, Stoppenberg, Stadtbezirk VI, Essen, Nordrhein-Westfalen, 45141, Deutschland",51.480916300000004,7.041723028977938,,
haus,Lindenbecker Str.,95,,Werden,Huffmannstraße,"95, Huffmannstraße, Werden, Stadtbezirk IX, Essen, Nordrhein-Westfalen, 45239, Deutschland",51.397194299999995,7.009689074548968,,
haus,Schuirweg,13,,Schuir; Werden,Schuirweg,"13, Schuirweg, Werden, Stadtbezirk IX, Essen, Nordrhein-Westfalen, 45239, Deutschland",51.382417700000005,6.980380108744043,,
haus,Heisinger Str.,433,,Stadtwald; Heisingen; Bredeney,Heisinger Straße,"433, Heisinger Straße, Heisingen, Stadtbezirk VIII, Essen, Nordrhein-Westfalen, 45259, Deutschland",51.40695825,7.062084034362128,,
haus,Riesweg,77,,Stadtwald; Rellinghausen,Riesweg,"77, Riesweg, Stadtwald, Stadtbezirk II, Essen, Nordrhein-Westfalen, 45134, Deutschland",51.42065715,7.036535739981845,,
haus,Kötterstr.,31,,Altendorf,Kötterstraße,"31, Kötterstraße, Altendorf, Stadtbezirk III, Essen, Nordrhein-Westfalen, 45143, Deutschland",51.46318395,6.971363256243224,,
haus,Dahlhauser Str.,58,,Horst,Dahlhauser Straße,"58, Dahlhauser Straße, Horst, Stadtbezirk VII, Essen, Nordrhein-Westfalen, 45279, Deutschland",51.4421784,7.090274650760953,,
haus,Waldemey,6,,Karnap,Waldemey,"6, Waldemey, Karnap, Stadtbezirk V, Essen, Nordrhein-Westfalen, 45329, Deutschland",51.51522145,7.0061067306091385,,
haus,Bonifaciusstraße,46,,Schonnebeck; Kray,Bonifaciusstraße,"46, Bonifaciusstraße, Schonnebeck, Stadtbezirk VI, Essen, Nordrhein-Westfalen, 45309, Deutschland",51.4730151,7.0623236529134745,,
haus,Hermann-Göring-Str.,186,,Rüttenscheid; Südviertel,Rüttenscheider Straße,"186, Rüttenscheider Straße, Rüttenscheid, Stadtbezirk II, Essen, Nordrhein-Westfalen, 45131, Deutschland",51.427863200000004,7.002571577198672,,
haus,Liebigstr.,8,a,Frohnhausen; Holsterhausen,Liebigstraße,"8a, Liebigstraße, Frohnhausen, Stadtbezirk III, Essen, Nordrhein-Westfalen, 45145, Deutschland",51.44862265,6.981636896267897,,
haus,Hardenbergufer,121,,Werden; Fischlaken; Kupferdreh,Hardenbergufer,"LUJO, 121, Hardenbergufer, Werden, Stadtbezirk IX, Essen, Nordrhein-Westfalen, 45239, Deutschland",51.3992954,7.0087922,,
haus,Hofstr.,8,,Horst,Beulenhof,"8, Beulenhof, Horst, Stadtbezirk VII, Essen, Nordrhein-Westfalen, 45279, Deutschland",51.43084945,7.1003905715208635,,
haus,Frohnhauser Str.,266,,Stadtkern; Westviertel; Holsterhausen; Frohnhausen,Frohnhauser Straße,"Zeppelin-Apotheke, 266, Frohnhauser Straße, Frohnhausen, Stadtbezirk III, Essen, Nordrhein-Westfalen, 45144, Deutschland",51.4497767,6.972929,,
haus,Kuckucksrain,46,,Rellinghausen; Stadtwald,Kuckucksrain,"46, Kuckucksrain, Stadtwald, Stadtbezirk II, Essen, Nordrhein-Westfalen, 45134, Deutschland",51.422378800000004,7.040556395612813,,
haus,Riemannstr.,8,,Altendorf,Riemannstraße,"8, Riemannstraße, Kleinhaussiedlung Altendorf, Altendorf, Stadtbezirk III, Essen, Nordrhein-Westfalen, 45143, Deutschland",51.45940745,6.963768697971806,,
haus,Schloßstr.,294,,Borbeck-Mitte; Bedingrade; Frintrop,Schloßstraße,"294, Schloßstraße, Bedingrade, Stadtbezirk IV, Essen, Nordrhein-Westfalen, 45359, Deutschland",51.47302285000001,6.9228895463846385,,
haus,Hurterstraße,18,,Frohnhausen,Hurterstraße,"18, Hurterstraße, Frohnhausen, Stadtbezirk III, Essen, Nordrhein-Westfalen, 45144, Deutschland",51.4549983,6.971440939891055,,
haus,Ortrudstraße,8,,Rüttenscheid,Von-Einem-Straße,"8, Von-Einem-Straße, Witteringsfeld, Rüttenscheid, Stadtbezirk II, Essen, Nordrhein-Westfalen, 45130, Deutschland",51.4408243,7.019673444021915,,
haus,Frintroper Straße,422,,Frintrop; Bedingrade; Schonnebeck; Borbeck-Mitte,Frintroper Straße,"ALDI Nord, 422, Frintroper Straße, Frintrop, Stadtbezirk IV, Essen, Nordrhein-Westfalen, 45359, Deutschland",51.4750308,6.9142859,,
haus,Düsseldorfer Straße,5,,Frohnhausen,Düsseldorfer Straße,"5, Düsseldorfer Straße, Frohnhausen, Stadtbezirk III, Essen, Nordrhein-Westfalen, 45145, Deutschland",51.447347750000006,6.970315607229795,,
haus,Bonscheidter Straße,76,,Heisingen,Bonscheidter Straße,"76, Bonscheidter Straße, Heisingen, Stadtbezirk VIII, Essen, Nordrhein-Westfalen, 45259, Deutschland",51.3957441,7.06100209105794,,
strasse,Burgfeldstr.,7,,Westviertel,Burgfeldstraße,"Burgfeldstraße, Westviertel, Stadtbezirk I, Essen, Nordrhein-Westfalen, 45127, Deutschland",51.454406,7.0037683,,
strasse,Schederhofstr.,73,a,Holsterhausen; Südviertel; Westviertel,Schederhofstraße,"Schederhofstraße, Holsterhausen, Stadtbezirk III, Essen, Nordrhein-Westfalen, 45145, Deutschland",51.4524051,6.9882275,,
strasse,Borbecker Str.,137,,Borbeck-Mitte; Bochold,Borbecker Straße,"Borbecker Straße, Borbeck-Mitte, Stadtbezirk IV, Essen, Nordrhein-Westfalen, 45355, Deutschland",51.4718344,6.9511532,,
strasse,Altenbergstr.,15,,Nordviertel,Altenbergstraße,"Altenbergstraße, Eltingviertel, Nordviertel, Stadtbezirk I, Essen, Nordrhein-Westfalen, 45141, Deutschland",51.4701231,7.0127422,,
strasse,Klapperstraße,12,,Überruhr-Holthausen,Klapperstraße,"Klapperstraße, Überruhr-Holthausen, Stadtbezirk VIII, Essen, Nordrhein-Westfalen, 45277, Deutschland",51.4213178,7.0816902,,
strasse,Ottostr.,1,,Werden,Pattbergstraße,"Pattbergstraße, Werden, Stadtbezirk IX, Essen, Nordrhein-Westfalen, 45239, Deutschland",51.3897509,7.006828,,
strasse,Germaniastr.,127,,Bochold; Borbeck-Mitte,Germaniastraße,"Germaniastraße, Bochold, Stadtbezirk IV, Essen, Nordrhein-Westfalen, 45355, Deutschland",51.4757396,6.9639282,,
strasse,Oberdorfstr.,23,,Altendorf; Frohnhausen,Oberdorfstraße,"Oberdorfstraße, Altendorf, Stadtbezirk III, Essen, Nordrhein-Westfalen, 45143, Deutschland",51.4597885,6.979492,,
strasse,Provinzialstr.,65,,Katernberg; Schonnebeck; Stoppenberg,Gelsenkirchener Straße,"Gelsenkirchener Straße, Pestalozzidorf ""Im Grund"", Katernberg, Stadtbezirk VI, Essen, Nordrhein-Westfalen, 45327, Deutschland",51.488581,7.0490142,,
strasse,Langenbeckstraße,15,,Holsterhausen; Rüttenscheid,Langenbeckstraße,"Langenbeckstraße, Rüttenscheid, Stadtbezirk II, Essen, Nordrhein-Westfalen, 45130, Deutschland",51.4400761,6.9995992,,
strasse,Zipfelweg,5,,Bochold,Zipfelweg,"Zipfelweg, Bochold, Stadtbezirk IV, Essen, Nordrhein-Westfalen, 45356, Deutschland",51.4814204,6.9762256,,
strasse,Mittelstr.,5,,Katernberg; Schonnebeck; Stoppenberg,Gelsenkirchener Straße,"Gelsenkirchener Straße, Pestalozzidorf ""Im Grund"", Katernberg, Stadtbezirk VI, Essen, Nordrhein-Westfalen, 45327, Deutschland",51.488581,7.0490142,,
strasse,Lindemannstr.,16,,Steele,Hünninghausenweg,"Hünninghausenweg, Steele, Stadtbezirk VII, Essen, Nordrhein-Westfalen, 45276, Deutschland",51.4448646,7.0784868,,
strasse,Isenburgstr.,83,,Rüttenscheid; Südviertel,Isenbergstraße,"Isenbergstraße, Witteringsfeld, Rüttenscheid, Stadtbezirk II, Essen, Nordrhein-Westfalen, 45130, Deutschland",51.4377482,7.0175139,,
strasse,Hellweg,139,,Schonnebeck; Kray,Bonifaciusstraße,"Bonifaciusstraße, Kray, Stadtbezirk VII, Essen, Nordrhein-Westfalen, 45309, Deutschland",51.4769155,7.0852831,,
strasse,Kunstwerkerstraße,96,,Bergerhausen,Kunstwerkerstraße,"Kunstwerkerstraße, Bergerhausen, Stadtbezirk II, Essen, Nordrhein-Westfalen, 45136, Deutschland",51.4358798,7.053937,,
strasse,Kaiser-Wilhelm-Straße,83,,Steele,Kaiser-Wilhelm-Straße,"Kaiser-Wilhelm-Straße, Steele, Stadtbezirk VII, Essen, Nordrhein-Westfalen, 45276, Deutschland",51.4470948,7.0799914,,
strasse,Bochumer Straße,310,,Steele,Bochumer Straße,"Bochumer Straße, Steele, Stadtbezirk VII, Essen, Nordrhein-Westfalen, 45276, Deutschland",51.445718,7.0822282,,
strasse,Hohlweg,69,a,Holsterhausen; Margaretenhöhe,Hohlweg,"Hohlweg, Holsterhausen, Stadtbezirk III, Essen, Nordrhein-Westfalen, 45147, Deutschland",51.4351892,6.9858965,,
strasse,Mühlenweg,51,,Steele,Holbecks Hof,"Holbecks Hof, Steele, Stadtbezirk VII, Essen, Nordrhein-Westfalen, 45276, Deutschland",51.4506482,7.0690012,,
strasse,Rahmstr.,69,,Altenessen-Süd; Stoppenberg,Rahmstraße,"Rahmstraße, Altenessen-Süd, Altenessen, Stadtbezirk V, Essen, Nordrhein-Westfalen, 45326, Deutschland",51.4881629,7.0217731,,
strasse,Steeler Str.,26,,Stadtkern; Ostviertel; Südostviertel; Huttrop; Steele,Steeler Straße,"Steeler Straße, Südostviertel, Stadtbezirk I, Essen, Nordrhein-Westfalen, 45138, Deutschland",51.4516314,7.0288989,,
strasse,Heißener Str.,115,,Borbeck-Mitte,Heißener Weg,"Heißener Weg, Borbeck-Mitte, Stadtbezirk IV, Essen, Nordrhein-Westfalen, 45355, Deutschland",51.4649603,6.9444666,,
strasse,Frillendorfer Str.,90,,Frillendorf; Kray,Franz-Fischer-Weg,"Franz-Fischer-Weg, Frillendorf, Stadtbezirk I, Essen, Nordrhein-Westfalen, 45139, Deutschland",51.4596007,7.0482012,,
strasse,Kruppstr.,209,,Holsterhausen; Südviertel,Kruppstraße,"Kruppstraße, Sternviertel, Südviertel, Stadtbezirk I, Essen, Nordrhein-Westfalen, 45128, Deutschland",51.4500187,7.0129038,,
strasse,Werdener Str.,1,c,Heisingen,Lanfermannfähre,"Lanfermannfähre, Heisingen, Stadtbezirk VIII, Essen, Nordrhein-Westfalen, 45259, Deutschland",51.4054804,7.0457478,,
strasse,Haus-Horl-Straße,6,,Dellwig; Gerschede,Haus-Horl-Straße,"Haus-Horl-Straße, Dellwig, Stadtbezirk IV, Essen, Nordrhein-Westfalen, 45357, Deutschland",51.4935668,6.9485518,,
strasse,Gartenkamp,23,,Altendorf; Frohnhausen; Schonnebeck,Nöggerathstraße,"Nöggerathstraße, Schönebeck, Stadtbezirk IV, Essen, Nordrhein-Westfalen, 45359, Deutschland",51.4606075,6.9546558,,
strasse,Hermann-Göring-Straße,7,,Rüttenscheid; Südviertel,Rüttenscheider Straße,"Rüttenscheider Straße, Sternviertel, Südviertel, Stadtbezirk I, Essen, Nordrhein-Westfalen, 45128, Deutschland",51.4429006,7.0069071,,
strasse,Moosstr.,14,b,Bedingrade,Moosstraße,"Moosstraße, Bedingrade, Stadtbezirk IV, Essen, Nordrhein-Westfalen, 45359, Deutschland",51.4698795,6.9285105,,
strasse,Friedrich-Lange-Straße,45,,Bochold,Friedrich-Lange-Straße,"Friedrich-Lange-Straße, Bochold, Stadtbezirk IV, Essen, Nordrhein-Westfalen, 45356, Deutschland",51.476609,6.981936,,
strasse,Schlackenstr.,17,,Vogelheim; Altenessen-Süd,Schlackenstraße,"Schlackenstraße, Vogelheim, Stadtbezirk V, Essen, Nordrhein-Westfalen, 45356, Deutschland",51.4816494,6.9849398,,
strasse,Maxstr.,12,,Stadtkern; Westviertel,Maxstraße,"Maxstraße, Stadtkern, Stadtbezirk I, Essen, Nordrhein-Westfalen, 45127, Deutschland",51.4526489,7.0075634,,
strasse,Kaupenstr.,25,,Südviertel; Holsterhausen,Kaupenstraße,"Kaupenstraße, Südviertel, Holsterhausen, Stadtbezirk I, Essen, Nordrhein-Westfalen, 45128, Deutschland",51.4438276,7.0016501,,
strasse,Dinslaker Str.,11,,Altendorf; Bochold,Dinslaker Straße,"Dinslaker Straße, Bochold, Stadtbezirk IV, Essen, Nordrhein-Westfalen, 45143, Deutschland",51.4708884,6.9774194,,
strasse,Gladbecker Str.,414,a,Stadtkern; Nordviertel; Altenessen-Süd; Altenessen-Nord; Vogelheim; Karnap,Gladbecker Straße,"Gladbecker Straße, Karnap, Stadtbezirk V, Essen, Nordrhein-Westfalen, 45329, Deutschland",51.5135492,6.9906797,,
strasse,Bochumer Straße,128,,Steele,Bochumer Straße,"Bochumer Straße, Steele, Stadtbezirk VII, Essen, Nordrhein-Westfalen, 45276, Deutschland",51.445718,7.0822282,,
strasse,Borner Weg,4,,Werden; Heidhausen,Klemensborn,"Klemensborn, Werden, Stadtbezirk IX, Essen, Nordrhein-Westfalen, 45239, Deutschland",51.3851344,7.0060092,,
strasse,Mülheimer Weg,6,,Schuir; Werden,Schuirweg,"Schuirweg, Werden, Stadtbezirk IX, Essen, Nordrhein-Westfalen, 45239, Deutschland",51.3822828,6.9810412,,
strasse,Holsterhauser Str.,76,,Holsterhausen; Südviertel,Holsterhauser Straße,"Holsterhauser Straße, Holsterhausen, Stadtbezirk III, Essen, Nordrhein-Westfalen, 45147, Deutschland",51.4369191,6.9880913,,
strasse,Söllingstr.,12,,Ostviertel,Söllingstraße,"Söllingstraße, Ostviertel, Stadtbezirk I, Essen, Nordrhein-Westfalen, 45127, Deutschland",51.4578738,7.0209919,,
strasse,Hermann-Göring-Straße,454,,Bredeney; Werden,Bredeneyer Straße,"Bredeneyer Straße, Werden, Stadtbezirk IX, Essen, Nordrhein-Westfalen, 45133, Deutschland",51.3874572,6.9979667,,
strasse,Hölle,6,,Werden,Hölle,"Hölle, Werden, Stadtbezirk IX, Essen, Nordrhein-Westfalen, 45239, Deutschland",51.3874919,7.0009922,,
strasse,Schwarze Poth,1,,Stadtkern,Porschekanzel,"Porschekanzel, Stadtkern, Stadtbezirk I, Essen, Nordrhein-Westfalen, 45127, Deutschland",51.4569806,7.0128336,,
strasse,Münstersteinbruch,15,,Holsterhausen,Münstersteinbruch,"Münstersteinbruch, Holsterhausen, Stadtbezirk III, Essen, Nordrhein-Westfalen, 45147, Deutschland",51.4437988,6.9915087,,
strasse,Weiglestr.,6,,Südviertel,Weiglestraße,"Weiglestraße, Sternviertel, Südviertel, Stadtbezirk I, Essen, Nordrhein-Westfalen, 45128, Deutschland",51.449785,7.0187325,,
strasse,Bottroper Str.,495,,Nordviertel; Bochold; Altenessen-Süd; Bergeborbeck; Dellwig; Gerschede,Bottroper Straße,"Bottroper Straße, Bochold, Stadtbezirk IV, Essen, Nordrhein-Westfalen, 45356, Deutschland",51.4762629,6.9836631,,
strasse,Gebhardtstraße,49,,Holsterhausen,Gebhardtstraße,"Gebhardtstraße, Holsterhausen, Stadtbezirk III, Essen, Nordrhein-Westfalen, 45147, Deutschland",51.4375108,6.9855891,,
strasse,Huyssenallee,77,,Südviertel,Huyssenallee,"Huyssenallee, Sternviertel, Südviertel, Stadtbezirk I, Essen, Nordrhein-Westfalen, 45128, Deutschland",51.4474965,7.0106927,,
strasse,Wächtlerstr.,,,Südostviertel,Wächtlerstraße,"Wächtlerstraße, Südostviertel, Stadtbezirk I, Essen, Nordrhein-Westfalen, 45139, Deutschland",51.451284,7.0232209,,
strasse,Bochumer Straße,85,,Steele,Bochumer Straße,"Bochumer Straße, Steele, Stadtbezirk VII, Essen, Nordrhein-Westfalen, 45276, Deutschland",51.445718,7.0822282,,
strasse,Borbecker Straße,109,,Borbeck-Mitte; Bochold,Borbecker Straße,"Borbecker Straße, Borbeck-Mitte, Stadtbezirk IV, Essen, Nordrhein-Westfalen, 45355, Deutschland",51.4718344,6.9511532,,
strasse,Waldtrautstr.,16,,Bredeney,Waldtrautstraße,"Waldtrautstraße, Bredeney, Stadtbezirk IX, Essen, Nordrhein-Westfalen, 45133, Deutschland",51.4142432,7.0059874,,
strasse,Steeler Str.,10,,Stadtkern; Ostviertel; Südostviertel; Huttrop; Steele,Steeler Straße,"Steeler Straße, Südostviertel, Stadtbezirk I, Essen, Nordrhein-Westfalen, 45138, Deutschland",51.4516314,7.0288989,,
strasse,Hochstr.,7,,Werden,Propsteistraße,"Propsteistraße, Werden, Stadtbezirk IX, Essen, Nordrhein-Westfalen, 45239, Deutschland",51.3885561,7.005427,,
strasse,Bochumer Straße,342,,Steele,Bochumer Straße,"Bochumer Straße, Steele, Stadtbezirk VII, Essen, Nordrhein-Westfalen, 45276, Deutschland",51.445718,7.0822282,,
strasse,Segerothstr.,9,,Nordviertel; Westviertel,Segerothstraße,"Segerothstraße, Segeroth, Nordviertel, Stadtbezirk I, Essen, Nordrhein-Westfalen, 45141, Deutschland",51.4661569,7.0003318,,
strasse,Heißener Str.,56,,Borbeck-Mitte,Heißener Weg,"Heißener Weg, Borbeck-Mitte, Stadtbezirk IV, Essen, Nordrhein-Westfalen, 45355, Deutschland",51.4649603,6.9444666,,
strasse,Hatzper Str.,69,,Bredeney; Haarzopf; Margaretenhöhe; Schuir,Hatzper Straße,"Hatzper Straße, Haarzopf, Stadtbezirk III, Essen, Nordrhein-Westfalen, 45149, Deutschland",51.4199097,6.9594682,,
strasse,Bahnhofstr.,38,,Heisingen,Bahnhofstraße,"Bahnhofstraße, Heisingen, Stadtbezirk VIII, Essen, Nordrhein-Westfalen, 45259, Deutschland",51.4012523,7.0643226,,
strasse,Curtiusstr,119,,Frohnhausen,Curtiusstraße,"Curtiusstraße, Frohnhausen, Stadtbezirk III, Essen, Nordrhein-Westfalen, 45144, Deutschland",51.4533971,6.9755083,,
strasse,Felgendreherstr.,27,,Südostviertel; Huttrop,Kaisershofstraße,"Kaisershofstraße, Huttrop, Stadtbezirk I, Essen, Nordrhein-Westfalen, 45139, Deutschland",51.454154,7.0378382,,
strasse,Wächtlerstraße,44,,Südostviertel,Wächtlerstraße,"Wächtlerstraße, Südostviertel, Stadtbezirk I, Essen, Nordrhein-Westfalen, 45139, Deutschland",51.451284,7.0232209,,
strasse,Steeler Str.,42,,Stadtkern; Ostviertel; Südostviertel; Huttrop; Steele,Steeler Straße,"Steeler Straße, Südostviertel, Stadtbezirk I, Essen, Nordrhein-Westfalen, 45138, Deutschland",51.4516314,7.0288989,,
strasse,Bottroper Str.,512,,Nordviertel; Bochold; Altenessen-Süd; Bergeborbeck; Dellwig; Gerschede,Bottroper Straße,"Bottroper Straße, Bochold, Stadtbezirk IV, Essen, Nordrhein-Westfalen, 45356, Deutschland",51.4762629,6.9836631,,
strasse,Ulmenhof,26,,Stadtwald,Ulmenhof,"Ulmenhof, Stadtwald, Stadtbezirk II, Essen, Nordrhein-Westfalen, 45133, Deutschland",51.4285905,7.0180896,,
strasse,Amixstr.,40,,Altendorf,Amixstraße,"Amixstraße, Altendorf, Stadtbezirk III, Essen, Nordrhein-Westfalen, 45143, Deutschland",51.4646393,6.9793693,,
strasse,Wolfsbankstr.,90,,Bochold,Wolfsbankstraße,"Wolfsbankstraße, Bochold, Stadtbezirk IV, Essen, Nordrhein-Westfalen, 45355, Deutschland",51.4733217,6.9605418,,
strasse,Danziger Str.,15,,Frohnhausen,Danziger Straße,"Danziger Straße, Frohnhausen, Stadtbezirk III, Essen, Nordrhein-Westfalen, 45145, Deutschland",51.4466608,6.9610481,,
strasse,Drehscheibe,67,,Überruhr-Hinsel,Drehscheibe,"Drehscheibe, Überruhr-Hinsel, Stadtbezirk VIII, Essen, Nordrhein-Westfalen, 45277, Deutschland",51.4376759,7.0808115,,
strasse,Kruppstr.,188,,Holsterhausen; Südviertel,Kruppstraße,"Kruppstraße, Sternviertel, Südviertel, Stadtbezirk I, Essen, Nordrhein-Westfalen, 45128, Deutschland",51.4500187,7.0129038,,
strasse,Hermann-Göring-Straße,316,,Rüttenscheid; Südviertel,Rüttenscheider Straße,"Rüttenscheider Straße, Sternviertel, Südviertel, Stadtbezirk I, Essen, Nordrhein-Westfalen, 45128, Deutschland",51.4429006,7.0069071,,
strasse,Altenbergstr.,23,,Nordviertel,Altenbergstraße,"Altenbergstraße, Eltingviertel, Nordviertel, Stadtbezirk I, Essen, Nordrhein-Westfalen, 45141, Deutschland",51.4701231,7.0127422,,
strasse,Drehscheibe,38,,Überruhr-Hinsel,Drehscheibe,"Drehscheibe, Überruhr-Hinsel, Stadtbezirk VIII, Essen, Nordrhein-Westfalen, 45277, Deutschland",51.4376759,7.0808115,,
strasse,Amixstraße,53,,Altendorf,Amixstraße,"Amixstraße, Altendorf, Stadtbezirk III, Essen, Nordrhein-Westfalen, 45143, Deutschland",51.4646393,6.9793693,,
strasse,Akazienallee,29,,Stadtkern,Akazienallee,"Akazienallee, Stadtkern, Stadtbezirk I, Essen, Nordrhein-Westfalen, 45127, Deutschland",51.4540366,7.0142545,,
strasse,Kirchstr.,17,,Stadtkern,Kreuzeskirchstraße,"Kreuzeskirchstraße, Stadtkern, Stadtbezirk I, Essen, Nordrhein-Westfalen, 45127, Deutschland",51.4591966,7.0092543,,
strasse,Martin-Luther-Straße,109,,Frohnhausen; Holsterhausen,Martin-Luther-Straße,"Martin-Luther-Straße, Holsterhausen, Stadtbezirk III, Essen, Nordrhein-Westfalen, 45147, Deutschland",51.44498,6.9865093,,
strasse,Sterkrader Str.,59,,Altendorf,Sterkrader Straße,"Sterkrader Straße, Altendorf, Stadtbezirk III, Essen, Nordrhein-Westfalen, 45143, Deutschland",51.4697486,6.980177,,
strasse,Walpurgisstraße,233,,Bergerhausen; Stadtwald; Rellinghausen,Im Walpurgistal,"Im Walpurgistal, Bergerhausen, Stadtbezirk II, Essen, Nordrhein-Westfalen, 45136, Deutschland",51.4310078,7.0223287,,
strasse,Bruckmannstr.,161,a,Katernberg; Altenessen-Süd,Stauderstraße,"Stauderstraße, Altenessen-Süd, Altenessen, Stadtbezirk V, Essen, Nordrhein-Westfalen, 45326, Deutschland",51.4978652,7.0238525,,
strasse,Lordstr.,52,,Südviertel; Holsterhausen,Mörikestraße,"Mörikestraße, Holsterhausen, Stadtbezirk III, Essen, Nordrhein-Westfalen, 45147, Deutschland",51.4439558,6.9997462,,
strasse,Schönaichstr.,4,,Altendorf,Schönaichstraße,"Schönaichstraße, Altendorf, Stadtbezirk III, Essen, Nordrhein-Westfalen, 45143, Deutschland",51.4582605,6.9728066,,
strasse,Schederhofstr.,52,,Holsterhausen; Südviertel; Westviertel,Schederhofstraße,"Schederhofstraße, Holsterhausen, Stadtbezirk III, Essen, Nordrhein-Westfalen, 45145, Deutschland",51.4524051,6.9882275,,
strasse,Gärtnerstr.,27,,Südviertel,Gärtnerstraße,"Gärtnerstraße, Sternviertel, Südviertel, Stadtbezirk I, Essen, Nordrhein-Westfalen, 45128, Deutschland",51.4472518,7.0175612,,
strasse,Moltkestr.,13,,Bergerhausen; Huttrop; Südostviertel; Südviertel,Moltkestraße,"Moltkestraße, Sternviertel, Südviertel, Stadtbezirk I, Essen, Nordrhein-Westfalen, 45128, Deutschland",51.4426409,7.0182364,,
strasse,Schederhofstraße,111,,Holsterhausen; Südviertel; Westviertel,Schederhofstraße,"Schederhofstraße, Holsterhausen, Stadtbezirk III, Essen, Nordrhein-Westfalen, 45145, Deutschland",51.4524051,6.9882275,,
strasse,II. Weberstraße,22,,Stadtkern,Gerswidastraße,"Gerswidastraße, Stadtkern, Stadtbezirk I, Essen, Nordrhein-Westfalen, 45127, Deutschland",51.4588814,7.0092186,,
strasse,Schwanenkampstraße,103,,Westviertel,Schwanenkampstraße,"Schwanenkampstraße, Westviertel, Stadtbezirk I, Essen, Nordrhein-Westfalen, 45127, Deutschland",51.4555176,7.0029094,,
strasse,Humannstraße,22,,Steele,Humannstraße,"Humannstraße, Steele, Stadtbezirk VII, Essen, Nordrhein-Westfalen, 45276, Deutschland",51.4492283,7.0764338,,
strasse,Herkulesstr.,69,,Ostviertel,Herkulesstraße,"Herkulesstraße, Ostviertel, Stadtbezirk I, Essen, Nordrhein-Westfalen, 45127, Deutschland",51.454425,7.021811,,
strasse,Peterstr.,31,,Fischlaken,Am Lünink,"Am Lünink, Fischlaken, Stadtbezirk IX, Essen, Nordrhein-Westfalen, 45239, Deutschland",51.3874147,7.0324903,,
strasse,Schäferstr.,27,,Südviertel,Schäferstraße,"Schäferstraße, Sternviertel, Südviertel, Stadtbezirk I, Essen, Nordrhein-Westfalen, 45128, Deutschland",51.4466725,7.0158253,,
strasse,Stinnesstr.,135,,Stoppenberg,Honigmannstraße,"Honigmannstraße, Stoppenberg, Stadtbezirk VI, Essen, Nordrhein-Westfalen, 45141, Deutschland",51.4669918,7.0389382,,
strasse,Wächtlerstr.,18,,Südostviertel,Wächtlerstraße,"Wächtlerstraße, Südostviertel, Stadtbezirk I, Essen, Nordrhein-Westfalen, 45139, Deutschland",51.451284,7.0232209,,
strasse,Von-der-Tann-Straße,27,,Südostviertel,Von-der-Tann-Straße,"Von-der-Tann-Straße, Südostviertel, Stadtbezirk I, Essen, Nordrhein-Westfalen, 45139, Deutschland",51.4520241,7.0290714,,
strasse,Fliegenbuschweg,22,,Schonnebeck,Fliegenbuschweg,"Fliegenbuschweg, Schönebeck, Stadtbezirk IV, Essen, Nordrhein-Westfalen, 45359, Deutschland",51.4625853,6.9508874,,
strasse,Hespertaler Landstr.,8,,Fischlaken; Heidhausen; Kupferdreh,Hammer Straße,"Hammer Straße, Unterhesper, Heidhausen, Stadtbezirk IX, Essen, Nordrhein-Westfalen, 45239, Deutschland",51.3842677,7.0320187,,
strasse,Lohstraße,21,,Bedingrade,Lohstraße,"Lohstraße, Bedingrade, Stadtbezirk IV, Essen, Nordrhein-Westfalen, 45359, Deutschland",51.4635057,6.9229279,,
strasse,Helbingstr.,14,,Südviertel,Helbingstraße,"Helbingstraße, Sternviertel, Südviertel, Stadtbezirk I, Essen, Nordrhein-Westfalen, 45128, Deutschland",51.4473774,7.0201011,,
