stufe,strasse_roh,hausnr,hausnr_zusatz,stadtteil,strasse_heute,display_name,lat,lon,urteil,bemerkung,gruppe
haus,Klementinenstr.,13,,Rüttenscheid,Brassertstraße,"13, Brassertstraße, Witteringsfeld, Rüttenscheid, Stadtbezirk II, Essen, Nordrhein-Westfalen, 45130, Deutschland",51.4356528,7.006496742859226,richtig,,neu_gross
haus,Heidhausener Str.,62,,Heidhausen; Fischlaken,Heidhauser Straße,"Dr. med. dent. Jörg Müller Dr. med. dent. Sebastian Müller Dr. med. dent. Frank Lüning, 62, Heidhauser Straße, Heidhausen, Stadtbezirk IX, Essen, Nordrhein-Westfalen, 45239, Deutschland",51.3850068,7.0252136,richtig,,neu_gross
haus,Eickenscheidter Str.,25,,Frillendorf; Kray,Am Zehnthof,"25, Am Zehnthof, Frillendorf, Stadtbezirk I, Essen, Nordrhein-Westfalen, 45139, Deutschland",51.4588465,7.054366789212357,richtig,Plan 1935 zeigt Nachfolgername Am Zehnthof (Dickhoff: seit 1933-05-08); Buch führt ursprünglichen Namen weiter,neu_gross
haus,Ueberruhrstraße,446,a,Überruhr-Hinsel; Überruhr-Holthausen; Burgaltendorf,Überruhrstraße,"446a, Überruhrstraße, Überruhr-Holthausen, Stadtbezirk VIII, Essen, Nordrhein-Westfalen, 45277, Deutschland",51.4175391,7.094382371101364,richtig,,neu_gross
haus,De-Wolf-Straße,5,,Altenessen-Süd,De-Wolff-Straße,"5, De-Wolff-Straße, Großenbruch, Altenessen-Süd, Altenessen, Stadtbezirk V, Essen, Nordrhein-Westfalen, 45326, Deutschland",51.480722,7.001496213579349,richtig,,neu_gross
haus,Karl-Funke-Straße,19,,Heisingen,Carl-Funke-Straße,"19, Carl-Funke-Straße, Heisingen, Stadtbezirk VIII, Essen, Nordrhein-Westfalen, 45259, Deutschland",51.40089985,7.056447042933563,richtig,,neu_gross
haus,Kerchhoffstr.,20,b,Frohnhausen,Kerckhoffstraße,"20b, Kerckhoffstraße, Frohnhausen, Stadtbezirk III, Essen, Nordrhein-Westfalen, 45144, Deutschland",51.4528419,6.985017,richtig,,neu_gross
haus,Fischlakener Str.,50,,Fischlaken,Fischlaker Straße,"50, Fischlaker Straße, Fischlaken, Stadtbezirk IX, Essen, Nordrhein-Westfalen, 45239, Deutschland",51.3902433,7.027744586560536,richtig,,neu_gross
haus,Köln-Mindener Straße,51,,Stoppenberg; Katernberg,Köln-Mindener-Straße,"51, Köln-Mindener-Straße, Stoppenberg, Stadtbezirk VI, Essen, Nordrhein-Westfalen, 45327, Deutschland",51.48908915,7.026444479958677,richtig,,neu_gross
haus,Kißmanns-Berg,41,,Bedingrade,Kißmanns Berg,"41, Kißmanns Berg, Bedingrade, Stadtbezirk IV, Essen, Nordrhein-Westfalen, 45359, Deutschland",51.4628127,6.9201196302870995,richtig,,neu_gross
haus,Kerkhoffstr.,59,,Frohnhausen,Kerckhoffstraße,"59, Kerckhoffstraße, Frohnhausen, Stadtbezirk III, Essen, Nordrhein-Westfalen, 45144, Deutschland",51.4520344,6.981630570212767,richtig,,neu_gross
haus,Krimhildenstraße,9,,Kray,Kriemhildenstraße,"9, Kriemhildenstraße, Kray, Stadtbezirk VII, Essen, Nordrhein-Westfalen, 45307, Deutschland",51.463457500000004,7.085622932985656,richtig,,neu_gross
haus,Kellermannsbusch,57,,Stadtwald,Kellermanns Busch,"57, Kellermanns Busch, Stadtwald, Stadtbezirk II, Essen, Nordrhein-Westfalen, 45134, Deutschland",51.4189279,7.028567664354066,richtig,,neu_gross
haus,Yorkstr.,16,,Nordviertel,Altenbergstraße,"16, Altenbergstraße, Eltingviertel, Nordviertel, Stadtbezirk I, Essen, Nordrhein-Westfalen, 45141, Deutschland",51.469897200000005,7.011303494793816,richtig,Plan 1935 zeigt Nachfolgername Altenbergstraße (Dickhoff: seit 1931-12-11); Buch führt alten Namen weiter,neu_gross
haus,Flashofstraße,13,,Ostviertel,Flashoffstraße,"13, Flashoffstraße, Ostviertel, Stadtbezirk I, Essen, Nordrhein-Westfalen, 45127, Deutschland",51.4568594,7.022565249987183,richtig,,neu_gross
haus,Am Wertschemm,1,,Karnap,Am Werthschemm,"1, Am Werthschemm, Karnap, Stadtbezirk V, Essen, Nordrhein-Westfalen, 45329, Deutschland",51.5179778,6.99723,richtig,,neu_gross
haus,Richard Wagner Straße,34,,Südviertel; Rüttenscheid,Richard-Wagner-Straße,"34, Richard-Wagner-Straße, Sternviertel, Südviertel, Stadtbezirk I, Essen, Nordrhein-Westfalen, 45128, Deutschland",51.443186600000004,7.022204909285714,richtig,,neu_gross
haus,Holsterhausener Str.,17,,Heidhausen,Honnschaftenstraße,"17, Honnschaftenstraße, Heidhausen, Stadtbezirk IX, Essen, Nordrhein-Westfalen, 45239, Deutschland",51.372309099999995,7.013473251865674,richtig,,neu_gross
haus,Isingertor,4,,Steele,Isinger Tor,"Geno Bank Essen, 4, Isinger Tor, Steele, Stadtbezirk VII, Essen, Nordrhein-Westfalen, 45276, Deutschland",51.4485657,7.0772614,unklar,schwer zu lesen und zu bewerten,neu_gross
haus,Hstr.,10,a,Kray,Rüggenhofer Weg,"10a, Rüggenhofer Weg, Kray, Stadtbezirk VII, Essen, Nordrhein-Westfalen, 45309, Deutschland",51.47667635,7.08215498992011,richtig,,neu_gross
haus,Rahmanns Weg,22,,Überruhr-Holthausen,Schaffelhofer Weg,"22, Schaffelhofer Weg, Überruhr-Holthausen, Stadtbezirk VIII, Essen, Nordrhein-Westfalen, 45277, Deutschland",51.4187295,7.079696828820234,richtig,,neu_gross
haus,Ölberg,10,,Katernberg,Oelberg,"10, Oelberg, Pestalozzidorf ""Im Grund"", Katernberg, Stadtbezirk VI, Essen, Nordrhein-Westfalen, 45327, Deutschland",51.492576,7.052399201425553,richtig,Plan 1935 zeigt Vorgängername Niermannstraße; Dickhoff: umbenannt 1935-01-14,neu_gross
haus,Lohmannskamp,9,,Bedingrade,Lohmanns Kamp,"9, Lohmanns Kamp, Bedingrade, Stadtbezirk IV, Essen, Nordrhein-Westfalen, 45359, Deutschland",51.464582449999995,6.919738030746929,richtig,,neu_gross
haus,Kißmannsberg,39,,Bedingrade,Kißmanns Berg,"39, Kißmanns Berg, Bedingrade, Stadtbezirk IV, Essen, Nordrhein-Westfalen, 45359, Deutschland",51.46289695,6.919999102729651,richtig,,neu_gross
haus,Leisers-Feld,9,,Frohnhausen,Leisers Feld,"9, Leisers Feld, Frohnhausen, Stadtbezirk III, Essen, Nordrhein-Westfalen, 45144, Deutschland",51.45178315,6.96450891316741,richtig,,neu_gross
haus,Lüschershoffstr.,67,,Bergeborbeck,Lüschershofstraße,"67, Lüschershofstraße, Bergeborbeck, Stadtbezirk IV, Essen, Nordrhein-Westfalen, 45356, Deutschland",51.4902972,6.9724033,richtig,,neu_gross
haus,Bstr.,12,,Kray,Erinweg,"12, Erinweg, Kray, Stadtbezirk VII, Essen, Nordrhein-Westfalen, 45309, Deutschland",51.47527805,7.077039644234111,richtig,,neu_gross
haus,Grashoffstr.,35,,Bredeney,Grashofstraße,"35, Grashofstraße, Bredeney, Stadtbezirk IX, Essen, Nordrhein-Westfalen, 45133, Deutschland",51.41534865,6.990058250000002,richtig,,neu_gross
haus,Schederhoffstr.,60,b,Holsterhausen; Südviertel; Westviertel,Schederhofstraße,"60, Schederhofstraße, Holsterhausen, Stadtbezirk III, Essen, Nordrhein-Westfalen, 45145, Deutschland",51.450757,6.9932954999999986,richtig,,neu_gross
haus,Wenneswaldstr.,3,,Rellinghausen,Weneswaldstraße,"3, Weneswaldstraße, Rellinghausen, Stadtbezirk II, Essen, Nordrhein-Westfalen, 45134, Deutschland",51.4249303,7.053974014019851,richtig,,neu_gross
haus,Cstr.,15,,Kray,Zollernweg,"15, Zollernweg, Kray, Stadtbezirk VII, Essen, Nordrhein-Westfalen, 45309, Deutschland",51.47569245,7.076844663942303,richtig,,neu_gross
haus,Dstr.,6,,Kray,Teutoburger Weg,"6, Teutoburger Weg, Kray, Stadtbezirk VII, Essen, Nordrhein-Westfalen, 45309, Deutschland",51.47519375,7.078683892346939,richtig,,neu_gross
haus,Josefinenstr.,14,,Kray,Kamblickweg,"14, Kamblickweg, Kray, Stadtbezirk VII, Essen, Nordrhein-Westfalen, 45307, Deutschland",51.4658088,7.081791270977633,richtig,,neu_gross
haus,Gerichtstr.,9,,Borbeck-Mitte,Gerichtsstraße,"9, Gerichtsstraße, Borbeck-Mitte, Stadtbezirk IV, Essen, Nordrhein-Westfalen, 45355, Deutschland",51.47366585,6.9542762898703785,richtig,,neu_gross
haus,Weisbachstr.,2,,Huttrop,Weißbachstraße,"2, Weißbachstraße, Huttrop, Stadtbezirk I, Essen, Nordrhein-Westfalen, 45136, Deutschland",51.441169099999996,7.024382120861388,richtig,,neu_gross
haus,Kösters-Busch,31,,Stoppenberg,Kösters Busch,"31, Kösters Busch, Stoppenberg, Stadtbezirk VI, Essen, Nordrhein-Westfalen, 45141, Deutschland",51.46937475,7.03803707448023,richtig,Plan 1935 zeigt Vorgängername Zechenstraße; Dickhoff: umbenannt 1936-01-15,neu_gross
haus,Copernikusstr.,22,a,Altendorf,Kopernikusstraße,"22a, Kopernikusstraße, Altendorf, Stadtbezirk III, Essen, Nordrhein-Westfalen, 45143, Deutschland",51.459946,6.97243550639188,richtig,,neu_gross
haus,Große-Leining,39,,Stoppenberg,Große Leining,"39, Große Leining, Stoppenberg, Stadtbezirk VI, Essen, Nordrhein-Westfalen, 45141, Deutschland",51.47454435,7.032744912074277,richtig,,neu_gross
haus,Lampferhoffstr.,16,,Altenessen-Süd,Lampferhofstraße,"16, Lampferhofstraße, Altenessen-Süd, Altenessen, Stadtbezirk V, Essen, Nordrhein-Westfalen, 45326, Deutschland",51.49886375,7.022436893773966,richtig,,neu_gross
haus,Oberhausener Str.,136,,Bedingrade; Frintrop,Oberhauser Straße,"136, Oberhauser Straße, Bedingrade, Stadtbezirk IV, Essen, Nordrhein-Westfalen, 45359, Deutschland",51.474293349999996,6.898360084590164,richtig,,neu_gross
strasse,Schlenhoffstr.,66,,Nordviertel,Schlenhofstraße,"Schlenhofstraße, Segeroth, Nordviertel, Stadtbezirk I, Essen, Nordrhein-Westfalen, 45141, Deutschland",51.4652089,7.0080482,richtig,,neu_rest
haus,Friederickenstr.,23,,Rüttenscheid,Friederikenstraße,"23, Friederikenstraße, Witteringsfeld, Rüttenscheid, Stadtbezirk II, Essen, Nordrhein-Westfalen, 45130, Deutschland",51.44055215,7.014581593327632,richtig,,neu_rest
haus,Ueckendorfer Str.,57,,Katernberg,Ückendorfer Straße,"57, Ückendorfer Straße, Pestalozzidorf ""Im Grund"", Katernberg, Stadtbezirk VI, Essen, Nordrhein-Westfalen, 45327, Deutschland",51.4918427,7.0538703,richtig,Plan 1935 zeigt Vorgängername Rotthausener Straße; Dickhoff: umbenannt 1935-11-14,neu_rest
haus,Leisersfeld,3,,Frohnhausen,Leisers Feld,"3, Leisers Feld, Frohnhausen, Stadtbezirk III, Essen, Nordrhein-Westfalen, 45144, Deutschland",51.451835200000005,6.965269123182039,richtig,,neu_rest
haus,Estr.,6,,Kray,Beekerwerth,"6, Beekerwerth, Kray, Stadtbezirk VII, Essen, Nordrhein-Westfalen, 45309, Deutschland",51.47536715,7.079305265524776,richtig,,neu_rest
haus,Morsehoffstr.,15,,Südostviertel,Morsehofstraße,"15, Morsehofstraße, Südostviertel, Stadtbezirk I, Essen, Nordrhein-Westfalen, 45138, Deutschland",51.44864645,7.032765714903187,richtig,,neu_rest
haus,Merziger Au,9,,Leithe,Merziger Aue,"9, Merziger Aue, Leithe, Stadtbezirk VII, Essen, Nordrhein-Westfalen, 45307, Deutschland",51.4679051,7.099754881008998,richtig,Plan 1935 zeigt Vorgängername Fliederstraße; Dickhoff: umbenannt 1935-11-14,neu_rest
haus,Schnutgenstraße,9,,Steele,Schnütgenstraße,"9, Schnütgenstraße, Steele, Stadtbezirk VII, Essen, Nordrhein-Westfalen, 45276, Deutschland",51.4462829,7.069872502918145,richtig,,neu_rest
haus,Pörtingssiepenstr.,6,,Fischlaken,Pörtingsiepen,"6, Pörtingsiepen, Mühlenberg, Fischlaken, Stadtbezirk IX, Essen, Nordrhein-Westfalen, 45239, Deutschland",51.384272100000004,7.040649600000003,richtig,,neu_rest
strasse,Klausiusstr.,68,,Altendorf,Clausiusstraße,"Clausiusstraße, Altendorf, Stadtbezirk III, Essen, Nordrhein-Westfalen, 45143, Deutschland",51.4554937,6.9625691,richtig,,neu_rest
haus,Helferichstr.,38,,Rüttenscheid,Paulinenstraße,"38, Paulinenstraße, Witteringsfeld, Rüttenscheid, Stadtbezirk II, Essen, Nordrhein-Westfalen, 45130, Deutschland",51.4345489,7.0118733,richtig,,neu_rest
haus,Wilhelm Bernsau Weg,19,,Bredeney; Werden,Wilhelm-Bernsau-Weg,"19, Wilhelm-Bernsau-Weg, Werden, Stadtbezirk IX, Essen, Nordrhein-Westfalen, 45239, Deutschland",51.38802555,6.996061813678223,richtig,Plan 1935 zeigt Vorgängername Steinhäuser Weg; Dickhoff: umbenannt 1935-06-03,neu_rest
haus,Stratmanns-Hang,25,,Gerschede,Stratmanns Hang,"25, Stratmanns Hang, Gerschede, Stadtbezirk IV, Essen, Nordrhein-Westfalen, 45357, Deutschland",51.4793172,6.931328891257719,richtig,,neu_rest
strasse,Ehrenzellerstr.,63,,Altendorf,Ehrenzeller Straße,"Ehrenzeller Straße, Altendorf, Stadtbezirk III, Essen, Nordrhein-Westfalen, 45143, Deutschland",51.4623026,6.9806042,richtig,,neu_rest
haus,Radhofstr.,39,,Altenessen-Süd,Radhoffstraße,"39, Radhoffstraße, Großenbruch, Altenessen-Süd, Altenessen, Stadtbezirk V, Essen, Nordrhein-Westfalen, 45326, Deutschland",51.479988500000005,7.003210183617587,richtig,,neu_rest
haus,Stratmanns-Hang,8,,Gerschede,Stratmanns Hang,"8, Stratmanns Hang, Gerschede, Stadtbezirk IV, Essen, Nordrhein-Westfalen, 45357, Deutschland",51.477671349999994,6.931323124094872,richtig,,neu_rest
haus,Steinhausen Str.,42,,Holsterhausen,Steinhausenstraße,"42, Steinhausenstraße, Holsterhausen, Stadtbezirk III, Essen, Nordrhein-Westfalen, 45147, Deutschland",51.437434249999995,6.986677079463604,richtig,,neu_rest
haus,Hellferichstr.,22,,Rüttenscheid,Paulinenstraße,"Cantina Italiana, 22, Paulinenstraße, Witteringsfeld, Rüttenscheid, Stadtbezirk II, Essen, Nordrhein-Westfalen, 45130, Deutschland",51.4380437,7.0125918,richtig,,neu_rest
strasse,Horsterstraße,36,,Altenessen-Süd,Unsuhrstraße,"Unsuhrstraße, Altenessen-Süd, Stadtbezirk V, Essen, Nordrhein-Westfalen, 45141, Deutschland",51.4716435,7.016952,richtig,,neu_rest
haus,Josefinenstr.,33,,Rüttenscheid,Josephinenstraße,"33, Josephinenstraße, Rüttenscheid, Stadtbezirk II, Essen, Nordrhein-Westfalen, 45131, Deutschland",51.4278971,7.003986437564625,richtig,,neu_rest
