strasse_norm,vorort,teil,zeilen,schl_nr,strasse_heute,stadtteil_heute,herkunft,heutiger_name_ab,name_davor
oberdorfstraße,,I,360,02310,Oberdorfstraße,Altendorf; Frohnhausen,heutig,1891,
berzeliusstraße,,I,331,00348,Berzeliusstraße,Frohnhausen,heutig,1961-02-22,Frohnhauser Straße (tlw.)
ruhrtalstraße,Werden,I,233,02665,Ruhrtalstraße,Kettwig; Werden,heutig,1978-03-14,Bahnhofstraße
pieperstraße,,I,197,02423,Pieperstraße,Frohnhausen,heutig,1938-10-21,
freistattstraße,,I,169,00906,Freistattstraße,Nordviertel,heutig,1957-01-23,
uhlenhautstraße,,I,158,03147,Uhlenhautstraße,Frohnhausen,heutig,1938-10-21,
loerbroksstraße,,I,134,01988,Loerbroksstraße,Frohnhausen,heutig,1938-10-21,
franz-arens-straße,,I,116,00947,Franz-Arens-Straße,Südostviertel,heutig,1967-06-29,Damannstraße (tlw.)
heilermannstraße,,I,100,01384,Heilermannstraße,Südostviertel,heutig,1967-11-29,Wächtlerstraße (tlw.)
gelsenkirchener straße,Stoppenberg,I,98,01004,Gelsenkirchener Straße,Katernberg; Schonnebeck; Stoppenberg,heutig,1892-03-29,Gelsenkirchener Straße
jenckestraße,,I,80,01591,Jenckestraße,Holsterhausen,heutig,1969-03-19,Kruppstraße (tlw.)
lorsbachstraße,,I,76,01999,Lorsbachstraße,Frohnhausen,heutig,1938-10-21,
am bocklerbaum,Kray,I,58,00061,Am Bocklerbaum,Kray,heutig,1929-07-12,Am Bocklerbaum
berzeliusstraße,,III,57,00348,Berzeliusstraße,Frohnhausen,heutig,1961-02-22,Frohnhauser Straße (tlw.)
ruhrtalstraße,Werden,II,55,02665,Ruhrtalstraße,Kettwig; Werden,heutig,1978-03-14,Bahnhofstraße
oberdorfstraße,,II,51,02310,Oberdorfstraße,Altendorf; Frohnhausen,heutig,1891,
bessemerstraße,,I,50,00350,Bessemerstraße,Bergeborbeck,heutig,1957-07-15,Schraeplerstraße (tlw.)
oberdorfstraße,,III,50,02310,Oberdorfstraße,Altendorf; Frohnhausen,heutig,1891,
mechtenbergstraße,Kray,I,40,02105,Mechtenbergstraße,Kray,heutig,1903-05-11,
pothsberg,Kupferdreh,I,39,02451,Pothsberg,Byfang; Kupferdreh,heutig,1957-01-23,
berzeliusstraße,,II,39,00348,Berzeliusstraße,Frohnhausen,heutig,1961-02-22,Frohnhauser Straße (tlw.)
drogandstraße,,I,38,00663,Drogandstraße,Borbeck-Mitte,heutig,1938-10-21,
pelzstraße,,I,37,02404,Pelzstraße,Frohnhausen,heutig,1938-10-21,
i. schnieringstraße,,I,37,02796,I. Schnieringstraße,Altenessen-Nord,heutig,1957-12-12,1. Schnieringstraße
asbeckstraße,,I,32,00195,Asbeckstraße,Bochold,heutig,1938-10-21,Milendonkweg (tlw.)
ruhrtalstraße,Werden,III,31,02665,Ruhrtalstraße,Kettwig; Werden,heutig,1978-03-14,Bahnhofstraße
dinslaker straße,,I,27,00633,Dinslaker Straße,Altendorf; Bochold,heutig,1972-09-20,
raffaelstraße,,I,27,02544,Raffaelstraße,Holsterhausen,heutig,1959-02-02,Rafaelstraße
franz-arens-straße,,II,22,00947,Franz-Arens-Straße,Südostviertel,heutig,1967-06-29,Damannstraße (tlw.)
riedheim,Schonnebeck,I,19,02534,Riedheim,Schonnebeck,heutig,1993-01-21,
erzstraße,Steele,I,18,03265,Erzstraße,Horst,heutig,1983-02-08,
pausstraße,,I,18,00989,Pausstraße,Gerschede,heutig,1977-05-11,Gartenstraße
pothsberg,Kupferdreh,II,16,02451,Pothsberg,Byfang; Kupferdreh,heutig,1957-01-23,
freistattstraße,,II,14,00906,Freistattstraße,Nordviertel,heutig,1957-01-23,
gelsenkirchener straße,Stoppenberg,II,14,01004,Gelsenkirchener Straße,Katernberg; Schonnebeck; Stoppenberg,heutig,1892-03-29,Gelsenkirchener Straße
sarnsbank,Heidhausen,II,14,02729,Sarnsbank,Heidhausen,heutig,1959-09-08,
freistattstraße,,III,14,00906,Freistattstraße,Nordviertel,heutig,1957-01-23,
dünkelbergstraße,,I,13,00677,Dünkelbergstraße,Bergeborbeck,heutig,1957-07-15,
nedelmannstraße,,I,13,02227,Nedelmannstraße,Ostviertel,heutig,1963-12-17,
sarnsbank,Heidhausen,I,12,02729,Sarnsbank,Heidhausen,heutig,1959-09-08,
franz-arens-straße,,III,12,00947,Franz-Arens-Straße,Südostviertel,heutig,1967-06-29,Damannstraße (tlw.)
breddestraße,,I,10,00432,Breddestraße,Huttrop,heutig,1962-03-11,
reulsbergweg,Kupferdreh,I,9,02588,Reulsbergweg,Kupferdreh; Byfang,heutig,1939-05-26,Steinacker
forststraße,,I,9,00887,Forststraße,Vogelheim,heutig,1939-05-26,
heilermannstraße,,II,8,01384,Heilermannstraße,Südostviertel,heutig,1967-11-29,Wächtlerstraße (tlw.)
raffaelstraße,,II,7,02544,Raffaelstraße,Holsterhausen,heutig,1959-02-02,Rafaelstraße
bramkampstraße,,I,7,00416,Bramkampstraße,Frohnhausen; Holsterhausen,heutig,1938-10-21,Brahmkampstraße
dinslaker straße,,II,6,00633,Dinslaker Straße,Altendorf; Bochold,heutig,1972-09-20,
am bocklerbaum,Kray,II,6,00061,Am Bocklerbaum,Kray,heutig,1929-07-12,Am Bocklerbaum
asthöwerstraße,,I,5,00199,Asthöwerstraße,Holsterhausen,heutig,1957-01-23,
forststraße,,II,5,00887,Forststraße,Vogelheim,heutig,1939-05-26,
am bocklerbaum,Kray,III,5,00061,Am Bocklerbaum,Kray,heutig,1929-07-12,Am Bocklerbaum
laubenhof,,I,4,01914,Laubenhof,Altenessen-Süd,heutig,1962-11-12,
pausstraße,,II,4,00989,Pausstraße,Gerschede,heutig,1977-05-11,Gartenstraße
rahmbruchsweg,Stoppenberg,I,4,02547,Rahmbruchsweg,Stoppenberg,heutig,1962-04-25,Wasserstraße
gelsenkirchener straße,Stoppenberg,III,3,01004,Gelsenkirchener Straße,Katernberg; Schonnebeck; Stoppenberg,heutig,1892-03-29,Gelsenkirchener Straße
heilermannstraße,,III,3,01384,Heilermannstraße,Südostviertel,heutig,1967-11-29,Wächtlerstraße (tlw.)
nünningstraße,Frillendorf,II,3,02280,Nünningstraße,Frillendorf,heutig,1969-01-15,
uhlenhautstraße,,III,3,03147,Uhlenhautstraße,Frohnhausen,heutig,1938-10-21,
steinbrink,,I,2,02940,Steinbrink,Bochold,heutig,1955-09-21,Wolfsbankstraße (tlw.)
stattropstraße,,I,2,02928,Stattropstraße,Huttrop,heutig,1963-12-17,
frau-bertha-krupp-straße,,I,2,00896,Frau-Bertha-Krupp-Straße,Südviertel,heutig,1957-12-12,Frau-Berta-Krupp-Straße (Verl.)
jenckestraße,,II,2,01591,Jenckestraße,Holsterhausen,heutig,1969-03-19,Kruppstraße (tlw.)
asbeckstraße,,II,2,00195,Asbeckstraße,Bochold,heutig,1938-10-21,Milendonkweg (tlw.)
lorsbachstraße,,II,2,01999,Lorsbachstraße,Frohnhausen,heutig,1938-10-21,
pieperstraße,,II,2,02423,Pieperstraße,Frohnhausen,heutig,1938-10-21,
nedelmannstraße,,III,2,02227,Nedelmannstraße,Ostviertel,heutig,1963-12-17,
raffaelstraße,,III,2,02544,Raffaelstraße,Holsterhausen,heutig,1959-02-02,Rafaelstraße
schwarze horn,,III,2,02847,Schwarze Horn,Stadtkern,heutig,1826,
reulsbergweg,Kupferdreh,II,2,02588,Reulsbergweg,Kupferdreh; Byfang,heutig,1939-05-26,Steinacker
pieperstraße,,III,2,02423,Pieperstraße,Frohnhausen,heutig,1938-10-21,
schwarze horn,,I,2,02847,Schwarze Horn,Stadtkern,heutig,1826,
drogandstraße,,II,2,00663,Drogandstraße,Borbeck-Mitte,heutig,1938-10-21,
mechtenbergstraße,Kray,II,2,02105,Mechtenbergstraße,Kray,heutig,1903-05-11,
pelzstraße,,II,2,02404,Pelzstraße,Frohnhausen,heutig,1938-10-21,
breddestraße,,II,2,00432,Breddestraße,Huttrop,heutig,1962-03-11,
riedheim,Schonnebeck,II,2,02534,Riedheim,Schonnebeck,heutig,1993-01-21,
rahmbruchsweg,Stoppenberg,II,2,02547,Rahmbruchsweg,Stoppenberg,heutig,1962-04-25,Wasserstraße
stattropstraße,,II,2,02928,Stattropstraße,Huttrop,heutig,1963-12-17,
pothsberg,Kupferdreh,III,2,02451,Pothsberg,Byfang; Kupferdreh,heutig,1957-01-23,
asthöwerstraße,,II,2,00199,Asthöwerstraße,Holsterhausen,heutig,1957-01-23,
erzstraße,Steele,II,2,03265,Erzstraße,Horst,heutig,1983-02-08,
dünkelbergstraße,,II,2,00677,Dünkelbergstraße,Bergeborbeck,heutig,1957-07-15,
i. schnieringstraße,,II,2,02796,I. Schnieringstraße,Altenessen-Nord,heutig,1957-12-12,1. Schnieringstraße
loerbroksstraße,,II,2,01988,Loerbroksstraße,Frohnhausen,heutig,1938-10-21,
uhlenhautstraße,,II,2,03147,Uhlenhautstraße,Frohnhausen,heutig,1938-10-21,
kassiepenstraße,,II,1,01669,Kassiepenstraße,Bergerhausen,heutig,1959-09-08,
münstermannstraße,,II,1,02174,Münstermannstraße,Gerschede,heutig,1963-06-25,Donnerstraße (tlw.)
nedelmannstraße,,II,1,02227,Nedelmannstraße,Ostviertel,heutig,1963-12-17,
erzstraße,Steele,III,1,03265,Erzstraße,Horst,heutig,1983-02-08,
stattropstraße,,III,1,02928,Stattropstraße,Huttrop,heutig,1963-12-17,
dinslaker straße,,III,1,00633,Dinslaker Straße,Altendorf; Bochold,heutig,1972-09-20,
münstermannstraße,,I,1,02174,Münstermannstraße,Gerschede,heutig,1963-06-25,Donnerstraße (tlw.)
kassiepenstraße,,I,1,01669,Kassiepenstraße,Bergerhausen,heutig,1959-09-08,
schleuse,Werden,I,1,02776,Schleuse,Werden,heutig,1954-02-23,
ruhrbruchshof,Steele,III,1,02660,Ruhrbruchshof,Steele,heutig,1974-09-18,
ruhrbruchshof,Steele,II,1,02660,Ruhrbruchshof,Steele,heutig,1974-09-18,
schleuse,Werden,II,1,02776,Schleuse,Werden,heutig,1954-02-23,
laubenhof,,III,1,01914,Laubenhof,Altenessen-Süd,heutig,1962-11-12,
bramkampstraße,,III,1,00416,Bramkampstraße,Frohnhausen; Holsterhausen,heutig,1938-10-21,Brahmkampstraße
gelsenkirchener straße,Schonnebeck,I,1,01004,Gelsenkirchener Straße,Katernberg; Schonnebeck; Stoppenberg,heutig,1892-03-29,Gelsenkirchener Straße
ruhrbruchshof,Steele,I,1,02660,Ruhrbruchshof,Steele,heutig,1974-09-18,
steinbrink,,II,1,02940,Steinbrink,Bochold,heutig,1955-09-21,Wolfsbankstraße (tlw.)
